stock_code,sale_lines_Y1,sale_lines_Y2,cancel_lines_Y1,cancel_lines_Y2,rate_Y1,rate_Y2
10002,296.0,71.0,7.0,0.0,0.02364864864864865,0.0
10120,44.0,28.0,1.0,0.0,0.022727272727272728,0.0
10125,80.0,91.0,0.0,0.0,0.0,0.0
10133,93.0,196.0,1.0,1.0,0.010752688172043012,0.00510204081632653
10135,150.0,171.0,1.0,1.0,0.006666666666666667,0.005847953216374269
11001,141.0,110.0,6.0,5.0,0.0425531914893617,0.045454545454545456
15034,118.0,136.0,2.0,4.0,0.01694915254237288,0.029411764705882353
15036,473.0,509.0,10.0,4.0,0.021141649048625793,0.007858546168958742
15039,163.0,139.0,1.0,3.0,0.006134969325153374,0.02158273381294964
15044A,148.0,99.0,1.0,1.0,0.006756756756756757,0.010101010101010102
15044B,129.0,60.0,0.0,1.0,0.0,0.016666666666666666
15044C,144.0,86.0,2.0,2.0,0.013888888888888888,0.023255813953488372
15044D,145.0,83.0,2.0,2.0,0.013793103448275862,0.024096385542168676
15056BL,573.0,373.0,7.0,5.0,0.012216404886561954,0.013404825737265416
15056N,614.0,532.0,14.0,7.0,0.02280130293159609,0.013157894736842105
15056P,213.0,166.0,5.0,4.0,0.023474178403755867,0.024096385542168676
15058A,60.0,89.0,2.0,4.0,0.03333333333333333,0.0449438202247191
15058B,59.0,97.0,3.0,2.0,0.05084745762711865,0.020618556701030927
15058C,50.0,71.0,2.0,0.0,0.04,0.0
15060B,320.0,134.0,6.0,1.0,0.01875,0.007462686567164179
16011,66.0,45.0,1.0,0.0,0.015151515151515152,0.0
16012,48.0,34.0,0.0,0.0,0.0,0.0
16014,39.0,52.0,0.0,0.0,0.0,0.0
16015,41.0,24.0,0.0,0.0,0.0,0.0
16016,41.0,60.0,0.0,0.0,0.0,0.0
16048,38.0,66.0,0.0,0.0,0.0,0.0
16156S,252.0,163.0,3.0,0.0,0.011904761904761904,0.0
16161P,192.0,242.0,0.0,1.0,0.0,0.004132231404958678
16161U,184.0,132.0,2.0,1.0,0.010869565217391304,0.007575757575757576
16168M,60.0,37.0,0.0,0.0,0.0,0.0
16169M,34.0,25.0,0.0,0.0,0.0,0.0
16207A,42.0,34.0,0.0,0.0,0.0,0.0
16216,44.0,42.0,3.0,0.0,0.06818181818181818,0.0
16218,34.0,59.0,0.0,0.0,0.0,0.0
16219,28.0,95.0,0.0,0.0,0.0,0.0
16225,64.0,86.0,0.0,0.0,0.0,0.0
16235,146.0,159.0,3.0,1.0,0.02054794520547945,0.006289308176100629
16236,129.0,126.0,1.0,0.0,0.007751937984496124,0.0
16237,291.0,277.0,2.0,1.0,0.006872852233676976,0.0036101083032490976
16238,103.0,121.0,0.0,0.0,0.0,0.0
16258A,44.0,51.0,0.0,1.0,0.0,0.0196078431372549
16259,24.0,31.0,3.0,1.0,0.125,0.03225806451612903
17003,221.0,226.0,3.0,3.0,0.013574660633484163,0.01327433628318584
17012A,30.0,65.0,0.0,0.0,0.0,0.0
17012B,41.0,85.0,0.0,0.0,0.0,0.0
17012C,28.0,76.0,0.0,0.0,0.0,0.0
17021,32.0,50.0,3.0,0.0,0.09375,0.0
17038,21.0,32.0,0.0,0.0,0.0,0.0
17084N,86.0,96.0,0.0,0.0,0.0,0.0
17084P,31.0,37.0,0.0,0.0,0.0,0.0
17084R,39.0,26.0,0.0,0.0,0.0,0.0
17091A,92.0,25.0,0.0,0.0,0.0,0.0
17091J,84.0,90.0,0.0,0.0,0.0,0.0
17096,52.0,24.0,0.0,0.0,0.0,0.0
17107D,42.0,45.0,1.0,0.0,0.023809523809523808,0.0
17129F,89.0,56.0,1.0,1.0,0.011235955056179775,0.017857142857142856
18007,43.0,31.0,1.0,0.0,0.023255813953488372,0.0
18094C,56.0,42.0,1.0,0.0,0.017857142857142856,0.0
18097C,143.0,67.0,0.0,2.0,0.0,0.029850746268656716
18098C,315.0,63.0,1.0,0.0,0.0031746031746031746,0.0
20615,101.0,93.0,0.0,0.0,0.0,0.0
20616,50.0,70.0,0.0,0.0,0.0,0.0
20617,62.0,42.0,0.0,0.0,0.0,0.0
20618,61.0,75.0,0.0,0.0,0.0,0.0
20619,95.0,96.0,0.0,0.0,0.0,0.0
20622,77.0,49.0,0.0,0.0,0.0,0.0
20652,95.0,76.0,0.0,0.0,0.0,0.0
20653,48.0,32.0,0.0,0.0,0.0,0.0
20654,71.0,47.0,0.0,0.0,0.0,0.0
20655,93.0,98.0,0.0,0.0,0.0,0.0
20657,85.0,33.0,0.0,0.0,0.0,0.0
20658,251.0,107.0,2.0,1.0,0.00796812749003984,0.009345794392523364
20659,76.0,60.0,0.0,0.0,0.0,0.0
20661,91.0,32.0,4.0,0.0,0.04395604395604396,0.0
20662,29.0,20.0,1.0,0.0,0.034482758620689655,0.0
20663,24.0,20.0,2.0,0.0,0.08333333333333333,0.0
20665,193.0,152.0,5.0,0.0,0.025906735751295335,0.0
20668,154.0,199.0,2.0,0.0,0.012987012987012988,0.0
20669,119.0,97.0,0.0,0.0,0.0,0.0
20674,260.0,199.0,2.0,1.0,0.007692307692307693,0.005025125628140704
20675,374.0,317.0,7.0,2.0,0.01871657754010695,0.006309148264984227
20676,521.0,437.0,10.0,3.0,0.019193857965451054,0.006864988558352402
20677,432.0,326.0,2.0,1.0,0.004629629629629629,0.003067484662576687
20679,389.0,316.0,6.0,3.0,0.015424164524421594,0.00949367088607595
20681,296.0,47.0,13.0,2.0,0.04391891891891892,0.0425531914893617
20682,355.0,230.0,13.0,5.0,0.036619718309859155,0.021739130434782608
20684,142.0,35.0,5.0,0.0,0.035211267605633804,0.0
20685,1031.0,677.0,5.0,7.0,0.004849660523763337,0.0103397341211226
20686,109.0,75.0,7.0,0.0,0.06422018348623854,0.0
20696,30.0,30.0,0.0,0.0,0.0,0.0
20699,48.0,40.0,0.0,0.0,0.0,0.0
20700,49.0,54.0,2.0,0.0,0.04081632653061224,0.0
20702,206.0,42.0,6.0,0.0,0.02912621359223301,0.0
20704,36.0,40.0,0.0,1.0,0.0,0.025
20705,25.0,25.0,0.0,1.0,0.0,0.04
20707,51.0,148.0,2.0,1.0,0.0392156862745098,0.006756756756756757
20711,531.0,523.0,5.0,7.0,0.009416195856873822,0.01338432122370937
20712,559.0,842.0,9.0,9.0,0.016100178890876567,0.010688836104513063
20713,663.0,631.0,6.0,6.0,0.00904977375565611,0.009508716323296355
20716,175.0,74.0,2.0,0.0,0.011428571428571429,0.0
20717,348.0,403.0,3.0,2.0,0.008620689655172414,0.004962779156327543
20718,640.0,550.0,4.0,5.0,0.00625,0.00909090909090909
20719,742.0,813.0,9.0,8.0,0.012129380053908356,0.00984009840098401
20723,661.0,706.0,11.0,12.0,0.01664145234493192,0.0169971671388102
20724,1009.0,1013.0,20.0,16.0,0.019821605550049554,0.01579466929911155
20725,1508.0,1538.0,36.0,44.0,0.023872679045092837,0.02860858257477243
20726,920.0,996.0,19.0,19.0,0.020652173913043477,0.019076305220883535
20727,1101.0,1254.0,23.0,21.0,0.02089009990917348,0.01674641148325359
20728,929.0,1133.0,20.0,23.0,0.021528525296017224,0.02030008826125331
20733,89.0,196.0,0.0,1.0,0.0,0.00510204081632653
20734,91.0,27.0,1.0,0.0,0.01098901098901099,0.0
20735,90.0,110.0,0.0,0.0,0.0,0.0
20748,149.0,34.0,0.0,0.0,0.0,0.0
20749,385.0,373.0,4.0,6.0,0.01038961038961039,0.0160857908847185
20750,528.0,371.0,5.0,4.0,0.00946969696969697,0.01078167115902965
20751,291.0,202.0,2.0,1.0,0.006872852233676976,0.0049504950495049506
20752,210.0,148.0,1.0,2.0,0.004761904761904762,0.013513513513513514
20754,551.0,307.0,5.0,1.0,0.009074410163339383,0.003257328990228013
20755,60.0,61.0,0.0,0.0,0.0,0.0
20756,42.0,22.0,0.0,0.0,0.0,0.0
20757,45.0,34.0,0.0,0.0,0.0,0.0
20758,53.0,41.0,1.0,0.0,0.018867924528301886,0.0
20760,60.0,22.0,0.0,0.0,0.0,0.0
20761,84.0,60.0,1.0,0.0,0.011904761904761904,0.0
20762,80.0,55.0,1.0,0.0,0.0125,0.0
20763,47.0,26.0,1.0,0.0,0.02127659574468085,0.0
20764,117.0,72.0,1.0,0.0,0.008547008547008548,0.0
20765,88.0,58.0,2.0,0.0,0.022727272727272728,0.0
20766,99.0,57.0,1.0,0.0,0.010101010101010102,0.0
20767,100.0,75.0,2.0,0.0,0.02,0.0
20768,94.0,52.0,0.0,0.0,0.0,0.0
20769,46.0,32.0,0.0,0.0,0.0,0.0
20770,130.0,72.0,2.0,0.0,0.015384615384615385,0.0
20771,100.0,39.0,1.0,0.0,0.01,0.0
20772,97.0,61.0,2.0,1.0,0.020618556701030927,0.01639344262295082
20773,96.0,24.0,1.0,0.0,0.010416666666666666,0.0
20774,75.0,45.0,1.0,0.0,0.013333333333333334,0.0
20775,49.0,62.0,0.0,0.0,0.0,0.0
20777,90.0,72.0,2.0,0.0,0.022222222222222223,0.0
20780,72.0,27.0,1.0,0.0,0.013888888888888888,0.0
20781,36.0,22.0,2.0,1.0,0.05555555555555555,0.045454545454545456
20782,60.0,21.0,2.0,0.0,0.03333333333333333,0.0
20794,21.0,23.0,2.0,2.0,0.09523809523809523,0.08695652173913043
20801,33.0,82.0,0.0,2.0,0.0,0.024390243902439025
20802,53.0,63.0,2.0,1.0,0.03773584905660377,0.015873015873015872
20803,44.0,40.0,1.0,2.0,0.022727272727272728,0.05
20819,38.0,27.0,0.0,0.0,0.0,0.0
20828,376.0,237.0,5.0,0.0,0.013297872340425532,0.0
20829,292.0,193.0,8.0,6.0,0.0273972602739726,0.031088082901554404
20830,46.0,37.0,3.0,1.0,0.06521739130434782,0.02702702702702703
20831,41.0,35.0,1.0,0.0,0.024390243902439025,0.0
20832,76.0,82.0,2.0,1.0,0.02631578947368421,0.012195121951219513
20846,84.0,85.0,0.0,0.0,0.0,0.0
20854,67.0,41.0,1.0,1.0,0.014925373134328358,0.024390243902439025
20856,63.0,61.0,1.0,1.0,0.015873015873015872,0.01639344262295082
20866,101.0,82.0,0.0,1.0,0.0,0.012195121951219513
20867,93.0,59.0,0.0,0.0,0.0,0.0
20868,25.0,42.0,0.0,0.0,0.0,0.0
20869,24.0,28.0,0.0,0.0,0.0,0.0
20886,209.0,104.0,0.0,1.0,0.0,0.009615384615384616
20893,53.0,25.0,3.0,1.0,0.05660377358490566,0.04
20897,51.0,24.0,0.0,2.0,0.0,0.08333333333333333
20902,60.0,56.0,0.0,0.0,0.0,0.0
20903,30.0,56.0,1.0,0.0,0.03333333333333333,0.0
20914,1173.0,865.0,50.0,33.0,0.042625745950554135,0.03815028901734104
20931,90.0,60.0,6.0,3.0,0.06666666666666667,0.05
20932,46.0,30.0,4.0,2.0,0.08695652173913043,0.06666666666666667
20934,43.0,32.0,4.0,4.0,0.09302325581395349,0.125
20936,42.0,31.0,2.0,1.0,0.047619047619047616,0.03225806451612903
20941,105.0,20.0,4.0,1.0,0.0380952380952381,0.05
20956,139.0,98.0,2.0,2.0,0.014388489208633094,0.02040816326530612
20961,289.0,218.0,1.0,0.0,0.0034602076124567475,0.0
20963,283.0,219.0,1.0,0.0,0.0035335689045936395,0.0
20966,327.0,97.0,1.0,0.0,0.0030581039755351682,0.0
20967,217.0,83.0,3.0,0.0,0.013824884792626729,0.0
20969,309.0,286.0,0.0,2.0,0.0,0.006993006993006993
20970,314.0,250.0,0.0,2.0,0.0,0.008
20971,637.0,501.0,8.0,4.0,0.012558869701726845,0.007984031936127744
20972,789.0,592.0,8.0,2.0,0.010139416983523447,0.0033783783783783786
20973,314.0,329.0,2.0,2.0,0.006369426751592357,0.0060790273556231
20974,487.0,360.0,3.0,3.0,0.006160164271047228,0.008333333333333333
20975,563.0,348.0,8.0,4.0,0.014209591474245116,0.011494252873563218
20977,303.0,186.0,1.0,4.0,0.0033003300330033004,0.021505376344086023
20978,299.0,251.0,1.0,0.0,0.0033444816053511705,0.0
20979,386.0,312.0,11.0,12.0,0.02849740932642487,0.038461538461538464
20980,39.0,20.0,0.0,1.0,0.0,0.05
20981,265.0,245.0,3.0,4.0,0.011320754716981131,0.0163265306122449
20982,326.0,243.0,3.0,3.0,0.009202453987730062,0.012345679012345678
20983,377.0,269.0,2.0,3.0,0.005305039787798408,0.011152416356877323
20984,75.0,176.0,2.0,1.0,0.02666666666666667,0.005681818181818182
20985,164.0,126.0,3.0,3.0,0.018292682926829267,0.023809523809523808
20986,93.0,108.0,0.0,0.0,0.0,0.0
20992,160.0,273.0,0.0,0.0,0.0,0.0
20996,110.0,213.0,1.0,0.0,0.00909090909090909,0.0
20997,49.0,30.0,0.0,0.0,0.0,0.0
20998,58.0,69.0,0.0,0.0,0.0,0.0
21000,42.0,50.0,0.0,0.0,0.0,0.0
21001,40.0,49.0,0.0,0.0,0.0,0.0
21002,118.0,66.0,0.0,0.0,0.0,0.0
21012,100.0,180.0,1.0,1.0,0.01,0.005555555555555556
21014,71.0,123.0,1.0,0.0,0.014084507042253521,0.0
21015,45.0,127.0,0.0,1.0,0.0,0.007874015748031496
21025,25.0,53.0,0.0,0.0,0.0,0.0
21026,57.0,63.0,0.0,0.0,0.0,0.0
21027,36.0,43.0,0.0,0.0,0.0,0.0
21028,34.0,56.0,0.0,0.0,0.0,0.0
21032,20.0,30.0,1.0,0.0,0.05,0.0
21033,273.0,300.0,1.0,1.0,0.003663003663003663,0.0033333333333333335
21034,1087.0,867.0,6.0,3.0,0.005519779208831647,0.0034602076124567475
21035,539.0,387.0,3.0,2.0,0.0055658627087198514,0.00516795865633075
21038,29.0,23.0,0.0,1.0,0.0,0.043478260869565216
21039,138.0,89.0,2.0,2.0,0.014492753623188406,0.02247191011235955
21041,273.0,257.0,3.0,3.0,0.01098901098901099,0.011673151750972763
21042,269.0,131.0,5.0,5.0,0.01858736059479554,0.03816793893129771
21043,51.0,90.0,1.0,0.0,0.0196078431372549,0.0
21051,79.0,48.0,1.0,0.0,0.012658227848101266,0.0
21054,154.0,29.0,1.0,0.0,0.006493506493506494,0.0
21055,118.0,103.0,1.0,1.0,0.00847457627118644,0.009708737864077669
21056,123.0,67.0,2.0,2.0,0.016260162601626018,0.029850746268656716
21058,155.0,120.0,0.0,1.0,0.0,0.008333333333333333
21059,127.0,91.0,2.0,1.0,0.015748031496062992,0.01098901098901099
21060,80.0,68.0,0.0,0.0,0.0,0.0
21061,82.0,81.0,1.0,0.0,0.012195121951219513,0.0
21062,63.0,73.0,0.0,0.0,0.0,0.0
21063,136.0,98.0,1.0,0.0,0.007352941176470588,0.0
21064,71.0,83.0,3.0,0.0,0.04225352112676056,0.0
21065,30.0,79.0,2.0,0.0,0.06666666666666667,0.0
21066,77.0,53.0,0.0,1.0,0.0,0.018867924528301886
21067,190.0,77.0,2.0,3.0,0.010526315789473684,0.03896103896103896
21068,177.0,193.0,5.0,3.0,0.02824858757062147,0.015544041450777202
21069,196.0,86.0,3.0,1.0,0.015306122448979591,0.011627906976744186
21070,124.0,105.0,2.0,0.0,0.016129032258064516,0.0
21071,298.0,179.0,3.0,1.0,0.010067114093959731,0.00558659217877095
21078,440.0,315.0,1.0,0.0,0.0022727272727272726,0.0
21080,1151.0,986.0,9.0,2.0,0.007819287576020852,0.002028397565922921
21082,140.0,25.0,2.0,0.0,0.014285714285714285,0.0
21084,43.0,178.0,0.0,1.0,0.0,0.0056179775280898875
21086,419.0,431.0,4.0,0.0,0.00954653937947494,0.0
21088,34.0,101.0,1.0,1.0,0.029411764705882353,0.009900990099009901
21090,61.0,213.0,0.0,3.0,0.0,0.014084507042253521
21094,458.0,527.0,5.0,0.0,0.010917030567685589,0.0
21096,38.0,104.0,1.0,0.0,0.02631578947368421,0.0
21098,356.0,229.0,4.0,1.0,0.011235955056179775,0.004366812227074236
21100,243.0,27.0,4.0,0.0,0.01646090534979424,0.0
21106,116.0,53.0,0.0,0.0,0.0,0.0
21107,217.0,96.0,0.0,0.0,0.0,0.0
21108,352.0,246.0,1.0,2.0,0.002840909090909091,0.008130081300813009
21109,111.0,91.0,1.0,0.0,0.009009009009009009,0.0
21110,198.0,135.0,2.0,1.0,0.010101010101010102,0.007407407407407408
21111,121.0,83.0,2.0,0.0,0.01652892561983471,0.0
21112,108.0,81.0,3.0,0.0,0.027777777777777776,0.0
21114,366.0,138.0,4.0,1.0,0.01092896174863388,0.007246376811594203
21115,270.0,133.0,1.0,0.0,0.003703703703703704,0.0
21116,283.0,250.0,1.0,0.0,0.0035335689045936395,0.0
21121,499.0,373.0,6.0,3.0,0.012024048096192385,0.00804289544235925
21122,469.0,343.0,1.0,3.0,0.0021321961620469083,0.008746355685131196
21123,99.0,145.0,1.0,1.0,0.010101010101010102,0.006896551724137931
21124,399.0,238.0,0.0,3.0,0.0,0.012605042016806723
21125,149.0,97.0,2.0,2.0,0.013422818791946308,0.020618556701030927
21126,162.0,118.0,2.0,0.0,0.012345679012345678,0.0
21128,21.0,35.0,0.0,0.0,0.0,0.0
21129,33.0,27.0,1.0,1.0,0.030303030303030304,0.037037037037037035
21131,22.0,26.0,0.0,0.0,0.0,0.0
21132,25.0,20.0,0.0,0.0,0.0,0.0
21135,234.0,176.0,3.0,3.0,0.01282051282051282,0.017045454545454544
21136,371.0,368.0,2.0,2.0,0.005390835579514825,0.005434782608695652
21137,260.0,341.0,2.0,5.0,0.007692307692307693,0.01466275659824047
21143,149.0,38.0,3.0,2.0,0.020134228187919462,0.05263157894736842
21147,42.0,74.0,1.0,0.0,0.023809523809523808,0.0
21154,463.0,436.0,2.0,4.0,0.004319654427645789,0.009174311926605505
21155,485.0,477.0,12.0,13.0,0.024742268041237112,0.027253668763102725
21156,575.0,343.0,8.0,8.0,0.01391304347826087,0.023323615160349854
21157,143.0,34.0,1.0,0.0,0.006993006993006993,0.0
21158,146.0,166.0,2.0,1.0,0.0136986301369863,0.006024096385542169
21159,127.0,119.0,3.0,0.0,0.023622047244094488,0.0
21161,166.0,45.0,3.0,0.0,0.018072289156626505,0.0
21162,123.0,152.0,2.0,0.0,0.016260162601626018,0.0
21163,133.0,131.0,2.0,1.0,0.015037593984962405,0.007633587786259542
21164,439.0,272.0,4.0,1.0,0.009111617312072893,0.003676470588235294
21165,529.0,440.0,5.0,1.0,0.00945179584120983,0.0022727272727272726
21166,707.0,687.0,6.0,11.0,0.008486562942008486,0.01601164483260553
21167,47.0,63.0,0.0,1.0,0.0,0.015873015873015872
21169,328.0,431.0,4.0,5.0,0.012195121951219513,0.01160092807424594
21171,188.0,73.0,0.0,0.0,0.0,0.0
21172,513.0,458.0,5.0,2.0,0.009746588693957114,0.004366812227074236
21174,602.0,510.0,3.0,0.0,0.0049833887043189366,0.0
21175,859.0,783.0,5.0,7.0,0.005820721769499418,0.008939974457215836
21179,242.0,272.0,0.0,1.0,0.0,0.003676470588235294
21181,971.0,803.0,6.0,10.0,0.006179196704428424,0.012453300124533
21187,99.0,49.0,0.0,0.0,0.0,0.0
21188,81.0,51.0,2.0,0.0,0.024691358024691357,0.0
21189,51.0,61.0,0.0,0.0,0.0,0.0
21191,107.0,88.0,0.0,0.0,0.0,0.0
21192,131.0,91.0,1.0,0.0,0.007633587786259542,0.0
21194,31.0,61.0,0.0,3.0,0.0,0.04918032786885246
21195,70.0,81.0,0.0,0.0,0.0,0.0
21198,48.0,70.0,1.0,2.0,0.020833333333333332,0.02857142857142857
21199,71.0,78.0,0.0,1.0,0.0,0.01282051282051282
21200,52.0,74.0,1.0,0.0,0.019230769230769232,0.0
21201,138.0,100.0,1.0,1.0,0.007246376811594203,0.01
21202,41.0,25.0,3.0,0.0,0.07317073170731707,0.0
21204,122.0,82.0,2.0,0.0,0.01639344262295082,0.0
21205,78.0,70.0,1.0,4.0,0.01282051282051282,0.05714285714285714
21206,129.0,111.0,3.0,1.0,0.023255813953488372,0.009009009009009009
21207,150.0,131.0,4.0,0.0,0.02666666666666667,0.0
21208,38.0,79.0,1.0,4.0,0.02631578947368421,0.05063291139240506
21209,48.0,85.0,2.0,5.0,0.041666666666666664,0.058823529411764705
21210,712.0,441.0,5.0,5.0,0.007022471910112359,0.011337868480725623
21211,134.0,104.0,1.0,0.0,0.007462686567164179,0.0
21212,1829.0,1315.0,13.0,15.0,0.007107709130672498,0.011406844106463879
21213,834.0,656.0,2.0,1.0,0.002398081534772182,0.001524390243902439
21215,169.0,124.0,1.0,0.0,0.005917159763313609,0.0
21216,375.0,421.0,7.0,9.0,0.018666666666666668,0.021377672209026127
21217,586.0,332.0,22.0,7.0,0.03754266211604096,0.02108433734939759
21218,504.0,384.0,16.0,10.0,0.031746031746031744,0.026041666666666668
21219,88.0,85.0,1.0,0.0,0.011363636363636364,0.0
21220,71.0,82.0,0.0,0.0,0.0,0.0
21221,53.0,52.0,0.0,0.0,0.0,0.0
21222,60.0,68.0,0.0,0.0,0.0,0.0
21224,149.0,157.0,1.0,2.0,0.006711409395973154,0.012738853503184714
21231,999.0,498.0,44.0,28.0,0.044044044044044044,0.05622489959839357
21232,1642.0,809.0,127.0,57.0,0.07734470158343483,0.07045735475896168
21238,522.0,378.0,13.0,8.0,0.02490421455938697,0.021164021164021163
21239,447.0,299.0,7.0,2.0,0.015659955257270694,0.006688963210702341
21240,445.0,320.0,2.0,4.0,0.0044943820224719105,0.0125
21242,354.0,295.0,2.0,3.0,0.005649717514124294,0.010169491525423728
21243,293.0,204.0,1.0,1.0,0.0034129692832764505,0.004901960784313725
21244,252.0,196.0,5.0,3.0,0.01984126984126984,0.015306122448979591
21245,179.0,126.0,1.0,0.0,0.00558659217877095,0.0
21246,113.0,96.0,2.0,2.0,0.017699115044247787,0.020833333333333332
21248,92.0,64.0,2.0,1.0,0.021739130434782608,0.015625
21249,140.0,116.0,3.0,0.0,0.02142857142857143,0.0
21250,40.0,20.0,0.0,0.0,0.0,0.0
21251,86.0,46.0,0.0,0.0,0.0,0.0
21253,60.0,59.0,0.0,0.0,0.0,0.0
21257,271.0,248.0,10.0,5.0,0.03690036900369004,0.020161290322580645
21258,364.0,146.0,24.0,16.0,0.06593406593406594,0.1095890410958904
21259,371.0,273.0,9.0,8.0,0.02425876010781671,0.029304029304029304
21260,370.0,164.0,5.0,2.0,0.013513513513513514,0.012195121951219513
21261,32.0,44.0,0.0,0.0,0.0,0.0
21262,54.0,74.0,2.0,3.0,0.037037037037037035,0.04054054054054054
21264,20.0,41.0,0.0,2.0,0.0,0.04878048780487805
21272,239.0,105.0,3.0,2.0,0.012552301255230125,0.01904761904761905
21277,26.0,22.0,2.0,2.0,0.07692307692307693,0.09090909090909091
21279,72.0,28.0,5.0,1.0,0.06944444444444445,0.03571428571428571
21284,98.0,30.0,1.0,2.0,0.01020408163265306,0.06666666666666667
21285,56.0,27.0,2.0,1.0,0.03571428571428571,0.037037037037037035
21287,38.0,53.0,0.0,0.0,0.0,0.0
21288,114.0,104.0,1.0,1.0,0.008771929824561403,0.009615384615384616
21289,53.0,48.0,0.0,2.0,0.0,0.041666666666666664
21291,101.0,52.0,5.0,0.0,0.04950495049504951,0.0
21292,63.0,27.0,1.0,0.0,0.015873015873015872,0.0
21293,61.0,24.0,1.0,0.0,0.01639344262295082,0.0
21294,68.0,73.0,0.0,0.0,0.0,0.0
21306,24.0,42.0,0.0,2.0,0.0,0.047619047619047616
21311,43.0,51.0,0.0,2.0,0.0,0.0392156862745098
21313,203.0,205.0,5.0,10.0,0.024630541871921183,0.04878048780487805
21314,530.0,519.0,28.0,38.0,0.052830188679245285,0.07321772639691715
21317,41.0,31.0,2.0,1.0,0.04878048780487805,0.03225806451612903
21318,44.0,50.0,7.0,5.0,0.1590909090909091,0.1
21320,37.0,20.0,7.0,1.0,0.1891891891891892,0.05
21324,149.0,28.0,3.0,0.0,0.020134228187919462,0.0
21326,308.0,331.0,6.0,5.0,0.01948051948051948,0.015105740181268883
21327,244.0,244.0,0.0,0.0,0.0,0.0
21328,301.0,333.0,0.0,0.0,0.0,0.0
21329,273.0,271.0,2.0,0.0,0.007326007326007326,0.0
21340,129.0,284.0,7.0,7.0,0.05426356589147287,0.02464788732394366
21351,143.0,31.0,3.0,2.0,0.02097902097902098,0.06451612903225806
21352,82.0,77.0,2.0,2.0,0.024390243902439025,0.025974025974025976
21354,123.0,94.0,0.0,0.0,0.0,0.0
21355,223.0,120.0,3.0,0.0,0.013452914798206279,0.0
21356,202.0,142.0,1.0,0.0,0.0049504950495049506,0.0
21358,114.0,102.0,1.0,0.0,0.008771929824561403,0.0
21359,46.0,29.0,2.0,2.0,0.043478260869565216,0.06896551724137931
21361,219.0,69.0,11.0,2.0,0.0502283105022831,0.028985507246376812
21363,278.0,129.0,3.0,6.0,0.01079136690647482,0.046511627906976744
21364,143.0,24.0,1.0,1.0,0.006993006993006993,0.041666666666666664
21365,25.0,50.0,0.0,0.0,0.0,0.0
21366,31.0,45.0,0.0,0.0,0.0,0.0
21371,26.0,35.0,0.0,0.0,0.0,0.0
21374,25.0,45.0,0.0,0.0,0.0,0.0
21375,34.0,26.0,0.0,0.0,0.0,0.0
21377,57.0,37.0,1.0,0.0,0.017543859649122806,0.0
21378,54.0,27.0,0.0,0.0,0.0,0.0
21379,75.0,44.0,0.0,0.0,0.0,0.0
21380,366.0,289.0,5.0,1.0,0.01366120218579235,0.0034602076124567475
21381,317.0,220.0,4.0,2.0,0.012618296529968454,0.00909090909090909
21382,24.0,128.0,0.0,1.0,0.0,0.0078125
21383,160.0,163.0,4.0,1.0,0.025,0.006134969325153374
21385,383.0,320.0,2.0,1.0,0.005221932114882507,0.003125
21386,55.0,53.0,0.0,0.0,0.0,0.0
21389,134.0,132.0,5.0,1.0,0.03731343283582089,0.007575757575757576
21390,386.0,212.0,3.0,1.0,0.007772020725388601,0.0047169811320754715
21391,70.0,108.0,0.0,1.0,0.0,0.009259259259259259
21395,25.0,90.0,1.0,3.0,0.04,0.03333333333333333
21397,115.0,65.0,1.0,0.0,0.008695652173913044,0.0
21398,63.0,63.0,1.0,0.0,0.015873015873015872,0.0
21399,47.0,71.0,1.0,4.0,0.02127659574468085,0.056338028169014086
21401,39.0,78.0,0.0,0.0,0.0,0.0
21402,60.0,88.0,1.0,0.0,0.016666666666666666,0.0
21403,51.0,103.0,0.0,0.0,0.0,0.0
21407,317.0,138.0,1.0,1.0,0.0031545741324921135,0.007246376811594203
21408,123.0,99.0,2.0,1.0,0.016260162601626018,0.010101010101010102
21411,386.0,199.0,2.0,1.0,0.0051813471502590676,0.005025125628140704
21415,36.0,43.0,0.0,0.0,0.0,0.0
21417,50.0,59.0,1.0,1.0,0.02,0.01694915254237288
21418,41.0,22.0,1.0,0.0,0.024390243902439025,0.0
21422,85.0,63.0,0.0,1.0,0.0,0.015873015873015872
21424,72.0,70.0,4.0,5.0,0.05555555555555555,0.07142857142857142
21425,65.0,29.0,8.0,0.0,0.12307692307692308,0.0
21426,54.0,46.0,7.0,3.0,0.12962962962962962,0.06521739130434782
21427,79.0,40.0,5.0,3.0,0.06329113924050633,0.075
21428,204.0,254.0,3.0,5.0,0.014705882352941176,0.01968503937007874
21429,723.0,274.0,10.0,8.0,0.013831258644536652,0.029197080291970802
21430,338.0,464.0,10.0,11.0,0.029585798816568046,0.023706896551724137
21439,112.0,126.0,0.0,1.0,0.0,0.007936507936507936
21441,72.0,55.0,0.0,0.0,0.0,0.0
21442,77.0,52.0,0.0,0.0,0.0,0.0
21445,125.0,21.0,1.0,1.0,0.008,0.047619047619047616
21446,129.0,105.0,0.0,0.0,0.0,0.0
21447,192.0,149.0,0.0,1.0,0.0,0.006711409395973154
21448,134.0,81.0,0.0,0.0,0.0,0.0
21452,232.0,177.0,7.0,11.0,0.03017241379310345,0.062146892655367235
21454,58.0,137.0,1.0,0.0,0.017241379310344827,0.0
21455,51.0,118.0,1.0,1.0,0.0196078431372549,0.00847457627118644
21456,41.0,24.0,0.0,1.0,0.0,0.041666666666666664
21457,40.0,25.0,0.0,0.0,0.0,0.0
21458,52.0,36.0,0.0,0.0,0.0,0.0
21462,98.0,61.0,6.0,0.0,0.061224489795918366,0.0
21463,168.0,129.0,18.0,8.0,0.10714285714285714,0.06201550387596899
21464,112.0,103.0,6.0,4.0,0.05357142857142857,0.038834951456310676
21465,108.0,78.0,1.0,0.0,0.009259259259259259,0.0
21466,164.0,108.0,0.0,0.0,0.0,0.0
21467,152.0,102.0,3.0,2.0,0.019736842105263157,0.0196078431372549
21468,79.0,66.0,2.0,0.0,0.02531645569620253,0.0
21469,121.0,87.0,1.0,2.0,0.008264462809917356,0.022988505747126436
21470,182.0,136.0,2.0,2.0,0.01098901098901099,0.014705882352941176
21471,156.0,156.0,0.0,3.0,0.0,0.019230769230769232
21472,250.0,37.0,0.0,0.0,0.0,0.0
21473,69.0,21.0,3.0,0.0,0.043478260869565216,0.0
21476,61.0,24.0,2.0,0.0,0.03278688524590164,0.0
21479,437.0,466.0,4.0,4.0,0.009153318077803204,0.008583690987124463
21481,564.0,459.0,8.0,7.0,0.014184397163120567,0.015250544662309368
21484,465.0,379.0,2.0,2.0,0.004301075268817204,0.005277044854881266
21485,771.0,594.0,4.0,8.0,0.005188067444876783,0.013468013468013467
21494,191.0,295.0,1.0,1.0,0.005235602094240838,0.003389830508474576
21495,211.0,159.0,0.0,1.0,0.0,0.006289308176100629
21497,255.0,220.0,0.0,0.0,0.0,0.0
21498,466.0,323.0,1.0,2.0,0.002145922746781116,0.006191950464396285
21499,243.0,213.0,0.0,2.0,0.0,0.009389671361502348
21500,279.0,208.0,0.0,0.0,0.0,0.0
21503,41.0,23.0,0.0,1.0,0.0,0.043478260869565216
21504,215.0,111.0,1.0,0.0,0.004651162790697674,0.0
21506,344.0,310.0,3.0,1.0,0.00872093023255814,0.0032258064516129032
21507,323.0,249.0,0.0,1.0,0.0,0.004016064257028112
21508,328.0,204.0,0.0,0.0,0.0,0.0
21509,355.0,262.0,2.0,0.0,0.005633802816901409,0.0
21518,71.0,38.0,0.0,0.0,0.0,0.0
21519,308.0,242.0,0.0,3.0,0.0,0.012396694214876033
21520,50.0,57.0,0.0,1.0,0.0,0.017543859649122806
21523,620.0,483.0,1.0,3.0,0.0016129032258064516,0.006211180124223602
21524,672.0,466.0,1.0,3.0,0.001488095238095238,0.006437768240343348
21527,694.0,145.0,93.0,21.0,0.1340057636887608,0.14482758620689656
21528,146.0,110.0,13.0,10.0,0.08904109589041095,0.09090909090909091
21530,60.0,101.0,2.0,8.0,0.03333333333333333,0.07920792079207921
21531,535.0,244.0,10.0,10.0,0.018691588785046728,0.040983606557377046
21533,622.0,330.0,21.0,10.0,0.03376205787781351,0.030303030303030304
21534,189.0,152.0,13.0,8.0,0.06878306878306878,0.05263157894736842
21535,787.0,337.0,32.0,15.0,0.04066073697585769,0.04451038575667656
21537,202.0,59.0,6.0,7.0,0.0297029702970297,0.11864406779661017
21539,477.0,240.0,33.0,16.0,0.06918238993710692,0.06666666666666667
21544,333.0,165.0,3.0,0.0,0.009009009009009009,0.0
21547,98.0,23.0,1.0,0.0,0.01020408163265306,0.0
21555,65.0,66.0,1.0,0.0,0.015384615384615385,0.0
21556,182.0,115.0,3.0,1.0,0.016483516483516484,0.008695652173913044
21557,141.0,158.0,1.0,0.0,0.0070921985815602835,0.0
21558,360.0,408.0,5.0,4.0,0.013888888888888888,0.00980392156862745
21559,659.0,566.0,9.0,10.0,0.013657056145675266,0.0176678445229682
21561,311.0,206.0,1.0,2.0,0.003215434083601286,0.009708737864077669
21562,46.0,28.0,0.0,0.0,0.0,0.0
21563,206.0,144.0,9.0,0.0,0.043689320388349516,0.0
21564,172.0,112.0,4.0,3.0,0.023255813953488372,0.026785714285714284
21576,129.0,75.0,3.0,0.0,0.023255813953488372,0.0
21577,291.0,170.0,3.0,2.0,0.010309278350515464,0.011764705882352941
21578,257.0,126.0,2.0,1.0,0.007782101167315175,0.007936507936507936
21579,87.0,48.0,2.0,3.0,0.022988505747126436,0.0625
21580,110.0,61.0,1.0,0.0,0.00909090909090909,0.0
21581,125.0,78.0,1.0,1.0,0.008,0.01282051282051282
21584,215.0,145.0,2.0,1.0,0.009302325581395349,0.006896551724137931
21586,177.0,67.0,2.0,2.0,0.011299435028248588,0.029850746268656716
21587,242.0,29.0,1.0,0.0,0.004132231404958678,0.0
21588,154.0,125.0,2.0,1.0,0.012987012987012988,0.008
21591,227.0,146.0,0.0,2.0,0.0,0.0136986301369863
21592,264.0,193.0,1.0,0.0,0.003787878787878788,0.0
21609,142.0,77.0,0.0,0.0,0.0,0.0
21613,106.0,42.0,0.0,0.0,0.0,0.0
21615,34.0,128.0,0.0,0.0,0.0,0.0
21616,54.0,127.0,0.0,0.0,0.0,0.0
21617,68.0,104.0,0.0,0.0,0.0,0.0
21618,49.0,97.0,0.0,0.0,0.0,0.0
21619,48.0,148.0,0.0,0.0,0.0,0.0
21620,60.0,142.0,1.0,0.0,0.016666666666666666,0.0
21621,822.0,473.0,6.0,4.0,0.0072992700729927005,0.008456659619450317
21622,528.0,102.0,11.0,6.0,0.020833333333333332,0.058823529411764705
21623,310.0,211.0,9.0,4.0,0.02903225806451613,0.018957345971563982
21624,308.0,92.0,1.0,2.0,0.003246753246753247,0.021739130434782608
21625,166.0,167.0,0.0,0.0,0.0,0.0
21626,106.0,100.0,7.0,5.0,0.0660377358490566,0.05
21627,68.0,47.0,2.0,0.0,0.029411764705882353,0.0
21628,54.0,32.0,2.0,1.0,0.037037037037037035,0.03125
21629,63.0,40.0,1.0,0.0,0.015873015873015872,0.0
21630,60.0,34.0,3.0,1.0,0.05,0.029411764705882353
21631,27.0,27.0,0.0,0.0,0.0,0.0
21632,29.0,24.0,1.0,0.0,0.034482758620689655,0.0
21633,30.0,42.0,1.0,1.0,0.03333333333333333,0.023809523809523808
21634,41.0,28.0,5.0,0.0,0.12195121951219512,0.0
21636,26.0,72.0,1.0,0.0,0.038461538461538464,0.0
21638,105.0,38.0,1.0,0.0,0.009523809523809525,0.0
21640,130.0,79.0,0.0,0.0,0.0,0.0
21641,62.0,49.0,0.0,0.0,0.0,0.0
21642,158.0,99.0,9.0,4.0,0.056962025316455694,0.04040404040404041
21643,144.0,60.0,2.0,1.0,0.013888888888888888,0.016666666666666666
21644,109.0,34.0,1.0,2.0,0.009174311926605505,0.058823529411764705
21647,123.0,25.0,2.0,1.0,0.016260162601626018,0.04
21648,167.0,64.0,7.0,1.0,0.041916167664670656,0.015625
21650,68.0,129.0,1.0,1.0,0.014705882352941176,0.007751937984496124
21654,23.0,60.0,0.0,0.0,0.0,0.0
21656,93.0,47.0,1.0,0.0,0.010752688172043012,0.0
21658,315.0,213.0,29.0,24.0,0.09206349206349207,0.11267605633802817
21662,81.0,26.0,4.0,0.0,0.04938271604938271,0.0
21666,43.0,41.0,2.0,0.0,0.046511627906976744,0.0
21668,392.0,430.0,2.0,10.0,0.00510204081632653,0.023255813953488372
21669,385.0,430.0,3.0,10.0,0.007792207792207792,0.023255813953488372
21670,397.0,369.0,1.0,7.0,0.0025188916876574307,0.018970189701897018
21671,360.0,364.0,6.0,14.0,0.016666666666666666,0.038461538461538464
21672,412.0,407.0,1.0,7.0,0.0024271844660194173,0.0171990171990172
21673,399.0,362.0,0.0,8.0,0.0,0.022099447513812154
21675,159.0,105.0,0.0,1.0,0.0,0.009523809523809525
21676,98.0,59.0,0.0,0.0,0.0,0.0
21677,160.0,114.0,2.0,1.0,0.0125,0.008771929824561403
21678,48.0,31.0,0.0,0.0,0.0,0.0
21679,233.0,131.0,5.0,0.0,0.02145922746781116,0.0
21680,166.0,94.0,1.0,0.0,0.006024096385542169,0.0
21682,97.0,54.0,1.0,1.0,0.010309278350515464,0.018518518518518517
21683,95.0,57.0,1.0,0.0,0.010526315789473684,0.0
21684,58.0,45.0,2.0,0.0,0.034482758620689655,0.0
21688,85.0,57.0,1.0,0.0,0.011764705882352941,0.0
21689,36.0,24.0,0.0,0.0,0.0,0.0
21693,70.0,48.0,0.0,0.0,0.0,0.0
21694,46.0,23.0,0.0,0.0,0.0,0.0
21695,61.0,40.0,1.0,0.0,0.01639344262295082,0.0
21696,74.0,33.0,2.0,1.0,0.02702702702702703,0.030303030303030304
21698,67.0,42.0,0.0,0.0,0.0,0.0
21700,328.0,198.0,5.0,1.0,0.01524390243902439,0.005050505050505051
21703,279.0,278.0,3.0,6.0,0.010752688172043012,0.02158273381294964
21704,325.0,233.0,4.0,3.0,0.012307692307692308,0.012875536480686695
21705,85.0,114.0,2.0,3.0,0.023529411764705882,0.02631578947368421
21706,134.0,117.0,5.0,0.0,0.03731343283582089,0.0
21707,98.0,72.0,0.0,0.0,0.0,0.0
21708,66.0,63.0,1.0,1.0,0.015151515151515152,0.015873015873015872
21709,58.0,58.0,0.0,0.0,0.0,0.0
21710,66.0,45.0,3.0,0.0,0.045454545454545456,0.0
21711,35.0,36.0,0.0,0.0,0.0,0.0
21713,237.0,156.0,15.0,5.0,0.06329113924050633,0.03205128205128205
21714,299.0,221.0,6.0,5.0,0.020066889632107024,0.02262443438914027
21715,259.0,229.0,2.0,0.0,0.007722007722007722,0.0
21716,255.0,236.0,1.0,1.0,0.00392156862745098,0.00423728813559322
21717,135.0,41.0,2.0,0.0,0.014814814814814815,0.0
21718,240.0,223.0,4.0,1.0,0.016666666666666666,0.004484304932735426
21719,84.0,56.0,0.0,0.0,0.0,0.0
21721,111.0,34.0,1.0,0.0,0.009009009009009009,0.0
21722,43.0,33.0,1.0,1.0,0.023255813953488372,0.030303030303030304
21723,77.0,57.0,0.0,0.0,0.0,0.0
21724,98.0,78.0,1.0,0.0,0.01020408163265306,0.0
21725,124.0,50.0,1.0,0.0,0.008064516129032258,0.0
21726,116.0,40.0,1.0,0.0,0.008620689655172414,0.0
21730,166.0,123.0,12.0,8.0,0.07228915662650602,0.06504065040650407
21731,699.0,811.0,12.0,11.0,0.017167381974248927,0.013563501849568433
21733,1040.0,717.0,22.0,12.0,0.021153846153846155,0.016736401673640166
21735,179.0,83.0,25.0,13.0,0.13966480446927373,0.1566265060240964
21738,113.0,23.0,1.0,0.0,0.008849557522123894,0.0
21739,67.0,102.0,1.0,0.0,0.014925373134328358,0.0
21741,152.0,40.0,1.0,0.0,0.006578947368421052,0.0
21742,102.0,83.0,0.0,0.0,0.0,0.0
21743,136.0,49.0,3.0,2.0,0.022058823529411766,0.04081632653061224
21744,93.0,129.0,1.0,0.0,0.010752688172043012,0.0
21745,277.0,209.0,2.0,1.0,0.007220216606498195,0.004784688995215311
21746,268.0,228.0,6.0,3.0,0.022388059701492536,0.013157894736842105
21747,100.0,54.0,2.0,1.0,0.02,0.018518518518518517
21749,146.0,140.0,5.0,3.0,0.03424657534246575,0.02142857142857143
21750,38.0,24.0,1.0,0.0,0.02631578947368421,0.0
21754,1306.0,763.0,10.0,10.0,0.007656967840735069,0.01310615989515072
21755,1083.0,620.0,12.0,2.0,0.0110803324099723,0.0032258064516129032
21756,313.0,266.0,2.0,1.0,0.006389776357827476,0.0037593984962406013
21758,47.0,31.0,0.0,0.0,0.0,0.0
21770,263.0,374.0,3.0,1.0,0.011406844106463879,0.00267379679144385
21773,146.0,161.0,3.0,0.0,0.02054794520547945,0.0
21774,183.0,179.0,0.0,1.0,0.0,0.00558659217877095
21775,139.0,135.0,1.0,1.0,0.007194244604316547,0.007407407407407408
21781,266.0,101.0,11.0,8.0,0.041353383458646614,0.07920792079207921
21784,134.0,44.0,4.0,1.0,0.029850746268656716,0.022727272727272728
21786,230.0,219.0,1.0,1.0,0.004347826086956522,0.0045662100456621
21787,228.0,237.0,0.0,3.0,0.0,0.012658227848101266
21788,127.0,84.0,3.0,3.0,0.023622047244094488,0.03571428571428571
21789,128.0,91.0,3.0,2.0,0.0234375,0.02197802197802198
21790,978.0,878.0,9.0,4.0,0.009202453987730062,0.004555808656036446
21791,719.0,572.0,7.0,3.0,0.009735744089012517,0.005244755244755245
21792,65.0,76.0,4.0,2.0,0.06153846153846154,0.02631578947368421
21793,28.0,74.0,0.0,0.0,0.0,0.0
21794,72.0,106.0,3.0,2.0,0.041666666666666664,0.018867924528301886
21801,134.0,125.0,0.0,1.0,0.0,0.008
21802,143.0,182.0,0.0,1.0,0.0,0.005494505494505495
21803,125.0,194.0,0.0,0.0,0.0,0.0
21804,76.0,65.0,1.0,0.0,0.013157894736842105,0.0
21807,144.0,34.0,2.0,0.0,0.013888888888888888,0.0
21808,98.0,45.0,5.0,0.0,0.05102040816326531,0.0
21809,91.0,117.0,0.0,0.0,0.0,0.0
21810,97.0,234.0,0.0,1.0,0.0,0.004273504273504274
21811,145.0,253.0,0.0,1.0,0.0,0.003952569169960474
21812,106.0,95.0,1.0,3.0,0.009433962264150943,0.031578947368421054
21813,73.0,103.0,2.0,2.0,0.0273972602739726,0.019417475728155338
21815,64.0,30.0,2.0,0.0,0.03125,0.0
21817,74.0,61.0,0.0,0.0,0.0,0.0
21818,132.0,166.0,0.0,0.0,0.0,0.0
21819,124.0,117.0,0.0,0.0,0.0,0.0
21820,92.0,88.0,0.0,3.0,0.0,0.03409090909090909
21821,93.0,62.0,1.0,1.0,0.010752688172043012,0.016129032258064516
21822,45.0,87.0,1.0,1.0,0.022222222222222223,0.011494252873563218
21823,122.0,104.0,1.0,0.0,0.00819672131147541,0.0
21824,100.0,120.0,0.0,1.0,0.0,0.008333333333333333
21826,212.0,37.0,6.0,1.0,0.02830188679245283,0.02702702702702703
21828,98.0,77.0,0.0,0.0,0.0,0.0
21829,234.0,178.0,4.0,1.0,0.017094017094017096,0.0056179775280898875
21830,157.0,101.0,2.0,2.0,0.012738853503184714,0.019801980198019802
21832,265.0,188.0,4.0,1.0,0.01509433962264151,0.005319148936170213
21833,277.0,156.0,7.0,2.0,0.02527075812274368,0.01282051282051282
21841,112.0,22.0,1.0,0.0,0.008928571428571428,0.0
21843,988.0,518.0,113.0,42.0,0.11437246963562753,0.08108108108108109
21844,339.0,156.0,14.0,11.0,0.04129793510324484,0.07051282051282051
21845,76.0,82.0,3.0,8.0,0.039473684210526314,0.0975609756097561
21846,162.0,99.0,2.0,1.0,0.012345679012345678,0.010101010101010102
21847,39.0,33.0,0.0,0.0,0.0,0.0
21849,68.0,67.0,1.0,0.0,0.014705882352941176,0.0
21850,52.0,51.0,0.0,1.0,0.0,0.0196078431372549
21851,86.0,62.0,0.0,0.0,0.0,0.0
21864,231.0,178.0,0.0,1.0,0.0,0.0056179775280898875
21865,193.0,104.0,1.0,0.0,0.0051813471502590676,0.0
21866,266.0,185.0,3.0,0.0,0.011278195488721804,0.0
21867,171.0,123.0,0.0,0.0,0.0,0.0
21868,584.0,300.0,19.0,10.0,0.032534246575342464,0.03333333333333333
21870,469.0,165.0,15.0,3.0,0.031982942430703626,0.01818181818181818
21871,425.0,346.0,13.0,12.0,0.03058823529411765,0.03468208092485549
21872,189.0,134.0,3.0,1.0,0.015873015873015872,0.007462686567164179
21873,83.0,109.0,0.0,4.0,0.0,0.03669724770642202
21874,322.0,279.0,5.0,7.0,0.015527950310559006,0.025089605734767026
21875,267.0,138.0,5.0,5.0,0.018726591760299626,0.036231884057971016
21876,290.0,314.0,7.0,8.0,0.02413793103448276,0.025477707006369428
21877,407.0,338.0,8.0,15.0,0.019656019656019656,0.04437869822485207
21878,182.0,222.0,1.0,2.0,0.005494505494505495,0.009009009009009009
21879,58.0,92.0,0.0,0.0,0.0,0.0
21880,89.0,237.0,1.0,1.0,0.011235955056179775,0.004219409282700422
21881,39.0,75.0,0.0,0.0,0.0,0.0
21882,50.0,71.0,0.0,0.0,0.0,0.0
21883,93.0,131.0,0.0,1.0,0.0,0.007633587786259542
21884,68.0,91.0,0.0,0.0,0.0,0.0
21888,449.0,375.0,5.0,5.0,0.011135857461024499,0.013333333333333334
21889,543.0,564.0,11.0,2.0,0.020257826887661142,0.0035460992907801418
21890,320.0,223.0,1.0,5.0,0.003125,0.02242152466367713
21891,427.0,402.0,7.0,6.0,0.01639344262295082,0.014925373134328358
21892,421.0,399.0,9.0,2.0,0.021377672209026127,0.005012531328320802
21894,118.0,128.0,0.0,0.0,0.0,0.0
21896,182.0,110.0,2.0,3.0,0.01098901098901099,0.02727272727272727
21898,92.0,25.0,0.0,0.0,0.0,0.0
21899,350.0,269.0,1.0,4.0,0.002857142857142857,0.01486988847583643
21900,476.0,358.0,0.0,2.0,0.0,0.00558659217877095
21901,392.0,300.0,4.0,1.0,0.01020408163265306,0.0033333333333333335
21902,277.0,205.0,2.0,2.0,0.007220216606498195,0.00975609756097561
21903,227.0,174.0,2.0,2.0,0.00881057268722467,0.011494252873563218
21904,122.0,24.0,2.0,0.0,0.01639344262295082,0.0
21905,103.0,157.0,2.0,0.0,0.019417475728155338,0.0
21906,252.0,168.0,3.0,6.0,0.011904761904761904,0.03571428571428571
21907,409.0,357.0,2.0,2.0,0.004889975550122249,0.0056022408963585435
21908,510.0,453.0,1.0,3.0,0.00196078431372549,0.006622516556291391
21911,316.0,29.0,0.0,1.0,0.0,0.034482758620689655
21912,434.0,370.0,3.0,0.0,0.0069124423963133645,0.0
21913,151.0,145.0,1.0,2.0,0.006622516556291391,0.013793103448275862
21914,366.0,552.0,3.0,2.0,0.00819672131147541,0.0036231884057971015
21915,367.0,662.0,6.0,9.0,0.01634877384196185,0.013595166163141994
21916,360.0,341.0,4.0,1.0,0.011111111111111112,0.002932551319648094
21917,246.0,215.0,4.0,2.0,0.016260162601626018,0.009302325581395349
21918,423.0,351.0,6.0,3.0,0.014184397163120567,0.008547008547008548
21922,180.0,203.0,5.0,0.0,0.027777777777777776,0.0
21925,103.0,64.0,1.0,4.0,0.009708737864077669,0.0625
21926,87.0,59.0,1.0,2.0,0.011494252873563218,0.03389830508474576
21927,93.0,98.0,4.0,8.0,0.043010752688172046,0.08163265306122448
21928,742.0,790.0,14.0,10.0,0.018867924528301886,0.012658227848101266
21929,759.0,850.0,9.0,12.0,0.011857707509881422,0.01411764705882353
21930,623.0,685.0,3.0,3.0,0.004815409309791332,0.004379562043795621
21931,1158.0,1158.0,17.0,16.0,0.01468048359240069,0.013816925734024179
21932,203.0,438.0,1.0,3.0,0.0049261083743842365,0.00684931506849315
21933,215.0,406.0,3.0,4.0,0.013953488372093023,0.009852216748768473
21934,315.0,394.0,1.0,0.0,0.0031746031746031746,0.0
21935,391.0,511.0,3.0,1.0,0.0076726342710997444,0.0019569471624266144
21936,520.0,523.0,12.0,12.0,0.023076923076923078,0.022944550669216062
21937,409.0,250.0,8.0,6.0,0.019559902200488997,0.024
21942,118.0,94.0,1.0,1.0,0.00847457627118644,0.010638297872340425
21943,99.0,48.0,0.0,0.0,0.0,0.0
21944,104.0,90.0,1.0,0.0,0.009615384615384616,0.0
21945,136.0,99.0,1.0,0.0,0.007352941176470588,0.0
21946,42.0,23.0,0.0,0.0,0.0,0.0
21947,147.0,150.0,0.0,0.0,0.0,0.0
21948,114.0,152.0,0.0,0.0,0.0,0.0
21949,125.0,136.0,1.0,0.0,0.008,0.0
21955,526.0,204.0,5.0,0.0,0.009505703422053232,0.0
21967,249.0,223.0,0.0,0.0,0.0,0.0
21972,106.0,64.0,0.0,2.0,0.0,0.03125
21973,180.0,30.0,1.0,1.0,0.005555555555555556,0.03333333333333333
21974,450.0,351.0,5.0,6.0,0.011111111111111112,0.017094017094017096
21975,714.0,601.0,1.0,3.0,0.0014005602240896359,0.004991680532445923
21976,567.0,383.0,2.0,2.0,0.003527336860670194,0.005221932114882507
21977,1145.0,850.0,5.0,6.0,0.004366812227074236,0.007058823529411765
21980,382.0,290.0,3.0,3.0,0.007853403141361256,0.010344827586206896
21981,291.0,257.0,1.0,1.0,0.003436426116838488,0.0038910505836575876
21982,366.0,347.0,1.0,1.0,0.00273224043715847,0.002881844380403458
21983,172.0,145.0,1.0,1.0,0.005813953488372093,0.006896551724137931
21984,225.0,205.0,3.0,2.0,0.013333333333333334,0.00975609756097561
21985,503.0,415.0,3.0,0.0,0.005964214711729622,0.0
21986,282.0,184.0,1.0,0.0,0.0035460992907801418,0.0
21987,217.0,173.0,2.0,2.0,0.009216589861751152,0.011560693641618497
21988,229.0,192.0,1.0,0.0,0.004366812227074236,0.0
21989,323.0,332.0,3.0,0.0,0.009287925696594427,0.0
21990,131.0,349.0,0.0,1.0,0.0,0.0028653295128939827
21991,80.0,199.0,0.0,1.0,0.0,0.005025125628140704
21992,220.0,442.0,1.0,0.0,0.004545454545454545,0.0
21993,153.0,404.0,0.0,1.0,0.0,0.0024752475247524753
22021,165.0,73.0,1.0,0.0,0.006060606060606061,0.0
22023,284.0,143.0,0.0,1.0,0.0,0.006993006993006993
22024,226.0,204.0,2.0,1.0,0.008849557522123894,0.004901960784313725
22025,158.0,128.0,0.0,1.0,0.0,0.0078125
22026,206.0,155.0,0.0,1.0,0.0,0.0064516129032258064
22027,483.0,354.0,4.0,2.0,0.008281573498964804,0.005649717514124294
22028,245.0,256.0,1.0,1.0,0.004081632653061225,0.00390625
22029,576.0,509.0,1.0,1.0,0.001736111111111111,0.0019646365422396855
22030,418.0,268.0,3.0,0.0,0.007177033492822967,0.0
22031,62.0,76.0,0.0,1.0,0.0,0.013157894736842105
22032,51.0,60.0,0.0,0.0,0.0,0.0
22033,106.0,22.0,0.0,0.0,0.0,0.0
22035,224.0,137.0,2.0,0.0,0.008928571428571428,0.0
22037,280.0,338.0,1.0,0.0,0.0035714285714285713,0.0
22040,66.0,28.0,0.0,0.0,0.0,0.0
22041,195.0,353.0,1.0,3.0,0.005128205128205128,0.0084985835694051
22042,90.0,35.0,1.0,1.0,0.011111111111111112,0.02857142857142857
22043,62.0,61.0,1.0,0.0,0.016129032258064516,0.0
22044,53.0,36.0,2.0,0.0,0.03773584905660377,0.0
22045,265.0,202.0,2.0,3.0,0.007547169811320755,0.01485148514851485
22046,133.0,72.0,0.0,2.0,0.0,0.027777777777777776
22047,155.0,104.0,2.0,1.0,0.012903225806451613,0.009615384615384616
22048,70.0,31.0,0.0,1.0,0.0,0.03225806451612903
22049,82.0,33.0,0.0,1.0,0.0,0.030303030303030304
22050,75.0,39.0,1.0,1.0,0.013333333333333334,0.02564102564102564
22051,77.0,39.0,0.0,0.0,0.0,0.0
22052,101.0,27.0,0.0,2.0,0.0,0.07407407407407407
22053,59.0,28.0,1.0,1.0,0.01694915254237288,0.03571428571428571
22055,523.0,201.0,12.0,7.0,0.022944550669216062,0.03482587064676617
22057,199.0,49.0,7.0,3.0,0.035175879396984924,0.061224489795918366
22059,300.0,151.0,13.0,7.0,0.043333333333333335,0.046357615894039736
22060,126.0,35.0,6.0,6.0,0.047619047619047616,0.17142857142857143
22061,375.0,130.0,49.0,15.0,0.13066666666666665,0.11538461538461539
22062,54.0,78.0,1.0,1.0,0.018518518518518517,0.01282051282051282
22063,242.0,112.0,5.0,4.0,0.02066115702479339,0.03571428571428571
22064,459.0,228.0,25.0,14.0,0.054466230936819175,0.06140350877192982
22065,219.0,231.0,7.0,8.0,0.0319634703196347,0.03463203463203463
22066,141.0,137.0,2.0,2.0,0.014184397163120567,0.014598540145985401
22067,183.0,66.0,9.0,3.0,0.04918032786885246,0.045454545454545456
22068,134.0,126.0,1.0,2.0,0.007462686567164179,0.015873015873015872
22069,122.0,130.0,0.0,0.0,0.0,0.0
22070,207.0,112.0,7.0,5.0,0.033816425120772944,0.044642857142857144
22071,172.0,83.0,5.0,5.0,0.029069767441860465,0.060240963855421686
22072,359.0,148.0,16.0,9.0,0.04456824512534819,0.060810810810810814
22073,416.0,71.0,26.0,2.0,0.0625,0.028169014084507043
22074,91.0,179.0,0.0,1.0,0.0,0.00558659217877095
22075,161.0,163.0,0.0,1.0,0.0,0.006134969325153374
22076,153.0,200.0,0.0,0.0,0.0,0.0
22077,810.0,938.0,9.0,6.0,0.011111111111111112,0.006396588486140725
22078,290.0,193.0,3.0,0.0,0.010344827586206896,0.0
22079,364.0,316.0,2.0,3.0,0.005494505494505495,0.00949367088607595
22080,367.0,150.0,2.0,1.0,0.005449591280653951,0.006666666666666667
22081,165.0,133.0,2.0,1.0,0.012121212121212121,0.007518796992481203
22082,561.0,399.0,2.0,2.0,0.0035650623885918,0.005012531328320802
22083,798.0,578.0,8.0,5.0,0.010025062656641603,0.00865051903114187
22084,378.0,441.0,2.0,2.0,0.005291005291005291,0.0045351473922902496
22085,133.0,93.0,4.0,0.0,0.03007518796992481,0.0
22086,884.0,1064.0,6.0,10.0,0.006787330316742082,0.009398496240601503
22087,534.0,327.0,3.0,8.0,0.0056179775280898875,0.024464831804281346
22088,386.0,240.0,2.0,3.0,0.0051813471502590676,0.0125
22089,287.0,273.0,2.0,0.0,0.006968641114982578,0.0
22090,918.0,786.0,5.0,7.0,0.0054466230936819175,0.008905852417302799
22091,157.0,160.0,3.0,1.0,0.01910828025477707,0.00625
22092,49.0,88.0,0.0,0.0,0.0,0.0
22093,116.0,155.0,1.0,1.0,0.008620689655172414,0.0064516129032258064
22094,139.0,195.0,3.0,5.0,0.02158273381294964,0.02564102564102564
22095,142.0,141.0,5.0,2.0,0.035211267605633804,0.014184397163120567
22096,64.0,117.0,1.0,1.0,0.015625,0.008547008547008548
22097,97.0,148.0,2.0,1.0,0.020618556701030927,0.006756756756756757
22098,141.0,169.0,1.0,5.0,0.0070921985815602835,0.029585798816568046
22099,142.0,148.0,2.0,1.0,0.014084507042253521,0.006756756756756757
22100,69.0,56.0,0.0,0.0,0.0,0.0
22101,48.0,67.0,1.0,1.0,0.020833333333333332,0.014925373134328358
22102,28.0,31.0,1.0,1.0,0.03571428571428571,0.03225806451612903
22103,45.0,26.0,1.0,3.0,0.022222222222222223,0.11538461538461539
22104,40.0,56.0,0.0,0.0,0.0,0.0
22105,23.0,31.0,1.0,1.0,0.043478260869565216,0.03225806451612903
22106,32.0,43.0,0.0,2.0,0.0,0.046511627906976744
22107,191.0,162.0,8.0,3.0,0.041884816753926704,0.018518518518518517
22108,65.0,52.0,1.0,0.0,0.015384615384615385,0.0
22109,350.0,272.0,13.0,5.0,0.037142857142857144,0.01838235294117647
22110,236.0,267.0,1.0,1.0,0.00423728813559322,0.003745318352059925
22111,946.0,720.0,8.0,6.0,0.008456659619450317,0.008333333333333333
22112,873.0,803.0,5.0,8.0,0.0057273768613974796,0.009962640099626401
22113,444.0,545.0,2.0,4.0,0.0045045045045045045,0.007339449541284404
22114,951.0,582.0,8.0,5.0,0.008412197686645636,0.00859106529209622
22115,273.0,220.0,1.0,0.0,0.003663003663003663,0.0
22116,50.0,141.0,1.0,1.0,0.02,0.0070921985815602835
22117,135.0,93.0,1.0,0.0,0.007407407407407408,0.0
22118,187.0,71.0,2.0,0.0,0.0106951871657754,0.0
22119,239.0,88.0,3.0,1.0,0.012552301255230125,0.011363636363636364
22120,179.0,185.0,5.0,2.0,0.027932960893854747,0.010810810810810811
22121,310.0,127.0,2.0,1.0,0.0064516129032258064,0.007874015748031496
22123,44.0,105.0,2.0,0.0,0.045454545454545456,0.0
22124,56.0,64.0,0.0,0.0,0.0,0.0
22127,136.0,23.0,5.0,0.0,0.03676470588235294,0.0
22128,121.0,76.0,0.0,2.0,0.0,0.02631578947368421
22129,75.0,93.0,1.0,0.0,0.013333333333333334,0.0
22130,319.0,108.0,6.0,1.0,0.018808777429467086,0.009259259259259259
22131,415.0,288.0,3.0,1.0,0.007228915662650603,0.003472222222222222
22132,235.0,149.0,0.0,1.0,0.0,0.006711409395973154
22133,195.0,128.0,1.0,0.0,0.005128205128205128,0.0
22134,136.0,154.0,1.0,0.0,0.007352941176470588,0.0
22135,138.0,169.0,2.0,0.0,0.014492753623188406,0.0
22136,184.0,85.0,2.0,1.0,0.010869565217391304,0.011764705882352941
22138,988.0,895.0,182.0,27.0,0.18421052631578946,0.030167597765363128
22139,1139.0,914.0,35.0,15.0,0.030728709394205442,0.016411378555798686
22141,118.0,428.0,0.0,4.0,0.0,0.009345794392523364
22142,129.0,356.0,3.0,2.0,0.023255813953488372,0.0056179775280898875
22144,163.0,512.0,2.0,3.0,0.012269938650306749,0.005859375
22147,676.0,494.0,5.0,8.0,0.0073964497041420114,0.016194331983805668
22148,116.0,188.0,4.0,2.0,0.034482758620689655,0.010638297872340425
22149,854.0,553.0,13.0,9.0,0.01522248243559719,0.0162748643761302
22150,485.0,437.0,5.0,4.0,0.010309278350515464,0.009153318077803204
22151,397.0,328.0,2.0,5.0,0.005037783375314861,0.01524390243902439
22152,140.0,106.0,2.0,2.0,0.014285714285714285,0.018867924528301886
22153,157.0,116.0,2.0,2.0,0.012738853503184714,0.017241379310344827
22154,163.0,148.0,11.0,3.0,0.06748466257668712,0.02027027027027027
22155,206.0,134.0,2.0,1.0,0.009708737864077669,0.007462686567164179
22156,333.0,250.0,14.0,13.0,0.042042042042042045,0.052
22158,425.0,291.0,7.0,8.0,0.01647058823529412,0.027491408934707903
22161,151.0,351.0,1.0,1.0,0.006622516556291391,0.002849002849002849
22162,173.0,92.0,1.0,2.0,0.005780346820809248,0.021739130434782608
22163,78.0,115.0,3.0,2.0,0.038461538461538464,0.017391304347826087
22165,128.0,131.0,5.0,1.0,0.0390625,0.007633587786259542
22166,72.0,83.0,4.0,2.0,0.05555555555555555,0.024096385542168676
22167,148.0,149.0,12.0,4.0,0.08108108108108109,0.026845637583892617
22168,236.0,76.0,22.0,9.0,0.09322033898305085,0.11842105263157894
22169,329.0,357.0,18.0,16.0,0.0547112462006079,0.04481792717086835
22170,310.0,257.0,22.0,5.0,0.07096774193548387,0.019455252918287938
22171,279.0,365.0,16.0,15.0,0.05734767025089606,0.0410958904109589
22173,508.0,476.0,4.0,5.0,0.007874015748031496,0.01050420168067227
22174,240.0,310.0,2.0,0.0,0.008333333333333333,0.0
22175,194.0,163.0,1.0,2.0,0.005154639175257732,0.012269938650306749
22176,143.0,117.0,2.0,2.0,0.013986013986013986,0.017094017094017096
22178,800.0,999.0,18.0,24.0,0.0225,0.024024024024024024
22179,277.0,276.0,5.0,6.0,0.018050541516245487,0.021739130434782608
22180,255.0,155.0,18.0,12.0,0.07058823529411765,0.07741935483870968
22181,83.0,57.0,2.0,2.0,0.024096385542168676,0.03508771929824561
22182,50.0,117.0,1.0,2.0,0.02,0.017094017094017096
22183,80.0,129.0,4.0,2.0,0.05,0.015503875968992248
22184,111.0,35.0,10.0,2.0,0.09009009009009009,0.05714285714285714
22185,302.0,148.0,4.0,0.0,0.013245033112582781,0.0
22186,196.0,138.0,4.0,4.0,0.02040816326530612,0.028985507246376812
22187,172.0,182.0,11.0,3.0,0.06395348837209303,0.016483516483516484
22188,378.0,177.0,2.0,1.0,0.005291005291005291,0.005649717514124294
22189,778.0,506.0,9.0,5.0,0.011568123393316195,0.009881422924901186
22190,128.0,103.0,1.0,0.0,0.0078125,0.0
22191,205.0,407.0,6.0,16.0,0.02926829268292683,0.03931203931203931
22192,179.0,352.0,9.0,7.0,0.05027932960893855,0.019886363636363636
22193,157.0,445.0,9.0,9.0,0.05732484076433121,0.020224719101123594
22194,116.0,44.0,4.0,1.0,0.034482758620689655,0.022727272727272728
22195,446.0,352.0,4.0,1.0,0.008968609865470852,0.002840909090909091
22196,527.0,453.0,6.0,4.0,0.011385199240986717,0.008830022075055188
22197,948.0,1350.0,40.0,46.0,0.04219409282700422,0.034074074074074076
22198,568.0,86.0,47.0,15.0,0.08274647887323944,0.1744186046511628
22199,239.0,149.0,5.0,2.0,0.02092050209205021,0.013422818791946308
22200,217.0,130.0,5.0,1.0,0.02304147465437788,0.007692307692307693
22201,79.0,80.0,0.0,2.0,0.0,0.025
22202,228.0,37.0,11.0,1.0,0.04824561403508772,0.02702702702702703
22203,249.0,131.0,9.0,2.0,0.03614457831325301,0.015267175572519083
22204,90.0,75.0,3.0,2.0,0.03333333333333333,0.02666666666666667
22207,272.0,195.0,2.0,4.0,0.007352941176470588,0.020512820512820513
22208,155.0,268.0,1.0,2.0,0.0064516129032258064,0.007462686567164179
22209,85.0,165.0,2.0,1.0,0.023529411764705882,0.006060606060606061
22210,102.0,179.0,3.0,0.0,0.029411764705882353,0.0
22211,96.0,190.0,1.0,1.0,0.010416666666666666,0.005263157894736842
22212,436.0,388.0,7.0,8.0,0.016055045871559634,0.020618556701030927
22214,36.0,53.0,0.0,0.0,0.0,0.0
22215,258.0,83.0,28.0,2.0,0.10852713178294573,0.024096385542168676
22216,53.0,60.0,1.0,0.0,0.018867924528301886,0.0
22217,134.0,62.0,2.0,1.0,0.014925373134328358,0.016129032258064516
22219,617.0,542.0,3.0,3.0,0.004862236628849271,0.005535055350553505
22220,184.0,70.0,18.0,9.0,0.09782608695652174,0.12857142857142856
22221,106.0,45.0,7.0,2.0,0.0660377358490566,0.044444444444444446
22222,181.0,217.0,3.0,0.0,0.016574585635359115,0.0
22223,98.0,77.0,1.0,0.0,0.01020408163265306,0.0
22224,239.0,159.0,4.0,2.0,0.016736401673640166,0.012578616352201259
22227,363.0,291.0,4.0,2.0,0.011019283746556474,0.006872852233676976
22228,131.0,143.0,6.0,1.0,0.04580152671755725,0.006993006993006993
22229,86.0,101.0,6.0,1.0,0.06976744186046512,0.009900990099009901
22230,93.0,100.0,4.0,4.0,0.043010752688172046,0.04
22231,154.0,142.0,9.0,9.0,0.05844155844155844,0.06338028169014084
22232,75.0,78.0,3.0,4.0,0.04,0.05128205128205128
22233,59.0,102.0,5.0,4.0,0.0847457627118644,0.0392156862745098
22236,333.0,88.0,36.0,11.0,0.10810810810810811,0.125
22241,238.0,241.0,2.0,3.0,0.008403361344537815,0.012448132780082987
22242,337.0,34.0,6.0,3.0,0.017804154302670624,0.08823529411764706
22243,262.0,133.0,11.0,3.0,0.04198473282442748,0.022556390977443608
22244,272.0,160.0,7.0,8.0,0.025735294117647058,0.05
22245,319.0,99.0,5.0,2.0,0.01567398119122257,0.020202020202020204
22246,99.0,90.0,0.0,1.0,0.0,0.011111111111111112
22247,71.0,116.0,1.0,0.0,0.014084507042253521,0.0
22248,68.0,110.0,1.0,2.0,0.014705882352941176,0.01818181818181818
22249,100.0,147.0,0.0,1.0,0.0,0.006802721088435374
22250,115.0,147.0,0.0,1.0,0.0,0.006802721088435374
22251,162.0,137.0,1.0,3.0,0.006172839506172839,0.021897810218978103
22252,47.0,68.0,1.0,1.0,0.02127659574468085,0.014705882352941176
22254,89.0,59.0,7.0,0.0,0.07865168539325842,0.0
22255,68.0,75.0,5.0,0.0,0.07352941176470588,0.0
22256,71.0,51.0,1.0,0.0,0.014084507042253521,0.0
22258,56.0,77.0,1.0,2.0,0.017857142857142856,0.025974025974025976
22259,29.0,45.0,1.0,0.0,0.034482758620689655,0.0
22260,139.0,104.0,1.0,1.0,0.007194244604316547,0.009615384615384616
22261,144.0,105.0,0.0,1.0,0.0,0.009523809523809525
22262,177.0,138.0,1.0,2.0,0.005649717514124294,0.014492753623188406
22263,54.0,52.0,0.0,1.0,0.0,0.019230769230769232
22264,72.0,97.0,0.0,0.0,0.0,0.0
22265,107.0,70.0,0.0,0.0,0.0,0.0
22266,71.0,93.0,2.0,0.0,0.028169014084507043,0.0
22267,36.0,83.0,1.0,0.0,0.027777777777777776,0.0
22268,83.0,162.0,5.0,2.0,0.060240963855421686,0.012345679012345678
22269,80.0,123.0,10.0,0.0,0.125,0.0
22270,103.0,55.0,4.0,3.0,0.038834951456310676,0.05454545454545454
22271,491.0,303.0,5.0,2.0,0.010183299389002037,0.006600660066006601
22272,255.0,49.0,0.0,1.0,0.0,0.02040816326530612
22273,487.0,314.0,3.0,5.0,0.006160164271047228,0.01592356687898089
22274,394.0,253.0,6.0,2.0,0.015228426395939087,0.007905138339920948
22276,289.0,82.0,4.0,1.0,0.01384083044982699,0.012195121951219513
22277,152.0,95.0,2.0,0.0,0.013157894736842105,0.0
22278,206.0,173.0,9.0,3.0,0.043689320388349516,0.017341040462427744
22279,87.0,121.0,1.0,1.0,0.011494252873563218,0.008264462809917356
22280,66.0,92.0,0.0,0.0,0.0,0.0
22281,86.0,62.0,3.0,0.0,0.03488372093023256,0.0
22282,117.0,97.0,1.0,1.0,0.008547008547008548,0.010309278350515464
22283,227.0,152.0,5.0,2.0,0.022026431718061675,0.013157894736842105
22284,173.0,130.0,2.0,2.0,0.011560693641618497,0.015384615384615385
22285,146.0,121.0,1.0,0.0,0.00684931506849315,0.0
22286,80.0,114.0,0.0,0.0,0.0,0.0
22287,41.0,79.0,0.0,1.0,0.0,0.012658227848101266
22288,63.0,61.0,0.0,0.0,0.0,0.0
22289,43.0,35.0,0.0,0.0,0.0,0.0
22291,147.0,122.0,1.0,1.0,0.006802721088435374,0.00819672131147541
22292,111.0,116.0,1.0,0.0,0.009009009009009009,0.0
22293,105.0,125.0,1.0,0.0,0.009523809523809525,0.0
22294,587.0,298.0,4.0,3.0,0.0068143100511073255,0.010067114093959731
22295,470.0,246.0,3.0,1.0,0.006382978723404255,0.0040650406504065045
22296,527.0,319.0,2.0,1.0,0.003795066413662239,0.003134796238244514
22297,606.0,374.0,6.0,0.0,0.009900990099009901,0.0
22299,122.0,69.0,2.0,3.0,0.01639344262295082,0.043478260869565216
22300,334.0,185.0,15.0,5.0,0.04491017964071856,0.02702702702702703
22301,393.0,236.0,15.0,11.0,0.03816793893129771,0.046610169491525424
22302,186.0,204.0,7.0,3.0,0.03763440860215054,0.014705882352941176
22303,279.0,252.0,17.0,9.0,0.06093189964157706,0.03571428571428571
22304,106.0,58.0,5.0,0.0,0.04716981132075472,0.0
22305,93.0,50.0,4.0,1.0,0.043010752688172046,0.02
22306,52.0,108.0,0.0,4.0,0.0,0.037037037037037035
22307,44.0,71.0,2.0,4.0,0.045454545454545456,0.056338028169014086
22308,109.0,94.0,2.0,0.0,0.01834862385321101,0.0
22309,145.0,115.0,2.0,0.0,0.013793103448275862,0.0
22310,115.0,105.0,2.0,0.0,0.017391304347826087,0.0
22311,158.0,138.0,2.0,2.0,0.012658227848101266,0.014492753623188406
22312,139.0,125.0,1.0,2.0,0.007194244604316547,0.016
22313,72.0,61.0,1.0,0.0,0.013888888888888888,0.0
22314,119.0,119.0,1.0,1.0,0.008403361344537815,0.008403361344537815
22315,216.0,170.0,2.0,0.0,0.009259259259259259,0.0
22316,64.0,53.0,0.0,1.0,0.0,0.018867924528301886
22317,79.0,89.0,0.0,0.0,0.0,0.0
22318,250.0,140.0,5.0,2.0,0.02,0.014285714285714285
22319,113.0,50.0,7.0,1.0,0.061946902654867256,0.02
22320,107.0,70.0,6.0,4.0,0.056074766355140186,0.05714285714285714
22321,173.0,130.0,0.0,0.0,0.0,0.0
22322,133.0,139.0,2.0,1.0,0.015037593984962405,0.007194244604316547
22324,78.0,70.0,1.0,0.0,0.01282051282051282,0.0
22325,132.0,93.0,10.0,6.0,0.07575757575757576,0.06451612903225806
22326,670.0,704.0,8.0,16.0,0.011940298507462687,0.022727272727272728
22327,370.0,269.0,4.0,6.0,0.010810810810810811,0.022304832713754646
22328,583.0,570.0,8.0,16.0,0.0137221269296741,0.028070175438596492
22329,374.0,230.0,1.0,2.0,0.00267379679144385,0.008695652173913044
22331,258.0,176.0,5.0,1.0,0.01937984496124031,0.005681818181818182
22332,236.0,148.0,2.0,4.0,0.00847457627118644,0.02702702702702703
22333,382.0,316.0,10.0,11.0,0.02617801047120419,0.03481012658227848
22334,166.0,101.0,3.0,0.0,0.018072289156626505,0.0
22335,294.0,217.0,11.0,0.0,0.03741496598639456,0.0
22336,140.0,82.0,0.0,1.0,0.0,0.012195121951219513
22337,71.0,77.0,0.0,0.0,0.0,0.0
22338,85.0,162.0,3.0,1.0,0.03529411764705882,0.006172839506172839
22339,63.0,88.0,5.0,2.0,0.07936507936507936,0.022727272727272728
22340,56.0,114.0,1.0,0.0,0.017857142857142856,0.0
22341,164.0,75.0,9.0,0.0,0.054878048780487805,0.0
22342,102.0,126.0,4.0,2.0,0.0392156862745098,0.015873015873015872
22343,94.0,83.0,1.0,1.0,0.010638297872340425,0.012048192771084338
22344,57.0,70.0,0.0,0.0,0.0,0.0
22345,57.0,65.0,0.0,1.0,0.0,0.015384615384615385
22346,44.0,53.0,0.0,0.0,0.0,0.0
22348,610.0,348.0,5.0,1.0,0.00819672131147541,0.0028735632183908046
22349,236.0,128.0,9.0,2.0,0.038135593220338986,0.015625
22350,213.0,117.0,1.0,1.0,0.004694835680751174,0.008547008547008548
22352,638.0,474.0,9.0,9.0,0.014106583072100314,0.0189873417721519
22353,474.0,24.0,6.0,0.0,0.012658227848101266,0.0
22354,198.0,82.0,3.0,1.0,0.015151515151515152,0.012195121951219513
22355,862.0,862.0,19.0,11.0,0.022041763341067284,0.012761020881670533
22356,844.0,735.0,10.0,17.0,0.011848341232227487,0.02312925170068027
22357,282.0,167.0,10.0,8.0,0.03546099290780142,0.04790419161676647
22358,354.0,244.0,9.0,3.0,0.025423728813559324,0.012295081967213115
22359,121.0,78.0,12.0,2.0,0.09917355371900827,0.02564102564102564
22360,212.0,204.0,23.0,16.0,0.10849056603773585,0.0784313725490196
22361,229.0,258.0,23.0,6.0,0.10043668122270742,0.023255813953488372
22362,120.0,129.0,6.0,7.0,0.05,0.05426356589147287
22363,89.0,77.0,9.0,4.0,0.10112359550561797,0.05194805194805195
22364,177.0,155.0,15.0,13.0,0.0847457627118644,0.08387096774193549
22365,264.0,169.0,1.0,1.0,0.003787878787878788,0.005917159763313609
22366,348.0,218.0,1.0,3.0,0.0028735632183908046,0.013761467889908258
22367,608.0,516.0,2.0,11.0,0.003289473684210526,0.02131782945736434
22371,292.0,377.0,3.0,10.0,0.010273972602739725,0.026525198938992044
22372,140.0,140.0,2.0,1.0,0.014285714285714285,0.007142857142857143
22374,208.0,216.0,1.0,3.0,0.004807692307692308,0.013888888888888888
22375,118.0,158.0,2.0,0.0,0.01694915254237288,0.0
22376,125.0,120.0,0.0,0.0,0.0,0.0
22377,229.0,203.0,3.0,2.0,0.013100436681222707,0.009852216748768473
22378,253.0,286.0,5.0,1.0,0.019762845849802372,0.0034965034965034965
22379,833.0,727.0,3.0,4.0,0.003601440576230492,0.005502063273727648
22380,404.0,274.0,2.0,6.0,0.0049504950495049506,0.021897810218978103
22381,638.0,462.0,3.0,6.0,0.004702194357366771,0.012987012987012988
22382,1009.0,1133.0,7.0,13.0,0.006937561942517344,0.01147396293027361
22383,1130.0,1273.0,11.0,21.0,0.009734513274336283,0.016496465043205028
22384,1036.0,1075.0,16.0,20.0,0.015444015444015444,0.018604651162790697
22385,567.0,671.0,8.0,4.0,0.014109347442680775,0.005961251862891207
22386,1037.0,1210.0,12.0,13.0,0.011571841851494697,0.010743801652892562
22389,47.0,35.0,0.0,1.0,0.0,0.02857142857142857
22390,47.0,30.0,0.0,0.0,0.0,0.0
22391,37.0,25.0,0.0,0.0,0.0,0.0
22393,49.0,57.0,1.0,2.0,0.02040816326530612,0.03508771929824561
22394,32.0,20.0,0.0,1.0,0.0,0.05
22395,20.0,25.0,0.0,0.0,0.0,0.0
22396,57.0,121.0,0.0,2.0,0.0,0.01652892561983471
22398,186.0,239.0,1.0,5.0,0.005376344086021506,0.02092050209205021
22399,180.0,96.0,0.0,3.0,0.0,0.03125
22400,85.0,142.0,1.0,1.0,0.011764705882352941,0.007042253521126761
22402,102.0,143.0,1.0,2.0,0.00980392156862745,0.013986013986013986
22403,87.0,122.0,0.0,2.0,0.0,0.01639344262295082
22405,151.0,60.0,1.0,1.0,0.006622516556291391,0.016666666666666666
22406,135.0,69.0,3.0,1.0,0.022222222222222223,0.014492753623188406
22407,51.0,22.0,1.0,0.0,0.0196078431372549,0.0
22408,67.0,26.0,2.0,0.0,0.029850746268656716,0.0
22409,108.0,54.0,5.0,1.0,0.046296296296296294,0.018518518518518517
22410,140.0,49.0,1.0,0.0,0.007142857142857143,0.0
22411,1029.0,1140.0,10.0,12.0,0.009718172983479106,0.010526315789473684
22412,258.0,148.0,0.0,1.0,0.0,0.006756756756756757
22413,472.0,404.0,3.0,3.0,0.006355932203389831,0.007425742574257425
22414,125.0,88.0,0.0,2.0,0.0,0.022727272727272728
22416,100.0,74.0,0.0,1.0,0.0,0.013513513513513514
22417,598.0,515.0,3.0,2.0,0.005016722408026756,0.003883495145631068
22418,271.0,306.0,2.0,8.0,0.007380073800738007,0.026143790849673203
22419,242.0,258.0,3.0,0.0,0.012396694214876033,0.0
22420,112.0,120.0,1.0,0.0,0.008928571428571428,0.0
22421,201.0,205.0,4.0,1.0,0.01990049751243781,0.004878048780487805
22422,151.0,179.0,1.0,0.0,0.006622516556291391,0.0
22423,1943.0,1946.0,161.0,176.0,0.08286155429747813,0.09044193216855087
22424,286.0,434.0,9.0,16.0,0.03146853146853147,0.03686635944700461
22425,136.0,161.0,2.0,3.0,0.014705882352941176,0.018633540372670808
22426,164.0,203.0,4.0,4.0,0.024390243902439025,0.019704433497536946
22427,293.0,509.0,7.0,13.0,0.023890784982935155,0.025540275049115914
22428,78.0,110.0,5.0,2.0,0.0641025641025641,0.01818181818181818
22429,250.0,367.0,5.0,15.0,0.02,0.04087193460490463
22430,162.0,194.0,2.0,7.0,0.012345679012345678,0.03608247422680412
22431,287.0,330.0,2.0,3.0,0.006968641114982578,0.00909090909090909
22432,240.0,275.0,1.0,3.0,0.004166666666666667,0.01090909090909091
22433,196.0,227.0,1.0,3.0,0.00510204081632653,0.013215859030837005
22434,163.0,115.0,0.0,2.0,0.0,0.017391304347826087
22435,279.0,261.0,3.0,1.0,0.010752688172043012,0.0038314176245210726
22436,128.0,161.0,2.0,1.0,0.015625,0.006211180124223602
22437,224.0,220.0,1.0,1.0,0.004464285714285714,0.004545454545454545
22438,77.0,78.0,0.0,0.0,0.0,0.0
22439,169.0,190.0,2.0,3.0,0.011834319526627219,0.015789473684210527
22440,143.0,154.0,3.0,1.0,0.02097902097902098,0.006493506493506494
22441,255.0,211.0,2.0,3.0,0.00784313725490196,0.014218009478672985
22442,95.0,57.0,6.0,7.0,0.06315789473684211,0.12280701754385964
22443,175.0,90.0,2.0,2.0,0.011428571428571429,0.022222222222222223
22444,397.0,57.0,6.0,3.0,0.015113350125944584,0.05263157894736842
22445,150.0,129.0,0.0,0.0,0.0,0.0
22446,53.0,120.0,1.0,0.0,0.018867924528301886,0.0
22447,37.0,42.0,1.0,0.0,0.02702702702702703,0.0
22448,77.0,39.0,1.0,0.0,0.012987012987012988,0.0
22449,168.0,144.0,1.0,1.0,0.005952380952380952,0.006944444444444444
22450,125.0,59.0,3.0,1.0,0.024,0.01694915254237288
22451,193.0,51.0,2.0,0.0,0.010362694300518135,0.0
22452,111.0,144.0,2.0,1.0,0.018018018018018018,0.006944444444444444
22453,66.0,75.0,2.0,1.0,0.030303030303030304,0.013333333333333334
22454,139.0,42.0,1.0,1.0,0.007194244604316547,0.023809523809523808
22456,360.0,464.0,20.0,32.0,0.05555555555555555,0.06896551724137931
22457,804.0,1210.0,14.0,17.0,0.017412935323383085,0.014049586776859505
22458,150.0,23.0,0.0,0.0,0.0,0.0
22459,149.0,25.0,0.0,0.0,0.0,0.0
22460,167.0,202.0,3.0,6.0,0.017964071856287425,0.0297029702970297
22461,93.0,53.0,18.0,13.0,0.1935483870967742,0.24528301886792453
22464,442.0,322.0,15.0,11.0,0.033936651583710405,0.034161490683229816
22465,274.0,166.0,10.0,7.0,0.0364963503649635,0.04216867469879518
22466,186.0,194.0,3.0,2.0,0.016129032258064516,0.010309278350515464
22467,422.0,660.0,35.0,28.0,0.08293838862559241,0.04242424242424243
22468,260.0,149.0,4.0,2.0,0.015384615384615385,0.013422818791946308
22469,976.0,1185.0,8.0,10.0,0.00819672131147541,0.008438818565400843
22470,1058.0,910.0,6.0,15.0,0.005671077504725898,0.016483516483516484
22471,71.0,97.0,1.0,1.0,0.014084507042253521,0.010309278350515464
22472,143.0,91.0,1.0,2.0,0.006993006993006993,0.02197802197802198
22473,97.0,102.0,0.0,0.0,0.0,0.0
22474,124.0,116.0,0.0,1.0,0.0,0.008620689655172414
22475,120.0,123.0,1.0,0.0,0.008333333333333333,0.0
22476,145.0,115.0,1.0,1.0,0.006896551724137931,0.008695652173913044
22477,150.0,122.0,0.0,1.0,0.0,0.00819672131147541
22478,177.0,134.0,2.0,0.0,0.011299435028248588,0.0
22479,117.0,95.0,0.0,0.0,0.0,0.0
22480,194.0,73.0,0.0,0.0,0.0,0.0
22481,94.0,116.0,0.0,0.0,0.0,0.0
22482,165.0,53.0,0.0,0.0,0.0,0.0
22483,180.0,161.0,4.0,1.0,0.022222222222222223,0.006211180124223602
22485,212.0,205.0,4.0,4.0,0.018867924528301886,0.01951219512195122
22487,471.0,419.0,20.0,17.0,0.04246284501061571,0.0405727923627685
22488,394.0,405.0,8.0,8.0,0.02030456852791878,0.019753086419753086
22489,349.0,425.0,6.0,2.0,0.017191977077363897,0.004705882352941176
22491,174.0,214.0,2.0,1.0,0.011494252873563218,0.004672897196261682
22492,352.0,372.0,4.0,10.0,0.011363636363636364,0.026881720430107527
22493,209.0,210.0,1.0,4.0,0.004784688995215311,0.01904761904761905
22494,226.0,237.0,6.0,7.0,0.02654867256637168,0.029535864978902954
22495,141.0,81.0,0.0,1.0,0.0,0.012345679012345678
22496,115.0,70.0,2.0,1.0,0.017391304347826087,0.014285714285714285
22497,180.0,99.0,2.0,0.0,0.011111111111111112,0.0
22498,233.0,147.0,0.0,0.0,0.0,0.0
22499,368.0,403.0,1.0,2.0,0.002717391304347826,0.004962779156327543
22500,103.0,77.0,1.0,0.0,0.009708737864077669,0.0
22501,317.0,445.0,16.0,17.0,0.050473186119873815,0.038202247191011236
22502,465.0,466.0,7.0,9.0,0.015053763440860216,0.019313304721030045
22503,20.0,34.0,3.0,3.0,0.15,0.08823529411764706
22504,47.0,66.0,4.0,4.0,0.0851063829787234,0.06060606060606061
22505,438.0,299.0,7.0,4.0,0.01598173515981735,0.013377926421404682
22507,443.0,438.0,8.0,5.0,0.01805869074492099,0.01141552511415525
22508,408.0,288.0,4.0,4.0,0.00980392156862745,0.013888888888888888
22509,102.0,55.0,3.0,2.0,0.029411764705882353,0.03636363636363636
22510,48.0,31.0,0.0,0.0,0.0,0.0
22511,58.0,40.0,0.0,1.0,0.0,0.025
22512,34.0,29.0,0.0,0.0,0.0,0.0
22513,104.0,53.0,0.0,0.0,0.0,0.0
22514,134.0,92.0,2.0,0.0,0.014925373134328358,0.0
22515,126.0,79.0,2.0,1.0,0.015873015873015872,0.012658227848101266
22516,100.0,59.0,1.0,0.0,0.01,0.0
22517,83.0,65.0,0.0,0.0,0.0,0.0
22518,186.0,81.0,0.0,0.0,0.0,0.0
22519,172.0,88.0,3.0,0.0,0.01744186046511628,0.0
22520,261.0,115.0,2.0,0.0,0.007662835249042145,0.0
22521,271.0,105.0,1.0,0.0,0.0036900369003690036,0.0
22522,209.0,129.0,1.0,1.0,0.004784688995215311,0.007751937984496124
22523,223.0,133.0,2.0,1.0,0.008968609865470852,0.007518796992481203
22524,213.0,82.0,2.0,0.0,0.009389671361502348,0.0
22525,255.0,74.0,3.0,0.0,0.011764705882352941,0.0
22526,129.0,76.0,4.0,3.0,0.031007751937984496,0.039473684210526314
22529,86.0,65.0,0.0,0.0,0.0,0.0
22530,239.0,229.0,1.0,1.0,0.0041841004184100415,0.004366812227074236
22531,210.0,197.0,0.0,0.0,0.0,0.0
22532,105.0,72.0,0.0,0.0,0.0,0.0
22533,148.0,86.0,1.0,1.0,0.006756756756756757,0.011627906976744186
22534,334.0,259.0,4.0,1.0,0.011976047904191617,0.003861003861003861
22535,167.0,131.0,2.0,1.0,0.011976047904191617,0.007633587786259542
22536,217.0,152.0,0.0,1.0,0.0,0.006578947368421052
22537,186.0,169.0,0.0,1.0,0.0,0.005917159763313609
22538,46.0,39.0,0.0,0.0,0.0,0.0
22539,111.0,127.0,1.0,0.0,0.009009009009009009,0.0
22540,98.0,85.0,1.0,1.0,0.01020408163265306,0.011764705882352941
22541,32.0,30.0,0.0,0.0,0.0,0.0
22543,63.0,48.0,0.0,0.0,0.0,0.0
22544,166.0,156.0,1.0,1.0,0.006024096385542169,0.00641025641025641
22545,110.0,67.0,1.0,1.0,0.00909090909090909,0.014925373134328358
22546,96.0,76.0,0.0,1.0,0.0,0.013157894736842105
22547,90.0,92.0,0.0,1.0,0.0,0.010869565217391304
22548,228.0,212.0,0.0,0.0,0.0,0.0
22549,360.0,340.0,1.0,0.0,0.002777777777777778,0.0
22550,209.0,207.0,6.0,2.0,0.028708133971291867,0.00966183574879227
22551,633.0,644.0,10.0,8.0,0.01579778830963665,0.012422360248447204
22553,538.0,541.0,3.0,7.0,0.0055762081784386614,0.012939001848428836
22554,578.0,679.0,4.0,5.0,0.006920415224913495,0.007363770250368188
22555,458.0,500.0,4.0,4.0,0.008733624454148471,0.008
22556,639.0,548.0,9.0,10.0,0.014084507042253521,0.01824817518248175
22557,580.0,546.0,5.0,4.0,0.008620689655172414,0.007326007326007326
22558,437.0,753.0,4.0,10.0,0.009153318077803204,0.013280212483399735
22559,123.0,79.0,1.0,0.0,0.008130081300813009,0.0
22560,365.0,374.0,3.0,1.0,0.00821917808219178,0.00267379679144385
22561,480.0,423.0,8.0,3.0,0.016666666666666666,0.0070921985815602835
22562,185.0,196.0,0.0,0.0,0.0,0.0
22563,260.0,265.0,1.0,1.0,0.0038461538461538464,0.0037735849056603774
22564,158.0,176.0,3.0,2.0,0.0189873417721519,0.011363636363636364
22565,133.0,137.0,1.0,0.0,0.007518796992481203,0.0
22566,149.0,138.0,0.0,0.0,0.0,0.0
22567,286.0,217.0,5.0,5.0,0.017482517482517484,0.02304147465437788
22568,406.0,470.0,2.0,7.0,0.0049261083743842365,0.014893617021276596
22569,443.0,350.0,2.0,3.0,0.004514672686230248,0.008571428571428572
22570,421.0,389.0,3.0,3.0,0.007125890736342043,0.007712082262210797
22571,263.0,238.0,0.0,3.0,0.0,0.012605042016806723
22572,191.0,182.0,1.0,0.0,0.005235602094240838,0.0
22573,187.0,206.0,0.0,0.0,0.0,0.0
22574,196.0,205.0,1.0,1.0,0.00510204081632653,0.004878048780487805
22575,252.0,90.0,6.0,1.0,0.023809523809523808,0.011111111111111112
22576,170.0,161.0,0.0,1.0,0.0,0.006211180124223602
22577,306.0,517.0,0.0,1.0,0.0,0.0019342359767891683
22578,273.0,488.0,0.0,3.0,0.0,0.006147540983606557
22579,225.0,349.0,0.0,1.0,0.0,0.0028653295128939827
22580,250.0,234.0,3.0,4.0,0.012,0.017094017094017096
22581,208.0,153.0,0.0,1.0,0.0,0.006535947712418301
22582,198.0,99.0,3.0,1.0,0.015151515151515152,0.010101010101010102
22583,249.0,108.0,4.0,2.0,0.01606425702811245,0.018518518518518517
22584,398.0,189.0,3.0,2.0,0.007537688442211055,0.010582010582010581
22585,717.0,392.0,10.0,3.0,0.01394700139470014,0.007653061224489796
22586,138.0,148.0,0.0,2.0,0.0,0.013513513513513514
22587,154.0,143.0,0.0,0.0,0.0,0.0
22588,314.0,169.0,0.0,3.0,0.0,0.01775147928994083
22589,160.0,76.0,1.0,0.0,0.00625,0.0
22591,123.0,80.0,7.0,6.0,0.056910569105691054,0.075
22592,171.0,119.0,0.0,2.0,0.0,0.01680672268907563
22593,217.0,183.0,0.0,1.0,0.0,0.00546448087431694
22594,216.0,182.0,0.0,1.0,0.0,0.005494505494505495
22595,332.0,463.0,0.0,1.0,0.0,0.0021598272138228943
22596,180.0,216.0,2.0,6.0,0.011111111111111112,0.027777777777777776
22597,107.0,166.0,0.0,1.0,0.0,0.006024096385542169
22598,50.0,79.0,0.0,0.0,0.0,0.0
22599,67.0,105.0,0.0,1.0,0.0,0.009523809523809525
22600,240.0,174.0,0.0,2.0,0.0,0.011494252873563218
22601,220.0,184.0,0.0,2.0,0.0,0.010869565217391304
22602,269.0,265.0,1.0,1.0,0.0037174721189591076,0.0037735849056603774
22603,220.0,159.0,0.0,2.0,0.0,0.012578616352201259
22604,122.0,120.0,3.0,0.0,0.02459016393442623,0.0
22605,343.0,285.0,6.0,6.0,0.01749271137026239,0.021052631578947368
22606,234.0,140.0,9.0,8.0,0.038461538461538464,0.05714285714285714
22607,388.0,346.0,4.0,4.0,0.010309278350515464,0.011560693641618497
22608,26.0,134.0,1.0,1.0,0.038461538461538464,0.007462686567164179
22609,46.0,150.0,3.0,1.0,0.06521739130434782,0.006666666666666667
22610,71.0,212.0,1.0,0.0,0.014084507042253521,0.0
22611,153.0,47.0,2.0,0.0,0.013071895424836602,0.0
22613,133.0,141.0,0.0,1.0,0.0,0.0070921985815602835
22614,151.0,211.0,2.0,4.0,0.013245033112582781,0.018957345971563982
22615,87.0,96.0,0.0,1.0,0.0,0.010416666666666666
22616,318.0,501.0,1.0,2.0,0.0031446540880503146,0.003992015968063872
22617,481.0,442.0,52.0,15.0,0.10810810810810811,0.033936651583710405
22618,215.0,28.0,37.0,3.0,0.17209302325581396,0.10714285714285714
22619,270.0,419.0,2.0,1.0,0.007407407407407408,0.002386634844868735
22620,367.0,462.0,2.0,2.0,0.005449591280653951,0.004329004329004329
22621,273.0,578.0,3.0,2.0,0.01098901098901099,0.0034602076124567475
22622,307.0,257.0,1.0,5.0,0.003257328990228013,0.019455252918287938
22623,308.0,225.0,4.0,4.0,0.012987012987012988,0.017777777777777778
22624,510.0,678.0,6.0,9.0,0.011764705882352941,0.01327433628318584
22625,404.0,524.0,3.0,17.0,0.007425742574257425,0.03244274809160305
22626,140.0,190.0,3.0,4.0,0.02142857142857143,0.021052631578947368
22627,297.0,337.0,1.0,12.0,0.003367003367003367,0.03560830860534125
22628,160.0,188.0,3.0,9.0,0.01875,0.047872340425531915
22629,474.0,870.0,6.0,8.0,0.012658227848101266,0.009195402298850575
22630,491.0,830.0,10.0,10.0,0.020366598778004074,0.012048192771084338
22631,271.0,386.0,3.0,5.0,0.01107011070110701,0.012953367875647668
22632,404.0,362.0,4.0,8.0,0.009900990099009901,0.022099447513812154
22633,407.0,442.0,2.0,7.0,0.004914004914004914,0.01583710407239819
22634,277.0,212.0,30.0,23.0,0.10830324909747292,0.10849056603773585
22635,292.0,187.0,18.0,8.0,0.06164383561643835,0.0427807486631016
22636,295.0,190.0,10.0,13.0,0.03389830508474576,0.06842105263157895
22637,270.0,329.0,7.0,23.0,0.025925925925925925,0.06990881458966565
22638,22.0,46.0,0.0,1.0,0.0,0.021739130434782608
22639,130.0,142.0,1.0,0.0,0.007692307692307693,0.0
22640,31.0,53.0,0.0,0.0,0.0,0.0
22641,32.0,36.0,0.0,0.0,0.0,0.0
22642,93.0,43.0,0.0,0.0,0.0,0.0
22643,48.0,40.0,0.0,0.0,0.0,0.0
22644,338.0,246.0,15.0,4.0,0.04437869822485207,0.016260162601626018
22645,392.0,323.0,12.0,4.0,0.030612244897959183,0.01238390092879257
22646,499.0,363.0,24.0,9.0,0.04809619238476954,0.024793388429752067
22647,37.0,38.0,3.0,1.0,0.08108108108108109,0.02631578947368421
22649,289.0,200.0,22.0,19.0,0.07612456747404844,0.095
22650,142.0,134.0,5.0,2.0,0.035211267605633804,0.014925373134328358
22651,102.0,159.0,0.0,0.0,0.0,0.0
22652,374.0,470.0,6.0,5.0,0.016042780748663103,0.010638297872340425
22653,131.0,238.0,2.0,2.0,0.015267175572519083,0.008403361344537815
22654,272.0,314.0,11.0,14.0,0.04044117647058824,0.044585987261146494
22659,376.0,699.0,4.0,18.0,0.010638297872340425,0.02575107296137339
22660,92.0,99.0,1.0,0.0,0.010869565217391304,0.0
22661,219.0,407.0,2.0,4.0,0.0091324200913242,0.009828009828009828
22662,315.0,675.0,2.0,8.0,0.006349206349206349,0.011851851851851851
22663,240.0,437.0,1.0,2.0,0.004166666666666667,0.004576659038901602
22664,104.0,153.0,0.0,3.0,0.0,0.0196078431372549
22665,351.0,356.0,9.0,9.0,0.02564102564102564,0.025280898876404494
22666,552.0,1080.0,16.0,44.0,0.028985507246376812,0.040740740740740744
22667,387.0,450.0,17.0,18.0,0.04392764857881137,0.04
22668,234.0,340.0,3.0,3.0,0.01282051282051282,0.008823529411764706
22669,207.0,227.0,1.0,1.0,0.004830917874396135,0.004405286343612335
22670,129.0,293.0,3.0,2.0,0.023255813953488372,0.006825938566552901
22671,103.0,137.0,2.0,1.0,0.019417475728155338,0.0072992700729927005
22672,155.0,213.0,1.0,3.0,0.0064516129032258064,0.014084507042253521
22673,64.0,126.0,2.0,1.0,0.03125,0.007936507936507936
22674,110.0,184.0,1.0,2.0,0.00909090909090909,0.010869565217391304
22675,107.0,156.0,1.0,3.0,0.009345794392523364,0.019230769230769232
22676,107.0,195.0,0.0,2.0,0.0,0.010256410256410256
22677,92.0,186.0,0.0,2.0,0.0,0.010752688172043012
22678,88.0,154.0,0.0,2.0,0.0,0.012987012987012988
22679,78.0,145.0,0.0,1.0,0.0,0.006896551724137931
22680,77.0,151.0,0.0,2.0,0.0,0.013245033112582781
22681,64.0,125.0,0.0,3.0,0.0,0.024
22682,69.0,110.0,0.0,2.0,0.0,0.01818181818181818
22683,72.0,119.0,0.0,2.0,0.0,0.01680672268907563
22684,65.0,98.0,0.0,3.0,0.0,0.030612244897959183
22685,62.0,97.0,0.0,1.0,0.0,0.010309278350515464
22686,63.0,154.0,0.0,2.0,0.0,0.012987012987012988
22687,97.0,47.0,0.0,0.0,0.0,0.0
22688,61.0,30.0,0.0,0.0,0.0,0.0
22689,118.0,147.0,0.0,2.0,0.0,0.013605442176870748
22690,152.0,277.0,0.0,4.0,0.0,0.01444043321299639
22691,98.0,114.0,1.0,2.0,0.01020408163265306,0.017543859649122806
22692,163.0,431.0,1.0,2.0,0.006134969325153374,0.004640371229698376
22693,46.0,296.0,0.0,2.0,0.0,0.006756756756756757
22694,459.0,389.0,4.0,4.0,0.008714596949891068,0.010282776349614395
22695,105.0,100.0,0.0,0.0,0.0,0.0
22696,139.0,147.0,0.0,0.0,0.0,0.0
22697,343.0,991.0,16.0,41.0,0.04664723032069971,0.04137235116044399
22698,271.0,736.0,12.0,35.0,0.04428044280442804,0.04755434782608696
22699,364.0,1040.0,8.0,53.0,0.02197802197802198,0.05096153846153846
22700,46.0,52.0,0.0,4.0,0.0,0.07692307692307693
22701,43.0,97.0,0.0,5.0,0.0,0.05154639175257732
22702,46.0,47.0,2.0,0.0,0.043478260869565216,0.0
22703,42.0,103.0,0.0,0.0,0.0,0.0
22704,121.0,166.0,0.0,2.0,0.0,0.012048192771084338
22705,74.0,75.0,0.0,1.0,0.0,0.013333333333333334
22706,54.0,67.0,1.0,1.0,0.018518518518518517,0.014925373134328358
22707,34.0,48.0,0.0,0.0,0.0,0.0
22708,59.0,96.0,0.0,1.0,0.0,0.010416666666666666
22709,38.0,38.0,1.0,0.0,0.02631578947368421,0.0
22710,69.0,101.0,3.0,2.0,0.043478260869565216,0.019801980198019802
22711,78.0,100.0,0.0,2.0,0.0,0.02
22712,196.0,303.0,1.0,2.0,0.00510204081632653,0.006600660066006601
22713,152.0,211.0,1.0,1.0,0.006578947368421052,0.004739336492890996
22714,134.0,219.0,3.0,1.0,0.022388059701492536,0.0045662100456621
22715,88.0,130.0,0.0,0.0,0.0,0.0
22716,159.0,276.0,1.0,0.0,0.006289308176100629,0.0
22717,84.0,128.0,1.0,0.0,0.011904761904761904,0.0
22718,96.0,167.0,1.0,2.0,0.010416666666666666,0.011976047904191617
22719,128.0,110.0,5.0,4.0,0.0390625,0.03636363636363636
22725,122.0,409.0,2.0,13.0,0.01639344262295082,0.03178484107579462
22726,296.0,933.0,2.0,22.0,0.006756756756756757,0.023579849946409433
22727,319.0,1000.0,2.0,31.0,0.006269592476489028,0.031
22728,189.0,756.0,1.0,17.0,0.005291005291005291,0.022486772486772486
22729,168.0,450.0,1.0,18.0,0.005952380952380952,0.04
22730,177.0,543.0,1.0,13.0,0.005649717514124294,0.02394106813996317
22731,125.0,132.0,1.0,1.0,0.008,0.007575757575757576
22732,152.0,175.0,0.0,0.0,0.0,0.0
22733,143.0,187.0,1.0,0.0,0.006993006993006993,0.0
22734,342.0,403.0,0.0,4.0,0.0,0.009925558312655087
22735,95.0,131.0,0.0,0.0,0.0,0.0
22736,187.0,212.0,1.0,2.0,0.0053475935828877,0.009433962264150943
22737,237.0,249.0,0.0,2.0,0.0,0.008032128514056224
22738,223.0,257.0,1.0,2.0,0.004484304932735426,0.007782101167315175
22739,286.0,304.0,1.0,1.0,0.0034965034965034965,0.003289473684210526
22740,131.0,170.0,0.0,0.0,0.0,0.0
22741,59.0,222.0,0.0,3.0,0.0,0.013513513513513514
22742,81.0,86.0,0.0,1.0,0.0,0.011627906976744186
22743,151.0,185.0,0.0,1.0,0.0,0.005405405405405406
22744,131.0,152.0,2.0,2.0,0.015267175572519083,0.013157894736842105
22745,287.0,410.0,0.0,3.0,0.0,0.007317073170731708
22746,242.0,319.0,0.0,2.0,0.0,0.006269592476489028
22747,177.0,219.0,0.0,1.0,0.0,0.0045662100456621
22748,313.0,423.0,0.0,4.0,0.0,0.009456264775413711
22749,240.0,429.0,1.0,0.0,0.004166666666666667,0.0
22750,236.0,394.0,1.0,2.0,0.00423728813559322,0.005076142131979695
22751,178.0,275.0,1.0,1.0,0.0056179775280898875,0.0036363636363636364
22752,318.0,366.0,20.0,5.0,0.06289308176100629,0.01366120218579235
22753,191.0,190.0,1.0,0.0,0.005235602094240838,0.0
22754,229.0,230.0,1.0,0.0,0.004366812227074236,0.0
22755,254.0,218.0,1.0,0.0,0.003937007874015748,0.0
22756,93.0,99.0,1.0,0.0,0.010752688172043012,0.0
22757,150.0,129.0,0.0,1.0,0.0,0.007751937984496124
22758,139.0,143.0,3.0,0.0,0.02158273381294964,0.0
22759,382.0,430.0,1.0,2.0,0.002617801047120419,0.004651162790697674
22760,40.0,80.0,3.0,6.0,0.075,0.075
22762,21.0,110.0,0.0,7.0,0.0,0.06363636363636363
22763,27.0,101.0,1.0,3.0,0.037037037037037035,0.0297029702970297
22766,137.0,492.0,4.0,15.0,0.029197080291970802,0.03048780487804878
22767,79.0,209.0,3.0,17.0,0.0379746835443038,0.08133971291866028
22768,95.0,250.0,2.0,23.0,0.021052631578947368,0.092
22771,73.0,437.0,0.0,4.0,0.0,0.009153318077803204
22772,60.0,251.0,1.0,2.0,0.016666666666666666,0.00796812749003984
22773,36.0,191.0,1.0,0.0,0.027777777777777776,0.0
22774,44.0,140.0,1.0,3.0,0.022727272727272728,0.02142857142857143
22775,49.0,236.0,2.0,2.0,0.04081632653061224,0.00847457627118644
22776,155.0,521.0,11.0,39.0,0.07096774193548387,0.07485604606525911
22777,42.0,58.0,1.0,4.0,0.023809523809523808,0.06896551724137931
22778,53.0,148.0,2.0,18.0,0.03773584905660377,0.12162162162162163
22779,45.0,145.0,1.0,6.0,0.022222222222222223,0.041379310344827586
22780,47.0,129.0,0.0,7.0,0.0,0.05426356589147287
22781,76.0,222.0,2.0,11.0,0.02631578947368421,0.04954954954954955
22784,70.0,292.0,3.0,27.0,0.04285714285714286,0.09246575342465753
22785,48.0,65.0,0.0,0.0,0.0,0.0
22786,47.0,44.0,0.0,0.0,0.0,0.0
22788,24.0,60.0,1.0,4.0,0.041666666666666664,0.06666666666666667
22789,61.0,135.0,0.0,1.0,0.0,0.007407407407407408
22791,89.0,325.0,2.0,10.0,0.02247191011235955,0.03076923076923077
22792,56.0,191.0,0.0,1.0,0.0,0.005235602094240838
22794,27.0,176.0,0.0,4.0,0.0,0.022727272727272728
22795,131.0,348.0,3.0,2.0,0.022900763358778626,0.005747126436781609
22796,84.0,228.0,3.0,22.0,0.03571428571428571,0.09649122807017543
22797,49.0,89.0,5.0,9.0,0.10204081632653061,0.10112359550561797
22798,89.0,248.0,5.0,17.0,0.056179775280898875,0.06854838709677419
22800,65.0,192.0,3.0,6.0,0.046153846153846156,0.03125
22801,82.0,215.0,10.0,11.0,0.12195121951219512,0.05116279069767442
22804,202.0,471.0,3.0,8.0,0.01485148514851485,0.016985138004246284
22805,36.0,190.0,0.0,2.0,0.0,0.010526315789473684
22806,20.0,32.0,2.0,0.0,0.1,0.0
22807,102.0,175.0,3.0,0.0,0.029411764705882353,0.0
22809,176.0,188.0,2.0,3.0,0.011363636363636364,0.015957446808510637
22810,166.0,163.0,1.0,2.0,0.006024096385542169,0.012269938650306749
22811,32.0,94.0,0.0,1.0,0.0,0.010638297872340425
22812,283.0,189.0,3.0,3.0,0.01060070671378092,0.015873015873015872
22813,160.0,206.0,1.0,0.0,0.00625,0.0
22814,60.0,224.0,0.0,0.0,0.0,0.0
22815,72.0,257.0,0.0,0.0,0.0,0.0
22816,171.0,246.0,2.0,0.0,0.011695906432748537,0.0
22817,65.0,281.0,0.0,0.0,0.0,0.0
22818,160.0,227.0,2.0,3.0,0.0125,0.013215859030837005
22819,61.0,260.0,0.0,0.0,0.0,0.0
22820,33.0,76.0,0.0,1.0,0.0,0.013157894736842105
22821,47.0,129.0,1.0,1.0,0.02127659574468085,0.007751937984496124
22822,26.0,155.0,0.0,2.0,0.0,0.012903225806451613
22834,240.0,352.0,1.0,7.0,0.004166666666666667,0.019886363636363636
22835,356.0,608.0,5.0,6.0,0.014044943820224719,0.009868421052631578
22837,278.0,186.0,0.0,2.0,0.0,0.010752688172043012
22838,103.0,161.0,7.0,13.0,0.06796116504854369,0.08074534161490683
22839,59.0,197.0,1.0,10.0,0.01694915254237288,0.050761421319796954
22840,131.0,264.0,6.0,12.0,0.04580152671755725,0.045454545454545456
22841,93.0,208.0,5.0,9.0,0.053763440860215055,0.04326923076923077
22842,76.0,161.0,1.0,13.0,0.013157894736842105,0.08074534161490683
22843,53.0,125.0,6.0,8.0,0.11320754716981132,0.064
22844,83.0,402.0,1.0,8.0,0.012048192771084338,0.01990049751243781
22845,79.0,307.0,0.0,9.0,0.0,0.029315960912052116
22846,68.0,264.0,1.0,18.0,0.014705882352941176,0.06818181818181818
22847,106.0,362.0,5.0,31.0,0.04716981132075472,0.0856353591160221
22848,23.0,128.0,2.0,8.0,0.08695652173913043,0.0625
22849,33.0,129.0,1.0,8.0,0.030303030303030304,0.06201550387596899
22851,178.0,347.0,2.0,2.0,0.011235955056179775,0.005763688760806916
22852,35.0,118.0,0.0,2.0,0.0,0.01694915254237288
22853,30.0,111.0,0.0,1.0,0.0,0.009009009009009009
22854,83.0,163.0,3.0,3.0,0.03614457831325301,0.018404907975460124
22855,195.0,238.0,0.0,1.0,0.0,0.004201680672268907
22862,158.0,68.0,2.0,0.0,0.012658227848101266,0.0
22863,60.0,108.0,0.0,2.0,0.0,0.018518518518518517
22865,590.0,586.0,3.0,10.0,0.005084745762711864,0.017064846416382253
22866,567.0,505.0,2.0,5.0,0.003527336860670194,0.009900990099009901
22867,525.0,502.0,1.0,5.0,0.0019047619047619048,0.0099601593625498
22890,95.0,161.0,14.0,12.0,0.14736842105263157,0.07453416149068323
22891,62.0,159.0,6.0,18.0,0.0967741935483871,0.11320754716981132
22892,96.0,199.0,4.0,17.0,0.041666666666666664,0.08542713567839195
22893,40.0,141.0,0.0,5.0,0.0,0.03546099290780142
22894,71.0,122.0,1.0,0.0,0.014084507042253521,0.0
22895,129.0,275.0,0.0,1.0,0.0,0.0036363636363636364
22896,79.0,280.0,0.0,2.0,0.0,0.007142857142857143
22897,87.0,205.0,0.0,5.0,0.0,0.024390243902439025
22898,106.0,346.0,1.0,0.0,0.009433962264150943,0.0
22899,109.0,296.0,2.0,3.0,0.01834862385321101,0.010135135135135136
22900,199.0,520.0,0.0,11.0,0.0,0.021153846153846155
22902,65.0,132.0,0.0,2.0,0.0,0.015151515151515152
22903,23.0,52.0,2.0,0.0,0.08695652173913043,0.0
22904,193.0,274.0,2.0,1.0,0.010362694300518135,0.0036496350364963502
22905,84.0,97.0,0.0,0.0,0.0,0.0
22906,207.0,243.0,1.0,1.0,0.004830917874396135,0.00411522633744856
22907,161.0,675.0,1.0,6.0,0.006211180124223602,0.008888888888888889
22908,111.0,373.0,2.0,2.0,0.018018018018018018,0.005361930294906166
22909,492.0,566.0,5.0,6.0,0.01016260162601626,0.01060070671378092
22910,614.0,742.0,5.0,12.0,0.008143322475570033,0.016172506738544475
22911,70.0,93.0,1.0,3.0,0.014285714285714285,0.03225806451612903
22926,21.0,196.0,0.0,6.0,0.0,0.030612244897959183
22938,87.0,184.0,0.0,4.0,0.0,0.021739130434782608
22939,56.0,124.0,0.0,2.0,0.0,0.016129032258064516
22940,271.0,300.0,2.0,4.0,0.007380073800738007,0.013333333333333334
22941,173.0,281.0,6.0,19.0,0.03468208092485549,0.06761565836298933
22942,94.0,123.0,1.0,11.0,0.010638297872340425,0.08943089430894309
22943,149.0,196.0,5.0,10.0,0.03355704697986577,0.05102040816326531
22944,49.0,105.0,1.0,2.0,0.02040816326530612,0.01904761904761905
22945,171.0,170.0,1.0,6.0,0.005847953216374269,0.03529411764705882
22946,138.0,133.0,7.0,5.0,0.050724637681159424,0.03759398496240601
22947,73.0,137.0,7.0,4.0,0.0958904109589041,0.029197080291970802
22948,44.0,136.0,0.0,2.0,0.0,0.014705882352941176
22949,72.0,104.0,1.0,2.0,0.013888888888888888,0.019230769230769232
22950,171.0,185.0,1.0,4.0,0.005847953216374269,0.021621621621621623
22951,201.0,425.0,1.0,5.0,0.004975124378109453,0.011764705882352941
22952,539.0,581.0,1.0,4.0,0.0018552875695732839,0.0068846815834767644
22953,21.0,98.0,0.0,0.0,0.0,0.0
22955,56.0,127.0,0.0,0.0,0.0,0.0
22956,63.0,192.0,0.0,3.0,0.0,0.015625
22959,143.0,132.0,2.0,2.0,0.013986013986013986,0.015151515151515152
22960,27.0,1095.0,0.0,85.0,0.0,0.0776255707762557
22961,39.0,1127.0,1.0,13.0,0.02564102564102564,0.011535048802129548
22964,31.0,361.0,0.0,7.0,0.0,0.019390581717451522
22965,25.0,227.0,0.0,5.0,0.0,0.022026431718061675
22966,65.0,645.0,0.0,2.0,0.0,0.0031007751937984496
22968,117.0,187.0,4.0,10.0,0.03418803418803419,0.053475935828877004
22969,63.0,629.0,0.0,7.0,0.0,0.011128775834658187
22983,109.0,431.0,0.0,3.0,0.0,0.0069605568445475635
22984,51.0,159.0,0.0,0.0,0.0,0.0
22985,37.0,97.0,0.0,0.0,0.0,0.0
22986,49.0,152.0,0.0,1.0,0.0,0.006578947368421052
22988,29.0,399.0,0.0,8.0,0.0,0.020050125313283207
35001G,73.0,28.0,2.0,0.0,0.0273972602739726,0.0
35004B,164.0,106.0,16.0,9.0,0.0975609756097561,0.08490566037735849
35004C,341.0,39.0,23.0,8.0,0.06744868035190615,0.20512820512820512
35095A,66.0,89.0,0.0,0.0,0.0,0.0
35095B,79.0,90.0,0.0,0.0,0.0,0.0
35241,86.0,44.0,6.0,0.0,0.06976744186046512,0.0
35471D,125.0,220.0,0.0,2.0,0.0,0.00909090909090909
35598B,32.0,25.0,0.0,0.0,0.0,0.0
35598D,61.0,41.0,0.0,1.0,0.0,0.024390243902439025
35599B,24.0,26.0,0.0,0.0,0.0,0.0
35599D,69.0,32.0,1.0,0.0,0.014492753623188406,0.0
35637A,25.0,28.0,1.0,0.0,0.04,0.0
35653,61.0,52.0,0.0,0.0,0.0,0.0
35809A,116.0,72.0,0.0,0.0,0.0,0.0
35810A,96.0,76.0,1.0,0.0,0.010416666666666666,0.0
35810B,42.0,26.0,0.0,2.0,0.0,0.07692307692307693
35833P,42.0,22.0,0.0,0.0,0.0,0.0
35911A,27.0,70.0,0.0,0.0,0.0,0.0
35915C,22.0,60.0,0.0,0.0,0.0,0.0
35916C,22.0,20.0,0.0,0.0,0.0,0.0
35921,27.0,23.0,0.0,1.0,0.0,0.043478260869565216
35923,50.0,62.0,2.0,1.0,0.04,0.016129032258064516
35924,118.0,73.0,6.0,5.0,0.05084745762711865,0.0684931506849315
35953,24.0,116.0,0.0,1.0,0.0,0.008620689655172414
35954,57.0,55.0,0.0,0.0,0.0,0.0
35957,107.0,41.0,1.0,1.0,0.009345794392523364,0.024390243902439025
35961,398.0,238.0,0.0,1.0,0.0,0.004201680672268907
35964,33.0,86.0,0.0,0.0,0.0,0.0
35965,105.0,69.0,0.0,1.0,0.0,0.014492753623188406
35967,45.0,59.0,1.0,0.0,0.022222222222222223,0.0
35970,244.0,424.0,1.0,5.0,0.004098360655737705,0.01179245283018868
35971,134.0,88.0,0.0,2.0,0.0,0.022727272727272728
37340,69.0,130.0,2.0,2.0,0.028985507246376812,0.015384615384615385
37342,22.0,110.0,0.0,3.0,0.0,0.02727272727272727
37370,337.0,162.0,11.0,5.0,0.032640949554896145,0.030864197530864196
37446,227.0,184.0,14.0,12.0,0.06167400881057269,0.06521739130434782
37447,251.0,112.0,23.0,6.0,0.09163346613545817,0.05357142857142857
37448,354.0,183.0,14.0,12.0,0.03954802259887006,0.06557377049180328
37449,324.0,152.0,46.0,22.0,0.1419753086419753,0.14473684210526316
37450,262.0,133.0,15.0,11.0,0.05725190839694656,0.08270676691729323
37475,29.0,42.0,0.0,0.0,0.0,0.0
37476,51.0,27.0,0.0,0.0,0.0,0.0
37482P,38.0,48.0,0.0,0.0,0.0,0.0
37495,239.0,91.0,21.0,12.0,0.08786610878661087,0.13186813186813187
37500,151.0,105.0,6.0,3.0,0.039735099337748346,0.02857142857142857
37501,128.0,49.0,7.0,1.0,0.0546875,0.02040816326530612
40001,65.0,56.0,5.0,6.0,0.07692307692307693,0.10714285714285714
40016,148.0,97.0,0.0,0.0,0.0,0.0
44234,27.0,31.0,0.0,1.0,0.0,0.03225806451612903
46000M,216.0,133.0,1.0,1.0,0.004629629629629629,0.007518796992481203
46000R,23.0,37.0,0.0,0.0,0.0,0.0
46000S,195.0,177.0,2.0,3.0,0.010256410256410256,0.01694915254237288
46000U,25.0,25.0,0.0,0.0,0.0,0.0
46118,27.0,41.0,0.0,0.0,0.0,0.0
46775D,56.0,37.0,4.0,0.0,0.07142857142857142,0.0
46776A,51.0,67.0,0.0,0.0,0.0,0.0
46776B,65.0,81.0,0.0,0.0,0.0,0.0
46776C,38.0,52.0,0.0,0.0,0.0,0.0
46776D,39.0,32.0,1.0,0.0,0.02564102564102564,0.0
46776E,39.0,38.0,0.0,0.0,0.0,0.0
46776F,68.0,82.0,0.0,0.0,0.0,0.0
47021G,44.0,27.0,0.0,0.0,0.0,0.0
47310M,51.0,114.0,0.0,0.0,0.0,0.0
47367B,53.0,43.0,1.0,0.0,0.018867924528301886,0.0
47421,20.0,58.0,1.0,0.0,0.05,0.0
47422,23.0,47.0,2.0,1.0,0.08695652173913043,0.02127659574468085
47471,24.0,36.0,0.0,0.0,0.0,0.0
47480,64.0,79.0,2.0,0.0,0.03125,0.0
47481,21.0,23.0,0.0,0.0,0.0,0.0
47503A,32.0,168.0,0.0,2.0,0.0,0.011904761904761904
47503H,23.0,39.0,1.0,0.0,0.043478260869565216,0.0
47504H,22.0,107.0,0.0,1.0,0.0,0.009345794392523364
47504K,101.0,216.0,4.0,1.0,0.039603960396039604,0.004629629629629629
47559B,438.0,300.0,4.0,2.0,0.0091324200913242,0.006666666666666667
47563A,46.0,96.0,0.0,1.0,0.0,0.010416666666666666
47566,1006.0,1671.0,3.0,20.0,0.002982107355864811,0.011968880909634948
47566B,413.0,467.0,4.0,7.0,0.009685230024213076,0.014989293361884369
47567B,221.0,129.0,3.0,5.0,0.013574660633484163,0.03875968992248062
47570B,201.0,33.0,1.0,0.0,0.004975124378109453,0.0
47578A,28.0,43.0,0.0,0.0,0.0,0.0
47580,237.0,108.0,2.0,2.0,0.008438818565400843,0.018518518518518517
47585A,65.0,82.0,2.0,0.0,0.03076923076923077,0.0
47590A,301.0,387.0,6.0,3.0,0.019933554817275746,0.007751937984496124
47590B,485.0,398.0,6.0,4.0,0.012371134020618556,0.010050251256281407
47591B,229.0,56.0,0.0,0.0,0.0,0.0
47591D,727.0,482.0,3.0,2.0,0.0041265474552957355,0.004149377593360996
47593B,114.0,239.0,0.0,0.0,0.0,0.0
47594A,56.0,50.0,6.0,5.0,0.10714285714285714,0.1
47594B,66.0,56.0,10.0,3.0,0.15151515151515152,0.05357142857142857
47599A,206.0,166.0,2.0,1.0,0.009708737864077669,0.006024096385542169
47599B,171.0,117.0,2.0,2.0,0.011695906432748537,0.017094017094017096
48111,487.0,229.0,2.0,1.0,0.004106776180698152,0.004366812227074236
48116,295.0,195.0,0.0,2.0,0.0,0.010256410256410256
48129,340.0,199.0,0.0,4.0,0.0,0.020100502512562814
48138,1050.0,598.0,6.0,7.0,0.005714285714285714,0.011705685618729096
48173C,343.0,191.0,1.0,3.0,0.0029154518950437317,0.015706806282722512
48184,444.0,394.0,2.0,3.0,0.0045045045045045045,0.007614213197969543
48185,622.0,360.0,5.0,3.0,0.008038585209003215,0.008333333333333333
48187,682.0,587.0,4.0,2.0,0.005865102639296188,0.0034071550255536627
48188,411.0,286.0,3.0,3.0,0.0072992700729927005,0.01048951048951049
48194,760.0,578.0,5.0,2.0,0.006578947368421052,0.0034602076124567475
51008,58.0,22.0,4.0,0.0,0.06896551724137931,0.0
51014A,137.0,225.0,3.0,1.0,0.021897810218978103,0.0044444444444444444
51014C,91.0,167.0,2.0,4.0,0.02197802197802198,0.023952095808383235
51014L,77.0,143.0,2.0,2.0,0.025974025974025976,0.013986013986013986
62018,66.0,58.0,0.0,0.0,0.0,0.0
70006,174.0,112.0,2.0,0.0,0.011494252873563218,0.0
70007,99.0,100.0,0.0,0.0,0.0,0.0
71038,97.0,48.0,6.0,2.0,0.061855670103092786,0.041666666666666664
71053,404.0,330.0,10.0,9.0,0.024752475247524754,0.02727272727272727
71101E,26.0,22.0,1.0,0.0,0.038461538461538464,0.0
71143,62.0,37.0,1.0,0.0,0.016129032258064516,0.0
71270,32.0,47.0,0.0,0.0,0.0,0.0
71279,40.0,39.0,4.0,4.0,0.1,0.10256410256410256
71403,36.0,33.0,1.0,0.0,0.027777777777777776,0.0
71459,578.0,434.0,24.0,11.0,0.04152249134948097,0.02534562211981567
71477,505.0,299.0,36.0,27.0,0.07128712871287128,0.0903010033444816
72122,62.0,56.0,0.0,0.0,0.0,0.0
72127,36.0,31.0,1.0,0.0,0.027777777777777776,0.0
72128,55.0,35.0,0.0,0.0,0.0,0.0
72130,31.0,28.0,0.0,0.0,0.0,0.0
72232,53.0,65.0,0.0,0.0,0.0,0.0
72349B,205.0,177.0,1.0,0.0,0.004878048780487805,0.0
72351A,263.0,161.0,5.0,0.0,0.019011406844106463,0.0
72351B,319.0,180.0,4.0,2.0,0.012539184952978056,0.011111111111111112
72586,100.0,82.0,0.0,0.0,0.0,0.0
72598,66.0,88.0,1.0,0.0,0.015151515151515152,0.0
72741,630.0,284.0,8.0,7.0,0.012698412698412698,0.02464788732394366
72760B,343.0,147.0,3.0,2.0,0.008746355685131196,0.013605442176870748
72799E,102.0,65.0,0.0,1.0,0.0,0.015384615384615385
72799F,76.0,30.0,0.0,0.0,0.0,0.0
72800B,55.0,34.0,1.0,0.0,0.01818181818181818,0.0
72800C,45.0,30.0,0.0,0.0,0.0,0.0
72800D,55.0,31.0,1.0,0.0,0.01818181818181818,0.0
72800E,155.0,122.0,1.0,0.0,0.0064516129032258064,0.0
72801C,48.0,41.0,1.0,0.0,0.020833333333333332,0.0
72801D,60.0,57.0,0.0,0.0,0.0,0.0
72802A,121.0,65.0,6.0,4.0,0.049586776859504134,0.06153846153846154
72802B,131.0,82.0,3.0,6.0,0.022900763358778626,0.07317073170731707
72802C,164.0,108.0,1.0,4.0,0.006097560975609756,0.037037037037037035
72803A,56.0,41.0,2.0,2.0,0.03571428571428571,0.04878048780487805
72807A,111.0,113.0,5.0,5.0,0.04504504504504504,0.04424778761061947
72807B,132.0,116.0,11.0,1.0,0.08333333333333333,0.008620689655172414
72807C,230.0,162.0,6.0,9.0,0.02608695652173913,0.05555555555555555
72816,67.0,69.0,0.0,1.0,0.0,0.014492753623188406
72817,53.0,163.0,0.0,1.0,0.0,0.006134969325153374
72818,55.0,78.0,0.0,1.0,0.0,0.01282051282051282
72819,51.0,35.0,0.0,0.0,0.0,0.0
75049L,143.0,207.0,35.0,20.0,0.24475524475524477,0.0966183574879227
77101A,67.0,22.0,0.0,0.0,0.0,0.0
79000,311.0,125.0,10.0,4.0,0.03215434083601286,0.032
79030G,54.0,67.0,0.0,0.0,0.0,0.0
79066K,101.0,149.0,0.0,3.0,0.0,0.020134228187919462
79067,360.0,38.0,8.0,0.0,0.022222222222222223,0.0
79144B,39.0,47.0,0.0,0.0,0.0,0.0
79144C,46.0,47.0,0.0,0.0,0.0,0.0
79160,163.0,48.0,9.0,3.0,0.05521472392638037,0.0625
79163,30.0,35.0,0.0,3.0,0.0,0.08571428571428572
79164,72.0,20.0,5.0,1.0,0.06944444444444445,0.05
79190A,56.0,56.0,2.0,1.0,0.03571428571428571,0.017857142857142856
79190B,79.0,54.0,0.0,2.0,0.0,0.037037037037037035
79190D,65.0,46.0,1.0,0.0,0.015384615384615385,0.0
79191B,40.0,27.0,4.0,1.0,0.1,0.037037037037037035
79191C,93.0,63.0,12.0,12.0,0.12903225806451613,0.19047619047619047
79302M,49.0,59.0,1.0,0.0,0.02040816326530612,0.0
79321,474.0,636.0,15.0,5.0,0.03164556962025317,0.007861635220125786
81952V,22.0,25.0,0.0,0.0,0.0,0.0
82001S,106.0,146.0,1.0,4.0,0.009433962264150943,0.0273972602739726
82011B,27.0,21.0,0.0,0.0,0.0,0.0
82011C,51.0,20.0,0.0,0.0,0.0,0.0
82482,920.0,1077.0,12.0,17.0,0.013043478260869565,0.015784586815227482
82483,586.0,523.0,43.0,41.0,0.07337883959044368,0.07839388145315487
82484,492.0,652.0,13.0,9.0,0.026422764227642278,0.013803680981595092
82486,679.0,592.0,23.0,20.0,0.033873343151693665,0.033783783783783786
82494L,1109.0,941.0,21.0,16.0,0.018935978358881875,0.01700318809776833
82551,402.0,343.0,1.0,3.0,0.0024875621890547263,0.008746355685131196
82552,432.0,359.0,3.0,0.0,0.006944444444444444,0.0
82567,198.0,275.0,1.0,0.0,0.005050505050505051,0.0
82578,405.0,296.0,1.0,1.0,0.0024691358024691358,0.0033783783783783786
82580,715.0,616.0,4.0,5.0,0.005594405594405594,0.008116883116883116
82581,515.0,395.0,4.0,5.0,0.007766990291262136,0.012658227848101266
82582,363.0,414.0,4.0,4.0,0.011019283746556474,0.00966183574879227
82583,577.0,599.0,5.0,10.0,0.008665511265164644,0.01669449081803005
82599,368.0,143.0,3.0,0.0,0.008152173913043478,0.0
82600,659.0,521.0,3.0,4.0,0.004552352048558422,0.007677543186180422
82613B,119.0,113.0,1.0,1.0,0.008403361344537815,0.008849557522123894
82613C,99.0,99.0,1.0,1.0,0.010101010101010102,0.010101010101010102
82613D,160.0,110.0,0.0,1.0,0.0,0.00909090909090909
82616B,53.0,70.0,1.0,1.0,0.018867924528301886,0.014285714285714285
82616C,57.0,75.0,0.0,1.0,0.0,0.013333333333333334
84006,107.0,98.0,1.0,1.0,0.009345794392523364,0.01020408163265306
84012,64.0,103.0,0.0,1.0,0.0,0.009708737864077669
84029E,725.0,400.0,5.0,6.0,0.006896551724137931,0.015
84029G,566.0,436.0,5.0,4.0,0.0088339222614841,0.009174311926605505
84030E,158.0,359.0,2.0,2.0,0.012658227848101266,0.005571030640668524
84031A,151.0,148.0,3.0,1.0,0.019867549668874173,0.006756756756756757
84031B,130.0,135.0,1.0,1.0,0.007692307692307693,0.007407407407407408
84032A,352.0,287.0,3.0,2.0,0.008522727272727272,0.006968641114982578
84032B,347.0,223.0,4.0,4.0,0.011527377521613832,0.017937219730941704
84050,463.0,259.0,10.0,3.0,0.02159827213822894,0.011583011583011582
84051,35.0,22.0,0.0,0.0,0.0,0.0
84077,486.0,513.0,6.0,5.0,0.012345679012345678,0.009746588693957114
84078A,173.0,152.0,12.0,8.0,0.06936416184971098,0.05263157894736842
84086C,35.0,53.0,0.0,0.0,0.0,0.0
84199,40.0,29.0,1.0,0.0,0.025,0.0
84212,167.0,110.0,1.0,0.0,0.005988023952095809,0.0
84218,57.0,41.0,1.0,0.0,0.017543859649122806,0.0
84231,30.0,21.0,0.0,0.0,0.0,0.0
84247E,48.0,47.0,6.0,1.0,0.125,0.02127659574468085
84247G,75.0,32.0,0.0,0.0,0.0,0.0
84251G,38.0,50.0,0.0,0.0,0.0,0.0
84279B,146.0,69.0,6.0,3.0,0.0410958904109589,0.043478260869565216
84279P,173.0,125.0,12.0,7.0,0.06936416184971098,0.056
84313B,44.0,39.0,0.0,0.0,0.0,0.0
84313C,30.0,43.0,0.0,0.0,0.0,0.0
84341B,84.0,41.0,0.0,0.0,0.0,0.0
84347,317.0,416.0,2.0,4.0,0.006309148264984227,0.009615384615384616
84352,103.0,23.0,3.0,3.0,0.02912621359223301,0.13043478260869565
84356,51.0,77.0,2.0,0.0,0.0392156862745098,0.0
84375,282.0,492.0,3.0,2.0,0.010638297872340425,0.0040650406504065045
84378,572.0,665.0,5.0,4.0,0.008741258741258742,0.006015037593984963
84380,429.0,666.0,1.0,8.0,0.002331002331002331,0.012012012012012012
84406B,567.0,282.0,6.0,6.0,0.010582010582010581,0.02127659574468085
84429A,21.0,20.0,0.0,0.0,0.0,0.0
84457,38.0,27.0,0.0,0.0,0.0,0.0
84459A,110.0,94.0,2.0,3.0,0.01818181818181818,0.031914893617021274
84459B,125.0,92.0,1.0,0.0,0.008,0.0
84507B,94.0,22.0,4.0,0.0,0.0425531914893617,0.0
84507C,42.0,29.0,1.0,2.0,0.023809523809523808,0.06896551724137931
84508A,73.0,36.0,2.0,1.0,0.0273972602739726,0.027777777777777776
84508B,44.0,30.0,0.0,1.0,0.0,0.03333333333333333
84509A,181.0,289.0,1.0,3.0,0.0055248618784530384,0.010380622837370242
84509B,118.0,81.0,1.0,0.0,0.00847457627118644,0.0
84509C,62.0,75.0,0.0,0.0,0.0,0.0
84509G,93.0,63.0,0.0,0.0,0.0,0.0
84510A,254.0,273.0,2.0,1.0,0.007874015748031496,0.003663003663003663
84510C,58.0,74.0,0.0,0.0,0.0,0.0
84519A,115.0,80.0,0.0,0.0,0.0,0.0
84519B,88.0,118.0,1.0,0.0,0.011363636363636364,0.0
84520B,662.0,81.0,1.0,0.0,0.0015105740181268882,0.0
84535A,44.0,21.0,0.0,0.0,0.0,0.0
84535B,177.0,151.0,0.0,1.0,0.0,0.006622516556291391
84536A,288.0,335.0,1.0,1.0,0.003472222222222222,0.0029850746268656717
84536B,227.0,176.0,1.0,2.0,0.004405286343612335,0.011363636363636364
84558A,136.0,85.0,1.0,0.0,0.007352941176470588,0.0
84559A,155.0,109.0,0.0,0.0,0.0,0.0
84559B,146.0,76.0,0.0,1.0,0.0,0.013157894736842105
84563A,27.0,35.0,0.0,0.0,0.0,0.0
84563B,21.0,38.0,0.0,0.0,0.0,0.0
84568,163.0,140.0,4.0,0.0,0.024539877300613498,0.0
84569A,49.0,63.0,1.0,0.0,0.02040816326530612,0.0
84569D,83.0,97.0,1.0,0.0,0.012048192771084338,0.0
84580,282.0,158.0,1.0,0.0,0.0035460992907801418,0.0
84581,146.0,86.0,0.0,0.0,0.0,0.0
84584,45.0,30.0,0.0,0.0,0.0,0.0
84592,25.0,22.0,0.0,0.0,0.0,0.0
84595E,21.0,22.0,0.0,1.0,0.0,0.045454545454545456
84596B,206.0,511.0,2.0,1.0,0.009708737864077669,0.0019569471624266144
84596E,135.0,85.0,2.0,0.0,0.014814814814814815,0.0
84596F,167.0,435.0,0.0,1.0,0.0,0.0022988505747126436
84596G,106.0,240.0,0.0,0.0,0.0,0.0
84596J,72.0,68.0,1.0,0.0,0.013888888888888888,0.0
84596L,83.0,173.0,0.0,0.0,0.0,0.0
84598,118.0,96.0,1.0,1.0,0.00847457627118644,0.010416666666666666
84600,27.0,22.0,2.0,1.0,0.07407407407407407,0.045454545454545456
84625A,39.0,41.0,3.0,2.0,0.07692307692307693,0.04878048780487805
84625C,36.0,35.0,3.0,5.0,0.08333333333333333,0.14285714285714285
84631,26.0,24.0,0.0,2.0,0.0,0.08333333333333333
84637,31.0,83.0,0.0,0.0,0.0,0.0
84638,32.0,37.0,0.0,0.0,0.0,0.0
84658,42.0,20.0,0.0,0.0,0.0,0.0
84659A,136.0,89.0,2.0,1.0,0.014705882352941176,0.011235955056179775
84660B,25.0,42.0,0.0,0.0,0.0,0.0
84660C,52.0,61.0,0.0,0.0,0.0,0.0
84661B,22.0,24.0,0.0,0.0,0.0,0.0
84663A,30.0,34.0,1.0,3.0,0.03333333333333333,0.08823529411764706
84673A,57.0,44.0,1.0,0.0,0.017543859649122806,0.0
84673B,68.0,65.0,1.0,0.0,0.014705882352941176,0.0
84674,59.0,46.0,2.0,1.0,0.03389830508474576,0.021739130434782608
84685,104.0,21.0,2.0,1.0,0.019230769230769232,0.047619047619047616
84687,42.0,31.0,2.0,3.0,0.047619047619047616,0.0967741935483871
84692,550.0,570.0,5.0,3.0,0.00909090909090909,0.005263157894736842
84712B,40.0,20.0,0.0,0.0,0.0,0.0
84748,33.0,61.0,0.0,0.0,0.0,0.0
84754,161.0,63.0,1.0,1.0,0.006211180124223602,0.015873015873015872
84755,651.0,609.0,16.0,12.0,0.02457757296466974,0.019704433497536946
84763,114.0,57.0,0.0,0.0,0.0,0.0
84789,76.0,48.0,5.0,0.0,0.06578947368421052,0.0
84792,278.0,235.0,4.0,4.0,0.014388489208633094,0.01702127659574468
84795B,51.0,62.0,0.0,0.0,0.0,0.0
84796A,76.0,54.0,0.0,0.0,0.0,0.0
84796B,60.0,124.0,0.0,0.0,0.0,0.0
84813,61.0,34.0,0.0,1.0,0.0,0.029411764705882353
84817,24.0,46.0,1.0,4.0,0.041666666666666664,0.08695652173913043
84818,115.0,99.0,2.0,7.0,0.017391304347826087,0.0707070707070707
84819,33.0,45.0,0.0,1.0,0.0,0.022222222222222223
84820,23.0,26.0,1.0,1.0,0.043478260869565216,0.038461538461538464
84821,34.0,38.0,0.0,0.0,0.0,0.0
84826,20.0,31.0,1.0,1.0,0.05,0.03225806451612903
84828,171.0,179.0,1.0,0.0,0.005847953216374269,0.0
84832,370.0,253.0,0.0,1.0,0.0,0.003952569169960474
84836,890.0,533.0,7.0,2.0,0.007865168539325843,0.00375234521575985
84843,62.0,47.0,1.0,1.0,0.016129032258064516,0.02127659574468085
84849A,51.0,53.0,2.0,1.0,0.0392156862745098,0.018867924528301886
84849B,218.0,76.0,1.0,1.0,0.0045871559633027525,0.013157894736842105
84849D,146.0,114.0,1.0,2.0,0.00684931506849315,0.017543859649122806
84859A,24.0,35.0,0.0,0.0,0.0,0.0
84872A,94.0,53.0,0.0,0.0,0.0,0.0
84877B,22.0,21.0,1.0,0.0,0.045454545454545456,0.0
84879,1372.0,1429.0,7.0,12.0,0.00510204081632653,0.008397480755773267
84880,300.0,75.0,3.0,2.0,0.01,0.02666666666666667
84884A,243.0,98.0,0.0,1.0,0.0,0.01020408163265306
84905,85.0,20.0,0.0,0.0,0.0,0.0
84912A,159.0,74.0,0.0,0.0,0.0,0.0
84912B,99.0,159.0,0.0,0.0,0.0,0.0
84913A,142.0,124.0,0.0,0.0,0.0,0.0
84913B,114.0,85.0,1.0,0.0,0.008771929824561403,0.0
84916,29.0,29.0,0.0,0.0,0.0,0.0
84917,26.0,27.0,0.0,0.0,0.0,0.0
84920,40.0,47.0,0.0,0.0,0.0,0.0
84923,52.0,91.0,0.0,0.0,0.0,0.0
84924A,29.0,32.0,0.0,0.0,0.0,0.0
84929,28.0,65.0,0.0,4.0,0.0,0.06153846153846154
84931A,31.0,51.0,0.0,0.0,0.0,0.0
84931B,34.0,48.0,0.0,1.0,0.0,0.020833333333333332
84944,112.0,84.0,3.0,2.0,0.026785714285714284,0.023809523809523808
84945,308.0,329.0,13.0,18.0,0.04220779220779221,0.0547112462006079
84946,875.0,867.0,19.0,24.0,0.021714285714285714,0.02768166089965398
84947,346.0,327.0,2.0,8.0,0.005780346820809248,0.024464831804281346
84949,411.0,275.0,31.0,33.0,0.07542579075425791,0.12
84950,154.0,115.0,6.0,4.0,0.03896103896103896,0.034782608695652174
84951A,42.0,91.0,0.0,1.0,0.0,0.01098901098901099
84951B,43.0,79.0,0.0,0.0,0.0,0.0
84968A,107.0,101.0,1.0,3.0,0.009345794392523364,0.0297029702970297
84968C,88.0,104.0,0.0,2.0,0.0,0.019230769230769232
84968D,52.0,55.0,0.0,1.0,0.0,0.01818181818181818
84968E,61.0,46.0,1.0,0.0,0.01639344262295082,0.0
84968F,67.0,66.0,0.0,0.0,0.0,0.0
84969,131.0,207.0,3.0,2.0,0.022900763358778626,0.00966183574879227
84970L,644.0,491.0,2.0,1.0,0.003105590062111801,0.002036659877800407
84970S,929.0,584.0,8.0,6.0,0.008611410118406888,0.010273972602739725
84971S,296.0,166.0,1.0,1.0,0.0033783783783783786,0.006024096385542169
84974,30.0,28.0,1.0,0.0,0.03333333333333333,0.0
84978,707.0,710.0,21.0,29.0,0.0297029702970297,0.04084507042253521
84987,482.0,331.0,3.0,3.0,0.006224066390041493,0.00906344410876133
84988,512.0,501.0,1.0,2.0,0.001953125,0.003992015968063872
84989A,154.0,41.0,2.0,0.0,0.012987012987012988,0.0
84991,1335.0,820.0,6.0,8.0,0.0044943820224719105,0.00975609756097561
84992,872.0,605.0,3.0,4.0,0.0034403669724770644,0.006611570247933884
84993A,134.0,68.0,0.0,0.0,0.0,0.0
84997A,349.0,316.0,3.0,2.0,0.008595988538681949,0.006329113924050633
84997B,675.0,431.0,4.0,2.0,0.005925925925925926,0.004640371229698376
84997C,640.0,389.0,8.0,1.0,0.0125,0.002570694087403599
84997D,635.0,528.0,6.0,2.0,0.009448818897637795,0.003787878787878788
85014A,422.0,289.0,1.0,1.0,0.002369668246445498,0.0034602076124567475
85014B,562.0,364.0,10.0,2.0,0.017793594306049824,0.005494505494505495
85015,111.0,139.0,0.0,0.0,0.0,0.0
85016,125.0,42.0,2.0,0.0,0.016,0.0
85017B,159.0,159.0,0.0,1.0,0.0,0.006289308176100629
85020,36.0,21.0,0.0,0.0,0.0,0.0
85025B,60.0,35.0,2.0,1.0,0.03333333333333333,0.02857142857142857
85025C,86.0,40.0,1.0,1.0,0.011627906976744186,0.025
85032A,26.0,130.0,0.0,0.0,0.0,0.0
85032C,21.0,132.0,0.0,1.0,0.0,0.007575757575757576
85032D,40.0,94.0,0.0,1.0,0.0,0.010638297872340425
85034A,62.0,83.0,2.0,3.0,0.03225806451612903,0.03614457831325301
85034B,32.0,108.0,0.0,0.0,0.0,0.0
85034C,39.0,150.0,1.0,3.0,0.02564102564102564,0.02
85035A,99.0,86.0,4.0,3.0,0.04040404040404041,0.03488372093023256
85035B,66.0,71.0,0.0,0.0,0.0,0.0
85035C,70.0,135.0,1.0,0.0,0.014285714285714285,0.0
85036A,107.0,65.0,1.0,1.0,0.009345794392523364,0.015384615384615385
85036B,39.0,50.0,0.0,1.0,0.0,0.02
85036C,44.0,87.0,0.0,3.0,0.0,0.034482758620689655
85038,248.0,137.0,0.0,0.0,0.0,0.0
85039A,104.0,181.0,1.0,1.0,0.009615384615384616,0.0055248618784530384
85039B,96.0,165.0,1.0,0.0,0.010416666666666666,0.0
85039C,47.0,65.0,1.0,1.0,0.02127659574468085,0.015384615384615385
85040A,259.0,181.0,9.0,8.0,0.03474903474903475,0.04419889502762431
85040B,224.0,36.0,5.0,3.0,0.022321428571428572,0.08333333333333333
85048,259.0,244.0,28.0,20.0,0.10810810810810811,0.08196721311475409
85049A,367.0,337.0,5.0,1.0,0.013623978201634877,0.002967359050445104
85049C,280.0,222.0,3.0,0.0,0.010714285714285714,0.0
85049D,298.0,111.0,0.0,0.0,0.0,0.0
85049E,452.0,437.0,2.0,2.0,0.004424778761061947,0.004576659038901602
85049F,228.0,91.0,2.0,0.0,0.008771929824561403,0.0
85049G,257.0,309.0,3.0,2.0,0.011673151750972763,0.006472491909385114
85049H,151.0,177.0,0.0,0.0,0.0,0.0
85053,62.0,300.0,3.0,14.0,0.04838709677419355,0.04666666666666667
85054,92.0,116.0,2.0,3.0,0.021739130434782608,0.02586206896551724
85059,84.0,126.0,2.0,2.0,0.023809523809523808,0.015873015873015872
85061W,314.0,163.0,2.0,2.0,0.006369426751592357,0.012269938650306749
85062,186.0,157.0,3.0,2.0,0.016129032258064516,0.012738853503184714
85064,249.0,30.0,1.0,2.0,0.004016064257028112,0.06666666666666667
85066,414.0,507.0,31.0,23.0,0.0748792270531401,0.045364891518737675
85071A,36.0,109.0,0.0,2.0,0.0,0.01834862385321101
85071B,40.0,121.0,0.0,1.0,0.0,0.008264462809917356
85071C,36.0,99.0,0.0,0.0,0.0,0.0
85071D,28.0,83.0,0.0,0.0,0.0,0.0
85078,40.0,124.0,1.0,0.0,0.025,0.0
85086A,103.0,50.0,0.0,0.0,0.0,0.0
85087,21.0,125.0,1.0,1.0,0.047619047619047616,0.008
85088,27.0,52.0,1.0,1.0,0.037037037037037035,0.019230769230769232
85093,64.0,89.0,1.0,0.0,0.015625,0.0
85099B,1958.0,2055.0,40.0,40.0,0.020429009193054137,0.019464720194647202
85099C,958.0,911.0,12.0,12.0,0.012526096033402923,0.013172338090010977
85099F,1049.0,808.0,13.0,12.0,0.012392755004766444,0.01485148514851485
85103,59.0,28.0,4.0,1.0,0.06779661016949153,0.03571428571428571
85106,40.0,20.0,0.0,0.0,0.0,0.0
85107,43.0,28.0,0.0,0.0,0.0,0.0
85111,20.0,56.0,1.0,0.0,0.05,0.0
85114A,49.0,70.0,0.0,0.0,0.0,0.0
85114B,152.0,85.0,0.0,1.0,0.0,0.011764705882352941
85114C,95.0,105.0,0.0,0.0,0.0,0.0
85116,92.0,90.0,0.0,2.0,0.0,0.022222222222222223
85123A,3290.0,2249.0,92.0,41.0,0.02796352583586626,0.01823032458870609
85124B,65.0,39.0,0.0,1.0,0.0,0.02564102564102564
85124C,84.0,39.0,2.0,0.0,0.023809523809523808,0.0
85125,29.0,33.0,1.0,0.0,0.034482758620689655,0.0
85127,30.0,50.0,0.0,0.0,0.0,0.0
85129B,25.0,30.0,0.0,0.0,0.0,0.0
85129D,103.0,64.0,1.0,0.0,0.009708737864077669,0.0
85130B,21.0,61.0,0.0,0.0,0.0,0.0
85130C,22.0,44.0,0.0,0.0,0.0,0.0
85130D,47.0,60.0,0.0,0.0,0.0,0.0
85131A,81.0,119.0,1.0,3.0,0.012345679012345678,0.025210084033613446
85131B,44.0,168.0,0.0,0.0,0.0,0.0
85131C,23.0,50.0,0.0,0.0,0.0,0.0
85131D,61.0,201.0,0.0,0.0,0.0,0.0
85132A,142.0,118.0,3.0,2.0,0.02112676056338028,0.01694915254237288
85132B,49.0,84.0,1.0,0.0,0.02040816326530612,0.0
85132C,92.0,215.0,2.0,4.0,0.021739130434782608,0.018604651162790697
85135B,70.0,46.0,1.0,1.0,0.014285714285714285,0.021739130434782608
85135C,44.0,60.0,1.0,1.0,0.022727272727272728,0.016666666666666666
85136A,53.0,49.0,1.0,0.0,0.018867924528301886,0.0
85136C,86.0,34.0,3.0,0.0,0.03488372093023256,0.0
85141,34.0,39.0,2.0,3.0,0.058823529411764705,0.07692307692307693
85144,30.0,42.0,2.0,0.0,0.06666666666666667,0.0
85150,636.0,452.0,8.0,4.0,0.012578616352201259,0.008849557522123894
85152,793.0,652.0,5.0,3.0,0.006305170239596469,0.004601226993865031
85159A,35.0,46.0,2.0,6.0,0.05714285714285714,0.13043478260869565
85159B,30.0,59.0,1.0,12.0,0.03333333333333333,0.2033898305084746
85163A,25.0,32.0,0.0,0.0,0.0,0.0
85163B,30.0,35.0,0.0,1.0,0.0,0.02857142857142857
85169A,66.0,86.0,0.0,1.0,0.0,0.011627906976744186
85169B,32.0,61.0,0.0,0.0,0.0,0.0
85169C,25.0,43.0,0.0,1.0,0.0,0.023255813953488372
85169D,38.0,50.0,0.0,1.0,0.0,0.02
85170C,35.0,70.0,1.0,0.0,0.02857142857142857,0.0
85170D,51.0,95.0,2.0,2.0,0.0392156862745098,0.021052631578947368
85172,107.0,44.0,4.0,2.0,0.037383177570093455,0.045454545454545456
85173,64.0,79.0,0.0,1.0,0.0,0.012658227848101266
85174,208.0,146.0,7.0,3.0,0.03365384615384615,0.02054794520547945
85175,301.0,143.0,8.0,3.0,0.026578073089700997,0.02097902097902098
85176,134.0,160.0,3.0,1.0,0.022388059701492536,0.00625
85177,80.0,58.0,0.0,1.0,0.0,0.017241379310344827
85178,178.0,133.0,1.0,5.0,0.0056179775280898875,0.03759398496240601
85180A,36.0,63.0,2.0,1.0,0.05555555555555555,0.015873015873015872
85180B,21.0,46.0,0.0,0.0,0.0,0.0
85183A,55.0,86.0,2.0,2.0,0.03636363636363636,0.023255813953488372
85183B,53.0,118.0,3.0,0.0,0.05660377358490566,0.0
85184C,158.0,189.0,0.0,0.0,0.0,0.0
85185B,112.0,74.0,0.0,1.0,0.0,0.013513513513513514
85186A,80.0,80.0,1.0,0.0,0.0125,0.0
85186C,77.0,79.0,1.0,1.0,0.012987012987012988,0.012658227848101266
85187,41.0,71.0,0.0,0.0,0.0,0.0
85188A,63.0,42.0,1.0,1.0,0.015873015873015872,0.023809523809523808
85194L,74.0,73.0,2.0,3.0,0.02702702702702703,0.0410958904109589
85194S,61.0,69.0,0.0,3.0,0.0,0.043478260869565216
85199L,180.0,94.0,2.0,1.0,0.011111111111111112,0.010638297872340425
85199S,230.0,247.0,0.0,1.0,0.0,0.004048582995951417
85200,79.0,27.0,1.0,0.0,0.012658227848101266,0.0
85202,106.0,112.0,1.0,0.0,0.009433962264150943,0.0
85203,99.0,131.0,0.0,0.0,0.0,0.0
85204,52.0,104.0,0.0,1.0,0.0,0.009615384615384616
85205B,32.0,30.0,0.0,0.0,0.0,0.0
85206A,207.0,115.0,4.0,0.0,0.01932367149758454,0.0
85208,39.0,48.0,0.0,0.0,0.0,0.0
85211,52.0,26.0,2.0,1.0,0.038461538461538464,0.038461538461538464
85212,42.0,78.0,0.0,0.0,0.0,0.0
85213,47.0,33.0,0.0,1.0,0.0,0.030303030303030304
85214,113.0,58.0,0.0,0.0,0.0,0.0
85227,225.0,211.0,3.0,0.0,0.013333333333333334,0.0
85230B,29.0,38.0,0.0,0.0,0.0,0.0
85230E,42.0,24.0,0.0,0.0,0.0,0.0
85230G,21.0,24.0,0.0,1.0,0.0,0.041666666666666664
85231B,236.0,144.0,0.0,1.0,0.0,0.006944444444444444
85231G,175.0,88.0,1.0,1.0,0.005714285714285714,0.011363636363636364
85232A,112.0,29.0,14.0,1.0,0.125,0.034482758620689655
85232D,155.0,65.0,6.0,1.0,0.03870967741935484,0.015384615384615385
90013A,45.0,30.0,0.0,1.0,0.0,0.03333333333333333
90013B,48.0,31.0,0.0,0.0,0.0,0.0
90013C,28.0,26.0,1.0,0.0,0.03571428571428571,0.0
90019A,24.0,26.0,0.0,0.0,0.0,0.0
90059A,21.0,24.0,0.0,1.0,0.0,0.041666666666666664
90062,84.0,26.0,3.0,1.0,0.03571428571428571,0.038461538461538464
90071,40.0,31.0,0.0,0.0,0.0,0.0
90087,28.0,23.0,2.0,0.0,0.07142857142857142,0.0
90096,25.0,26.0,0.0,0.0,0.0,0.0
90114,23.0,85.0,0.0,0.0,0.0,0.0
90115,29.0,31.0,0.0,0.0,0.0,0.0
90129A,54.0,20.0,0.0,0.0,0.0,0.0
90134,51.0,42.0,0.0,0.0,0.0,0.0
90147,36.0,23.0,1.0,1.0,0.027777777777777776,0.043478260869565216
90158,28.0,32.0,0.0,0.0,0.0,0.0
90161B,39.0,33.0,0.0,0.0,0.0,0.0
90161C,50.0,46.0,0.0,0.0,0.0,0.0
90161D,41.0,28.0,0.0,0.0,0.0,0.0
90170,36.0,30.0,0.0,1.0,0.0,0.03333333333333333
90175A,37.0,21.0,2.0,0.0,0.05405405405405406,0.0
90192,28.0,23.0,0.0,1.0,0.0,0.043478260869565216
90197B,24.0,25.0,0.0,0.0,0.0,0.0
90198A,40.0,37.0,0.0,0.0,0.0,0.0
90200A,49.0,41.0,2.0,0.0,0.04081632653061224,0.0
90200B,37.0,43.0,1.0,1.0,0.02702702702702703,0.023255813953488372
90200C,72.0,27.0,2.0,0.0,0.027777777777777776,0.0
90200D,72.0,71.0,1.0,0.0,0.013888888888888888,0.0
90200E,47.0,38.0,5.0,0.0,0.10638297872340426,0.0
90201A,26.0,27.0,0.0,1.0,0.0,0.037037037037037035
90201B,31.0,21.0,1.0,2.0,0.03225806451612903,0.09523809523809523
90201D,26.0,30.0,0.0,0.0,0.0,0.0
90206C,26.0,27.0,0.0,0.0,0.0,0.0
90208,31.0,32.0,0.0,1.0,0.0,0.03125
90209B,43.0,55.0,0.0,0.0,0.0,0.0
90209C,35.0,31.0,1.0,1.0,0.02857142857142857,0.03225806451612903
90214A,48.0,53.0,1.0,0.0,0.020833333333333332,0.0
90214C,36.0,28.0,1.0,0.0,0.027777777777777776,0.0
90214E,37.0,27.0,1.0,0.0,0.02702702702702703,0.0
90214H,23.0,28.0,0.0,0.0,0.0,0.0
90214J,47.0,39.0,1.0,0.0,0.02127659574468085,0.0
90214K,45.0,34.0,1.0,0.0,0.022222222222222223,0.0
90214L,31.0,35.0,2.0,0.0,0.06451612903225806,0.0
90214M,36.0,27.0,0.0,0.0,0.0,0.0
90214N,20.0,20.0,0.0,0.0,0.0,0.0
90214R,25.0,23.0,0.0,0.0,0.0,0.0
90214S,45.0,38.0,1.0,0.0,0.022222222222222223,0.0
