stock_code,description,year1_net_revenue,year1_orders,year1_customers,year1_first_sale,key_account_buyers,year2_net_revenue,year2_sale_lines,in_R4
20879,TREE OF NOAH FESTIVE SCENTED CANDLE,-133.8,11,8,2009-12-04 17:18:00,0,0.0,0,True
85069,CREAM SWEETHEART DOUBLE SHELF,-50.849999999999994,1,1,2009-12-11 12:28:00,1,0.0,0,True
PADS,PADS TO MATCH ALL CUSHIONS,-36.58600000000003,14,12,2010-01-19 17:04:00,5,0.003,3,False
35603B,S/16 BLACK SHINY/MAT BAUBLES,-29.400000000000006,2,1,2009-12-17 19:33:00,0,0.0,0,True
79301,FEATHER HEART LIGHTS,-20.0,1,1,2010-01-21 11:11:00,1,0.0,0,True
35976B,WHITE SCANDINAVIAN HEART CHRISTMAS,-13.75,1,1,2009-12-06 14:54:00,1,0.0,0,True
85043,RED HEART CANDY POP LIGHTS,-9.9,1,1,2010-01-04 15:29:00,1,0.0,0,True
37451,CERAMIC CAKE TEAPOT WITH CHERRY,-3.55,1,1,2010-02-07 12:16:00,0,0.0,0,True
85083,KISS REINDEER SCANDINAVIAN STOCKING,-2.549999999999999,2,2,2009-12-03 13:02:00,1,0.0,0,True
20822,SILVER WINE GOBLET,0.0,1,1,2010-02-01 15:32:00,0,0.0,0,True
21475,SWEETHEART CREAM STEEL FOLDIN CHAIR,0.0,1,1,2009-12-16 17:40:00,0,0.0,0,True
20885,BOX OF 3 PEBBLE CANDLES,0.0,1,1,2009-12-22 12:42:00,1,0.0,0,True
20791,BLUE TILED SET OF 3 DRAWERS,0.0,1,1,2010-01-14 15:47:00,0,0.0,0,True
21525,BEWARE OF THE CAT DOORMAT,0.0,2,1,2009-12-18 10:09:00,1,0.0,0,True
20715,LITTLE FLOWER SHOPPER BAG,0.0,1,1,2010-01-07 12:34:00,1,0.0,0,True
44217M,MULTICOLOUR FEATHERS CURTAIN,0.0,3,1,2010-02-15 13:20:00,0,0.0,0,True
47569,ENGLISH ROSE DESIGN SHOPPING BAG,0.0,1,1,2009-12-02 16:02:00,0,0.0,0,True
21496,WOODLAND CREATURES  WRAP,0.0,1,1,2009-12-17 11:11:00,0,0.0,0,True
16010,FOLDING CAMPING SCISSOR W/KNIF & S,0.24,1,1,2010-01-17 12:12:00,0,3.6,3,True
84206C,CHAMPAGNE TRAY BLANK CARD,0.38,2,2,2009-12-06 13:29:00,0,1.52,2,True
84205C,HAPPY BIRTHDAY GINGER CAT CARD,0.38,1,1,2010-03-03 11:51:00,0,0.0,0,True
35930,PINK HEART CHRISTMAS DECORATION,0.38,1,1,2009-12-16 17:45:00,1,0.0,0,True
84206B,CAT W SUNGLASSES BLANK CARD,0.76,1,1,2010-08-24 16:14:00,0,0.95,1,True
20721,OWLS CHARLOTTE BAG,0.85,1,1,2009-12-07 15:26:00,1,0.0,0,True
44092B,BLUE WHITE PLASTIC RINGS LAMPSHADE,0.85,1,1,2010-07-18 13:22:00,1,11.899999999999999,5,True
79157B,UBO-LIGHT TRIOBASE BLUE,0.85,1,1,2010-02-07 15:07:00,0,2.55,1,True
84201C,HAPPY BIRTHDAY CARD TEDDY/CAKE,0.95,2,2,2010-08-23 11:58:00,0,0.95,1,True
84845A,HOLLYHOCK SQUARE HANDY TIN,1.25,1,1,2009-12-06 13:10:00,0,0.0,0,True
35950,FOLKART HEART CHRISTMAS DECORATIONS,1.25,1,1,2010-03-03 14:42:00,0,0.0,0,True
71496B,A4 WALL TIDY RED FLOWERS,1.3,2,2,2010-04-20 14:33:00,2,7.370000000000001,4,True
35980B,RED TOP SCANDINAVIAN HEART,1.52,2,2,2009-12-18 13:46:00,2,0.0,0,True
21585,SWALLOW SMALL TUBE MATCHES,1.65,1,1,2010-08-01 12:02:00,0,0.0,0,True
84731,3 BIRDS CANVAS SCREEN,1.65,1,1,2010-04-27 12:46:00,0,2.04,2,True
85024A,CRYSTAL SMALL JEWELLED PHOTOFRAME,1.65,1,1,2009-12-04 15:16:00,0,0.0,0,True
72796C,S/3 ROSE GARDEN SCENT SQU CANDLE,1.65,1,1,2010-01-17 13:55:00,1,0.0,0,True
10109,BENDY COLOUR PENCILS,1.68,1,1,2009-12-03 12:31:00,0,0.0,0,True
72754D,F FAIRY POTPOURRI CUSHIONS SUMMER,1.69,1,1,2009-12-02 13:26:00,0,0.0,0,True
35837,SET OF SIX SILVER+RED FLOCK BAUBLES,1.7,1,1,2009-12-10 12:44:00,1,0.0,0,True
20737,RED MINI TAPE MEASURE,1.7,1,0,2009-12-02 14:36:00,0,0.0,0,True
30086C,ASSORTED FRUIT STRAWS,1.7,1,0,2009-12-01 14:28:00,0,0.0,0,True
35945,GOLD CHRISTMAS STOCKING DECORATION,1.95,1,1,2009-12-18 17:24:00,1,0.0,0,True
46138D,GREEN CHENILLE SHAGGY C/COVER,1.95,1,1,2010-03-25 11:32:00,1,0.0,0,True
84814A,HEXAGONAL CRYSTAL PERFUME BOTTLE,1.95,1,1,2010-03-26 16:17:00,0,0.0,0,True
85192S,HANGING SPRING FLOWER HEART SMALL,1.9500000000000002,2,2,2010-02-07 15:07:00,0,0.0,0,True
17061,ASSORTED SHAPED STENCIL FOR HENNA,2.08,1,1,2009-12-07 13:48:00,1,0.0,0,True
44242A,LILAC FEATHERS CURTAIN,2.5,1,1,2010-03-25 13:05:00,0,9.48,1,True
90127B,BLUE BEADS+HAND PHONE CHARM,2.5,2,2,2010-02-19 12:50:00,0,0.0,0,True
21290,LARGE SPOTTY CHOCOLATE GIFT BAG,2.5,1,0,2009-12-23 14:09:00,0,0.0,0,True
21225,POCKET MIRROR BUTTERFLY,2.5,2,2,2009-12-11 15:40:00,1,0.0,0,True
21008,ETCHED GLASS HEART TREE DECORATION,2.51,1,0,2010-02-01 11:17:00,0,0.0,0,True
44092C,PURPLE/COPPER HANGING LAMPSHADE,2.55,2,2,2009-12-18 12:04:00,1,16.999999999999996,8,True
85171,S/2 HYACINTH BULB CANDLES,2.55,1,1,2009-12-07 15:26:00,1,0.0,0,True
47556,SET/2 SPOTTY + ROSE TEA TOWELS,2.55,1,1,2009-12-02 14:09:00,0,0.0,0,True
35999,S/6 SCANDINAVIAN HEART T-LIGHT,2.55,1,1,2009-12-13 11:16:00,0,0.0,0,True
47554,S/3 COLOURS FLOCK TEA TOWELS,2.55,1,1,2009-12-06 15:51:00,0,0.0,0,True
81953B,ROUND ARTICULATED BLUE CLOCK W/SUCK,2.55,3,3,2010-05-09 11:29:00,1,2.09,5,True
20881,MODERN CHRISTMAS TREE CANDLE,2.55,2,1,2009-12-10 18:27:00,1,0.0,0,True
90091,CRYSTAL DRAGONFLY PHONE CHARM,2.55,2,2,2010-05-10 13:48:00,0,0.0,0,True
21036,SET/2 TEA TOWELS MODERN VINTAGE,2.55,1,1,2009-12-14 12:24:00,0,0.0,0,True
DCGS0044,HANDZ-OFF CAR FRESHENER,2.57,1,0,2009-12-15 18:33:00,0,0.0,0,True
35598C,WHITE CHRISTMAS TREE 60CM,2.95,1,1,2009-12-18 16:36:00,0,5.9,2,True
35598A,DUSTY PINK CHRISTMAS TREE 60CM,2.95,1,1,2009-12-07 12:26:00,0,26.550000000000004,2,True
90182B,AMETHYST 3 BEAD DROP EARRINGS,3.03,1,0,2009-12-16 17:01:00,0,11.6,4,True
20683,RAIN GIRL CHILDS UMBRELLA,3.25,1,1,2009-12-11 10:10:00,1,0.0,0,True
90214W,"LETTER ""W"" BLING KEY RING",3.35,3,2,2010-06-07 11:23:00,1,3.34,4,True
21081,SET/20 POSIES PAPER NAPKINS,3.4,4,4,2009-12-01 11:51:00,0,0.0,0,True
35818C,"ACRYLIC JEWEL ICICLE, CLEAR",3.43,1,0,2009-12-14 17:16:00,0,0.0,0,True
35001P,HAND OPEN SHAPE PINK,3.49,2,2,2009-12-14 15:06:00,0,0.0,0,True
35974,S/6 CHRISTMAS TREE PLACE SETTING,3.75,1,1,2009-12-16 17:45:00,1,0.0,0,True
37438,FUNKY FLOWER COFFEE POT,3.75,1,1,2009-12-13 13:31:00,1,0.0,0,True
40046C,PINK BUTTERFLY PAPER LAMPSHADE,3.75,3,3,2009-12-06 11:58:00,1,0.0,0,True
90004A,JADE GREEN PAIR ENAMEL HAIR SLIDES,3.75,1,1,2009-12-15 13:21:00,0,0.0,0,True
35995,SET/6 BLACK GLITTER REINDEER CANDLE,3.78,5,4,2009-12-01 12:13:00,2,0.0,0,True
44091A,BLUE CRUSOE CHECK LAMPSHADE,3.7800000000000002,3,3,2010-03-26 14:16:00,2,3.78,3,True
72084B,CHOCOLATE ICE CREAM CANDLE,3.9,1,1,2010-03-26 15:32:00,0,0.0,0,True
37432,MUG PINK AND PURPLE ARABIC DESIGN,3.9000000000000004,1,1,2009-12-08 13:59:00,0,0.0,0,True
84255A,PINK GLASS COCKTAIL LAMP,4.2,2,2,2009-12-13 15:54:00,1,0.0,0,True
72752A,"F.FAIRY,CANDLE IN GLASS,LILY/VALLEY",4.25,1,1,2009-12-04 16:52:00,0,0.0,0,True
21409,SPOTTY COCKEREL DOORSTOP,4.25,1,1,2010-01-18 13:34:00,0,0.0,0,True
81953P,ROUND ARTICULATED PINK CLOCK W/SUCK,4.25,3,3,2010-02-24 12:19:00,1,5.32,3,True
37326,FAIRY DESIGN MUGS,4.609999999999999,2,1,2010-01-11 14:39:00,0,0.0,0,True
79149B,SILICON STAR BULB  BLUE,4.62,4,4,2009-12-04 17:31:00,1,7.140000000000001,7,True
45014,FOLDING SHIRT TIDY,4.65,1,1,2010-07-15 13:32:00,0,0.0,0,True
84201B,HAPPY BIRTHDAY CARD STRIPEY TEDDY,4.9399999999999995,6,4,2009-12-06 13:29:00,0,2.47,2,True
85232C,RUSSIAN FOLKART STACKING TINS,4.95,1,1,2010-01-15 14:27:00,1,0.0,0,True
20877,MODERN CHRISTMAS BAUBLE CANDLE,5.04,5,3,2009-12-10 18:27:00,1,0.0,0,True
72740B,LARGE WHITE CHOCOLATE CANDLE,5.06,1,0,2010-01-11 14:39:00,0,0.0,0,True
DCGS0041,HAYNES MINI-COOPER PLAYING CARDS,5.06,1,0,2010-06-04 16:13:00,0,0.0,0,True
84942,KASHMIR FOLKART HEART DISHES,5.07,3,3,2009-12-16 17:34:00,1,0.0,0,True
71434B,"BLACK RND BULLET""KEEP CLEAN"" BIN",5.1,2,1,2010-01-26 13:15:00,1,0.0,0,True
71101A,ANGEL ON KNEES METAL POLE 100CM H,5.1,1,1,2009-12-13 13:39:00,1,0.0,0,True
21854,EURO FOOTBALL STARS TOP TRUMPS GAME,5.17,1,0,2009-12-04 09:43:00,0,0.0,0,True
21860,DR WHO TOP TRUMPS GAME,5.17,1,0,2009-12-02 14:36:00,0,0.0,0,True
16215,FUNKY GIRLZ MAGNETIC TO DO LIST,5.200000000000001,3,3,2009-12-03 11:46:00,0,0.0,0,True
35751D,PINK CURRENT CANDLE RING,5.32,1,1,2009-12-02 16:18:00,0,0.0,0,True
21838,DADDY MOUSE RED GINGHAM BOW TIE,5.45,1,1,2009-12-02 11:51:00,0,0.0,0,True
35537,CANDLE RING W/CLEAR BEADS,5.46,3,3,2009-12-06 15:01:00,1,0.0,0,True
90077,BLACK DIAMOND CLUSTER EARRINGS,5.58,2,1,2009-12-14 17:16:00,1,8.82,3,True
85186B,BUNNY BUNCH OF FLOWERS,5.88,2,2,2010-03-17 16:33:00,0,0.0,0,True
35051B,PINK BEADED CONE CHRISTMAS,5.88,2,2,2009-12-01 12:57:00,0,0.0,0,True
79303A,WHITE ROHMBIC BLOCK TABLE LAMP,5.9,1,1,2010-01-26 10:13:00,0,0.0,0,True
35823P,"ACRYLIC BEAD GARLAND,PINK",5.9,2,2,2010-02-21 12:42:00,0,0.0,0,True
35821P,"JEWELLED DECORATION,PINK",5.9,2,2,2009-12-02 15:51:00,1,0.0,0,True
62097B,BLUE STRIPES SHOULDER BAG,5.9,1,1,2010-06-16 13:52:00,1,7.47,3,True
18098A,PINK PORCELAIN B'FLY OIL BURNER,5.9,2,2,2009-12-14 15:31:00,1,0.0,0,True
37488A,YELLOW PINK FLOWER DESIGN BIG BOWL,5.9,2,2,2010-02-23 11:14:00,0,10.92,3,True
37409,ASSORTED DESIGN FLOWER MUGS,5.949999999999999,3,3,2010-01-14 13:03:00,1,0.0,0,True
72751C,"F.FAIRY S/3 SML CANDLE, ROSE",5.95,1,1,2010-02-07 12:16:00,0,0.0,0,True
72751A,"F.FAIRY S/3 SML CANDLE,LILY/VALLEY",5.95,1,1,2009-12-04 16:52:00,0,0.0,0,True
85077,KISSING REINDEER TABLE RUNNER,5.95,1,0,2009-12-22 09:48:00,0,0.0,0,True
72751B,"F.FAIRY S/3 SML CANDLE, LAVENDER",5.95,1,1,2009-12-04 16:52:00,0,0.0,0,True
35638A,PINK AND BLACK STRING CURTAIN,5.95,1,1,2010-01-25 14:01:00,1,82.10000000000001,5,True
90011D,PURPLE CRYSTAL DROP EARRINGS,5.99,2,0,2009-12-02 14:43:00,0,8.76,3,True
85123B,ZINC HANGING HEART T-LITE HLDR,6.04,1,0,2009-12-22 15:13:00,0,0.0,0,True
20673,STRAWBERRIES PRINT BOWL,6.25,2,2,2009-12-01 11:51:00,0,0.0,0,True
37408,ASSORTED DESIGN GEISHA GIRL MUGS,6.25,1,1,2009-12-04 11:07:00,0,0.0,0,True
20942,SET/6 GINGERBREAD TREE T-LIGHTS,6.25,4,4,2009-12-01 12:57:00,2,0.0,0,True
82072,WHITE WOOD SINGLE P/FRAME,6.25,3,3,2010-02-07 15:16:00,1,0.0,0,True
71050,SMALL SINGLE FLAME CANDLE HOLDER,6.299999999999999,2,2,2010-06-08 14:10:00,1,9.45,5,True
79140,ASS WINDPROOF MARIJUANA LIGHTERS,6.3,2,2,2010-02-01 15:23:00,0,0.0,0,True
20884,MODERN CHRISTMAS TREE CANDLE,6.300000000000001,3,2,2009-12-10 18:27:00,1,0.0,0,True
84732D,CUTE RABBIT CEATURE SCREEN,6.6,4,4,2009-12-17 10:20:00,1,4.29,2,True
20858,SILVER PURSE GOLD PINK BUTTERFLY,6.6,1,1,2009-12-14 15:31:00,1,0.0,0,True
85185E,DUCK SOCK PUPPET,6.700000000000001,2,2,2009-12-03 10:26:00,1,0.0,0,True
22351,DOTCOMGIFTSHOP TEA TOWEL,6.72,1,0,2010-08-26 12:35:00,0,23.089999999999996,2,True
37484,ENGLISH ROSE TEA FOR ONE GIFT BOX,6.75,1,1,2009-12-08 13:59:00,0,0.0,0,True
48173A,DOOR MAT BLUE FLOCK,6.75,1,1,2010-01-26 16:26:00,0,0.0,0,True
35443,RASTA IN BATH W SPLIFF ASHTRAY,6.8,4,4,2009-12-06 12:42:00,1,6.8,6,True
85230C,ROSE SCENTED VOTIVE CANDLE,6.959999999999999,1,1,2009-12-10 13:12:00,0,0.0,0,True
85230D,VANILLA SCENTED VOTIVE CANDLE,6.959999999999999,1,1,2009-12-10 13:03:00,0,0.0,0,True
10124G,ARMY CAMO BOOKCOVER TAPE,7.14,6,5,2010-05-13 16:49:00,2,7.14,4,True
90111,BLUE HIBISCUS  HAIR CLIP,7.35,6,6,2009-12-07 11:05:00,0,0.0,0,True
90041,PEARL AND CHERRY QUARTZ BRACLET,7.4,2,1,2009-12-09 09:42:00,0,14.54,3,True
82011E,"BATHROOM SCALES, FAG BREAK",7.5,2,2,2010-02-11 10:01:00,2,0.0,0,True
46037A,PINK CANVAS DES CUSHION COVER,7.5,2,2,2010-05-25 17:31:00,1,0.0,0,True
90025D,BAROQUE BUTTERFLY EARRINGS PINK,7.5,2,2,2010-02-16 13:49:00,0,11.19,3,True
90025B,BAROQUE BUTTERFLY EARRINGS RED,7.5600000000000005,2,1,2010-03-07 15:34:00,1,3.73,1,True
90102,WHITE FRANGIPANI HAIR CLIP,7.609999999999999,3,2,2010-01-25 09:54:00,0,8.5,1,True
90039A,FIRE POLISHED GLASS BRACELET RED,7.65,2,1,2009-12-18 17:15:00,0,26.23,2,True
22206,"MUG , DOTCOMGIFTSHOP.COM",7.65,5,0,2010-06-07 14:22:00,0,4.17,5,True
37468,HARDMAN MUG 3 ASSORTED,7.78,1,0,2009-12-18 17:15:00,0,32.03,13,True
35597D,PINK/WHITE CHRISTMAS TREE 30CM,7.800000000000001,5,5,2009-12-04 13:31:00,1,17.48,2,True
90126B,BLUE BERTIE MOBILE PHONE CHARM,8.48,3,0,2009-12-18 17:06:00,0,0.0,0,True
84572,6 HOOK JEWEL STAND LILAC DRESS,8.49,1,1,2009-12-02 15:51:00,0,0.0,0,True
79323B,BLACK CHERRY LIGHTS,8.500000000000014,57,34,2009-12-01 18:03:00,11,0.0,1,False
90013E,AMBER VINTAGE EARRINGS,8.57,2,0,2009-12-09 09:42:00,0,0.0,0,True
20739,*USB Office Glitter Lamp,8.65,1,0,2009-12-01 14:28:00,0,0.0,0,True
20954,*USB Office Mirror Ball,8.65,1,0,2009-12-02 14:36:00,0,16.94,2,True
21406,SPOTTY CAT DOORSTOP,8.65,1,0,2009-12-14 17:16:00,0,0.0,0,True
18098B,BLUE PORCELAIN B'FLY OIL BURNER,8.850000000000001,3,3,2009-12-13 15:54:00,2,0.0,0,True
62097A,PINK STRIPES SHOULDER BAG,8.850000000000001,3,1,2009-12-11 16:48:00,0,0.0,0,True
20882,MODERN CHRISTMAS TREE CANDLE,8.850000000000001,2,1,2009-12-13 13:53:00,0,0.0,0,True
90027A,GLASS BEAD HOOP EARRINGS BLACK,8.86,3,2,2010-03-21 14:04:00,1,17.66,3,True
90076,MONTANA DIAMOND CLUSTER EARRINGS,8.879999999999999,3,0,2010-01-14 09:41:00,0,21.569999999999997,4,True
62074B,ELEPHANT CLIP W SUCTION CUP,9.24,8,4,2009-12-13 11:05:00,1,6.720000000000001,4,True
72708,SCULPTED ROUND IVORY CANDLE,9.24,5,5,2009-12-10 14:19:00,1,0.0,0,True
90214Z,"LETTER ""Z"" BLING KEY RING",9.649999999999999,8,4,2009-12-10 11:42:00,3,8.36,9,False
84732B,CUTE BIRD CEATURE SCREEN,9.899999999999999,4,4,2009-12-17 10:20:00,1,8.58,2,True
35650,VINTAGE BEAD PINK JEWEL STAND,9.9,2,2,2010-06-03 12:38:00,1,4.95,1,True
84743C,ORANGE FELT VASE + FLOWERS,10.0,4,4,2010-03-12 16:18:00,0,1.25,1,True
10080,GROOVY CACTUS INFLATABLE,10.199999999999998,5,4,2009-12-02 16:02:00,2,119.09,22,True
81950V,FLOWER PURPLE CLOCK W/SUCKER,10.2,4,4,2009-12-03 17:57:00,0,8.599999999999998,6,True
20939,ORANGE CANDLE,10.2,1,1,2009-12-11 14:20:00,0,0.0,0,True
21857,STAR WARS TOP TRUMPS GAME,10.23,2,0,2010-01-11 09:35:00,0,0.0,0,True
21858,HIGH SCHOOL MUSICAL 3 TOP TRUMPS,10.23,2,0,2009-12-10 09:49:00,0,0.0,0,True
84206A,3 BLACK CATS W HEARTS BLANK CARD,10.450000000000001,6,6,2009-12-06 13:29:00,1,4.5600000000000005,3,True
17084G,MOON INCENSE,10.5,2,2,2009-12-02 16:02:00,1,0.0,0,True
16169A,WRAP CHRISTMAS DECOUPAGE,10.5,1,1,2010-04-29 18:18:00,0,0.0,0,True
44089A,PINK GAUZE BUTTERFLY LAMPSHADE,10.5,9,8,2010-02-04 12:08:00,2,6.3,4,True
16169G,WRAP ROMANTIC DECOUPAGE,10.5,1,1,2009-12-10 14:28:00,1,0.0,0,True
72785B,S/4 CONTEMPORY RED ROSEBUD CANDLES,10.9,3,3,2009-12-11 14:20:00,0,0.0,0,True
17011B,ORIGAMI JASMINE INCENSE+FLOWER,11.100000000000001,2,2,2010-05-30 11:02:00,1,0.0,0,True
47341B,BLUE TABLE RUN FLOWER,11.25,3,3,2009-12-09 14:48:00,1,56.25,11,True
16151A,FLOWER DES BLUE HANDBAG/ORANG HANDL,11.25,2,2,2010-04-30 15:39:00,0,61.25,3,True
35918B,BLUE FLORIBUNDA EGG WARMER,11.25,5,5,2009-12-02 13:06:00,0,0.0,0,True
51012L,"FEATHER DUSTER, LIGHT PINK",11.25,6,5,2009-12-03 17:29:00,3,0.0,0,False
84366,VENDETTA CANVAS PICTURE,11.25,3,2,2010-02-02 11:40:00,1,0.0,0,True
79070B,ENGLISH ROSE SQUARE CAKE TINS,11.26,1,0,2009-12-01 14:45:00,0,0.0,0,True
17174,ASSTD RASTA KEY-CHAINS,11.34,4,4,2010-02-01 09:52:00,0,3.7800000000000002,3,True
90152A,SILVER/NAT SHELL NECKLACE W PENDANT,11.58,2,1,2009-12-08 15:49:00,0,28.759999999999998,5,True
47348A,FUSCHIA VOILE POINTY SHOE DEC,11.7,1,1,2010-04-11 10:35:00,0,50.31,15,True
37489D,PINK/GREEN FLOWER DESIGN BIG MUG,11.7,4,4,2010-01-14 13:03:00,2,16.379999999999995,16,True
90205A,LARGE MINT DIAMANTE HAIRSLIDE,11.95,6,0,2009-12-09 09:42:00,0,51.50999999999999,16,True
90183C,BLACK DROP EARRINGS W LONG BEADS,11.969999999999999,4,1,2009-12-02 14:43:00,1,26.149999999999995,9,True
90031,BILI NUT AND WOOD NECKLACE,12.010000000000002,2,0,2009-12-15 18:33:00,0,59.89,7,True
90000C,OPAL WHITE/SILVER FLOWER NECKLACE,12.32,2,1,2009-12-13 10:48:00,0,0.0,0,True
37489C,GREEN/BLUE FLOWER DESIGN BIG MUG,12.409999999999998,4,2,2009-12-01 14:28:00,1,13.65,8,True
47344B,BLUE FLOWER DES PURSE,12.5,4,4,2009-12-17 15:44:00,1,43.66,6,True
35751C,PURPLE CURRENT CANDLE RING,12.61,2,2,2009-12-01 11:41:00,1,0.0,0,True
21594,Dr. Jam's Arouzer Stress Ball,12.719999999999999,3,0,2009-12-09 09:42:00,0,8.34,2,True
DCGS0075,CAMOUFLAGUE DOG LEAD,12.72,1,0,2010-04-01 15:04:00,0,0.0,0,True
DCGS0070,CAMOUFLAGE DOG COLLAR,12.72,1,0,2010-04-01 15:04:00,0,12.72,1,True
DCGS0037,KEY-RING CORKSCREW,12.72,1,0,2010-06-14 14:49:00,0,0.0,0,True
85157,SET OF 2 CHESTS CHOCOLAT AU LAIT,12.72,1,0,2010-01-13 17:51:00,0,0.0,0,True
21772,VINTAGE METAL CAKE STAND CREAM,12.75,1,1,2010-01-05 13:58:00,0,0.0,0,True
90055,CRACKED GLAZE EARRINGS BROWN,12.75,5,0,2010-01-11 09:35:00,0,10.05,4,True
85115B,S/4 BLACK DISCO PARTITION PANEL,12.75,1,1,2010-06-09 13:57:00,1,24.869999999999997,1,True
20812,EMBOSSED FLOWER TRELLIS PHOTO FRAME,12.75,3,3,2009-12-01 13:29:00,2,0.0,0,True
84648,NEW BAROQUE WALL MIRROR,12.75,1,1,2009-12-01 13:07:00,0,0.0,0,True
72752B,"F.FAIRY,CANDLE IN GLASS,LAVENDER",12.75,2,2,2009-12-04 16:52:00,0,0.0,0,True
84247J,PACK/12 RUSSIAN DOLL CARDS,12.780000000000001,9,2,2009-12-02 15:04:00,1,0.0,0,True
78056,CAMOUFLAGE BACKPACK ON WHEELS,12.849999999999998,2,1,2009-12-02 13:20:00,0,0.0,0,True
16192,PINK BALLET OPENING CUBE BOX,12.899999999999999,1,0,2009-12-18 17:06:00,0,0.0,0,True
90214V,"LETTER ""V"" BLING KEY RING",12.999999999999998,10,5,2010-02-03 11:58:00,2,12.5,13,True
37489B,BLUE/YELLOW FLOWER DESIGN BIG MUG,13.649999999999999,5,5,2010-02-12 12:34:00,2,16.77,12,True
84814B,RHOMBUS CRYSTAL PERFUME BOTTLE,13.649999999999999,3,2,2009-12-01 17:08:00,0,0.0,0,True
78034B,BLUE NETTING STORAGE HANGER,13.649999999999999,3,3,2010-06-16 15:27:00,2,15.6,7,True
35936,CERISE+GOLD CHRISTMAS TREE DEC,13.68,9,8,2009-12-11 13:52:00,3,0.0,0,False
16245A,PINK MINI STATIONERY SET W CASE,13.75,7,7,2010-03-10 12:10:00,2,0.0,0,True
21852,EMPIRE TEDDY,13.9,2,1,2009-12-04 17:18:00,1,0.0,0,True
84868A,PINK BABY GIRL'S MEMORY BOX,13.9,2,2,2010-01-26 13:04:00,0,0.0,0,True
84251B,"GREETING CARD, STICKY GORDON",14.060000000000002,8,8,2010-03-08 12:08:00,2,68.50000000000003,53,True
90050,CRACKED GLAZE NECKLACE IVORY,14.44,2,0,2010-01-26 17:48:00,0,41.82000000000001,4,True
90182C,BLACK 3 BEAD DROP EARRINGS,14.780000000000001,4,1,2009-12-13 10:54:00,0,14.559999999999999,6,True
90177A,CLASSIC DIAMANTE EARRINGS JET,14.79,5,1,2009-12-10 18:43:00,0,20.299999999999997,8,True
90011E,AMBER CRYSTAL DROP EARRINGS,14.849999999999998,5,1,2009-12-08 14:36:00,1,8.76,3,True
84567,FROSTED GLASS WITH SILVER SURROUND,14.85,1,1,2010-01-20 14:09:00,0,0.0,0,True
75172,PAINTED SEA SHELL METAL WINDCHIME,15.0,3,3,2010-06-23 14:34:00,1,85.31000000000002,8,True
90053,CRACKED GLAZE EARRINGS IVORY,15.239999999999998,6,0,2010-01-11 14:35:00,0,9.989999999999998,4,True
90025F,BAROQUE BUTTERFLY EARRINGS CRYSTAL,15.27,4,1,2010-01-11 09:35:00,1,14.96,4,True
37481,CUBIC MUG TEATIME CAKES,15.299999999999999,1,1,2010-06-06 11:20:00,0,0.0,0,True
21853,GUMBALL CUSTOM CARS TOP TRUMPS GAME,15.399999999999999,3,0,2009-12-02 14:36:00,0,0.0,0,True
21560,TOADSTOOL  LUNCHBOX WITH CUTLERY,15.44,4,0,2009-12-01 14:43:00,0,0.0,0,True
85095,THREE CANVAS LUGGAGE TAGS,15.600000000000001,1,1,2010-08-19 13:32:00,1,235.23000000000002,46,True
35932,PINK CHRISTMAS TREE DECORATION,15.629999999999999,10,10,2009-12-04 16:45:00,3,0.0,0,False
84250M,"GREETING CARD, BLACKPOOL ROCK",15.899999999999997,13,1,2009-12-03 14:39:00,1,0.0,0,True
84630,FLOWERS AND BIRDS WALL PLAQUE,15.9,1,1,2010-01-21 11:25:00,0,0.0,0,True
90141D,ROSE PENDANT TRIPLE SHELL NECKLACE,15.969999999999999,3,0,2010-01-19 17:49:00,0,20.36,2,True
85225,BLING KEY RING STAND,16.25,8,7,2009-12-13 11:49:00,2,1.25,1,True
90128D,PURPLE LEAVES AND BEADS PHONE CHAR,16.27,5,2,2010-02-24 15:23:00,0,4.97,2,True
72785A,S/4 CONTEMPORY PINK ROSEBUD CANDLES,16.8,4,4,2009-12-11 14:20:00,0,0.0,0,True
21511,VINTAGE COLLAGE  GREETING  CARD,16.8,2,1,2010-04-13 12:21:00,1,0.0,0,True
84745A,PINK HANGING GINGHAM EASTER HEN,16.8,10,10,2009-12-03 12:28:00,0,13.440000000000001,5,True
72805,VANILLA CANDLE IN EMBOSSED ZINC POT,16.9,3,3,2009-12-06 12:26:00,1,0.0,0,True
DCGS0068,DOGS NIGHT COLLAR,17.12,2,0,2009-12-01 14:28:00,0,0.0,0,True
DCGS0066N,NAVY CUDDLES DOG HOODIE,17.3,2,0,2009-12-22 15:05:00,0,0.0,0,True
10124A,SPOTS ON RED BOOKCOVER TAPE,17.64,13,13,2010-03-19 14:05:00,3,6.72,5,False
37479P,CUBIC MUG FLOCK PINK ON BROWN,17.849999999999998,2,2,2010-06-11 15:03:00,0,142.23000000000002,33,True
21450,DISTRESSED CANDLE STICK WHITE,17.85,3,3,2009-12-03 12:10:00,1,0.0,0,True
18097B,BLUE TALL PORCELAIN T-LIGHT HOLDER,17.85,3,3,2009-12-02 11:53:00,1,0.0,0,True
84614C,BLUE BAROQUE FLOCK CANDLE HOLDER,17.85,1,1,2010-01-05 13:58:00,0,0.0,0,True
40005B,BLUE ORGANDY ROUND LAMPSHADE W BEA,17.85,9,7,2010-03-25 15:17:00,2,10.2,4,True
90154,LAZER CUT NECKLACE W PASTEL BEADS,17.9,2,1,2010-06-07 13:02:00,1,421.75,5,True
84311,CAMOFLAGE CUSHION COVER,18.15,1,1,2010-02-09 16:18:00,1,0.0,0,True
72796A,S/3 ENGLISH LAVENDER SQU CANDLE,18.150000000000002,5,5,2009-12-02 11:52:00,1,0.0,0,True
90059B,DIAMANTE HAIR GRIP PACK/2 BLACK DIA,18.349999999999998,6,1,2010-01-19 09:05:00,1,14.97,9,True
44089C,LILAC GAUZE BUTTERFLY LAMPSHADE,18.48,12,9,2010-02-04 12:08:00,2,10.08,6,True
16054,POPART RECT PENCIL SHARPENER ASST,18.480000000000004,6,4,2010-01-07 14:20:00,2,123.23999999999995,32,True
20680,PINK FLOWERS CHILDS UMBRELLA,19.5,4,4,2009-12-10 13:59:00,1,0.0,0,True
90206A,GOLD DIAMANTE STAR BROOCH,19.8,3,3,2009-12-17 13:07:00,0,54.82000000000001,8,True
84570B,WHITE SATIN DRESS JEWEL STAND,19.8,2,2,2009-12-15 11:49:00,1,0.0,0,True
90082C,DIAMANTE BOW BROOCH WHITE COLOUR,19.93,3,1,2010-01-13 17:08:00,0,0.0,0,True
90128B,BLUE LEAVES AND BEADS PHONE CHARM,20.0,4,4,2010-01-24 12:15:00,1,3.76,2,True
90128C,GREEN LEAVES AND BEADS PHONE CHARM,20.07,4,3,2009-12-18 17:06:00,0,4.97,2,True
90141B,IVORY PENDANT TRIPLE SHELL NECKLACE,20.08,4,0,2009-12-16 11:39:00,0,39.88000000000001,4,True
47552A,DOTS IRONING BOARD COVER,20.099999999999998,11,11,2009-12-10 16:21:00,3,0.0,0,False
90142A,GREEN PENDANT SHELL NECKLACE,20.36,3,0,2010-06-25 15:13:00,0,5.09,1,True
79172D,PURPLE TINT ACRYLIC FLOWER VASE,20.4,4,4,2010-03-08 13:38:00,0,0.0,0,True
90054,CRACKED GLAZE EARRINGS RED,20.439999999999998,8,1,2009-12-14 17:16:00,0,17.62,7,True
90132,LIGHT TOPAZ TEAL/AQUA COL NECKLACE,20.47,4,0,2009-12-16 17:58:00,0,15.16,3,True
10002R,ROBOT PENCIL SHARPNER,20.57,3,0,2009-12-02 14:43:00,0,0.0,0,True
90012A,MIDNIGHT BLUE DROP CRYSTAL NECKLACE,20.619999999999997,2,0,2009-12-03 14:39:00,0,53.76,5,True
DCGS0072,CAT CAMOUFLAGUE COLLAR,20.68,3,0,2009-12-14 17:57:00,0,0.0,0,True
90202B,WHITE ENAMEL FLOWER HAIR TIE,20.84,6,1,2009-12-02 14:36:00,0,29.049999999999997,9,True
84868B,BLUE BABY BOY'S MEMORY BOX,20.85,4,4,2010-01-26 13:04:00,0,0.0,0,True
90183B,AMETHYST DROP EARRINGS W LONG BEADS,20.85,7,0,2009-12-22 14:31:00,0,55.279999999999994,15,True
90214F,"LETTER ""F"" BLING KEY RING",20.85,12,9,2009-12-10 14:07:00,2,11.66,13,True
17007B,S/3 POT POURI CUSHIONS BLUE COLOURS,21.0,4,4,2009-12-14 12:24:00,0,50.400000000000006,2,True
20835,FRENCH LATTICE CUSHION COVER,21.22,2,1,2010-03-03 16:37:00,1,65.79999999999998,8,True
21387,IVORY HANGING DECORATION  RABBIT,21.25,4,4,2010-02-23 13:03:00,1,0.0,0,True
84745B,BLUE HANGING GINGHAM EASTER HEN,21.42,12,12,2009-12-03 12:28:00,0,13.44,5,True
35652,VINTAGE BEAD CHAISE LONG JEWEL BOX,21.5,2,2,2009-12-16 12:29:00,0,0.0,0,True
84226,HEN HOUSE W FAMILY IN BARN & NEST,22.1,8,8,2010-02-28 13:55:00,1,36.21000000000001,10,True
90189B,GOLD 2 STRAND NECKLACE-LEAF CHARMS,22.5,2,2,2010-02-16 13:49:00,0,0.0,0,True
84876C,SILVER HEART COMPACT MIRROR,22.5,4,4,2009-12-13 11:16:00,1,0.0,0,True
84450A,PINK RABBIT SITTING EASTER,22.5,5,4,2009-12-16 13:49:00,2,0.0,0,True
90025C,BAROQUE BUTTERFLY EARRINGS GREEN,22.560000000000002,6,2,2010-02-17 10:28:00,0,0.0,0,True
DCGS0003,BOXED GLASS ASHTRAY,22.65,9,0,2009-12-09 09:42:00,0,9.94,4,True
90025E,BAROQUE BUTTERFLY EARRINGS MONTANA,22.77,6,3,2009-12-02 14:43:00,2,3.73,1,True
84251C,"GREETING CARD, TWO SISTERS.",22.800000000000008,13,12,2009-12-14 13:19:00,4,53.87999999999999,40,False
90095,NECKLACE+BRACELET SET PINK BLOSSOM,22.91,3,2,2010-03-08 12:40:00,0,0.0,0,True
84456,SET OF 3 RABBIT EGG EASTER,22.950000000000006,16,12,2009-12-04 16:12:00,3,0.0,0,False
84550,CROCHET LILAC/RED BEAR KEYRING,23.099999999999998,4,3,2009-12-11 15:37:00,0,1.65,1,True
90125E,AMBER BERTIE GLASS BEAD BAG CHARM,23.140000000000004,7,1,2009-12-02 13:26:00,0,21.049999999999997,10,True
37491B,BLUE/YELLOW CERAMIC CANDLE HOLDER,23.479999999999997,7,4,2010-01-11 09:38:00,1,6.6,1,True
84086B,YELLOW/BLUE RETRO RADIO,23.6,5,5,2010-05-16 16:05:00,2,41.300000000000004,7,True
35909B,PINK FLOWERS RABBIT EASTER,23.6,4,4,2009-12-06 13:53:00,0,23.6,2,True
17014F,ORIGAMI SANDLEWOOD INCENSE CONES,23.699999999999996,4,4,2010-01-21 13:33:00,1,0.0,0,True
90187A,BLUE DROP EARRINGS W BEAD CLUSTER,23.720000000000002,6,1,2009-12-07 18:02:00,1,3.32,1,True
90011B,BLACK CRYSTAL DROP EARRINGS,23.79,8,2,2009-12-03 13:49:00,0,35.27,7,True
90152B,BLUE/GREEN SHELL NECKLACE W PENDANT,23.8,3,3,2009-12-06 13:29:00,0,11.46,2,True
84611B,BLACK NEW BAROQUE FLOCK BOX,23.8,4,4,2010-01-07 13:07:00,0,0.0,0,True
84575B,BROWN DOG CANNISTER W BONE,23.8,3,3,2009-12-09 15:20:00,1,0.0,0,True
90214I,"LETTER ""I"" BLING KEY RING",23.880000000000003,14,8,2009-12-09 15:03:00,3,25.849999999999994,11,False
90214O,"LETTER ""O"" BLING KEY RING",24.6,13,10,2009-12-09 15:03:00,4,2.51,3,False
90083,CRYSTAL CZECH CROSS PHONE CHARM,24.61,6,4,2009-12-03 11:46:00,0,19.559999999999995,7,True
35633B,BLUE TINSEL GARLAND,24.7,12,12,2009-12-04 15:40:00,5,0.0,0,False
16162M,THE KING GIFT BAG 25x24x12cm,25.2,5,5,2010-06-14 12:39:00,1,11.76,8,True
90141E,ORANGE PENDANT TRIPLE SHELL NECKLAC,25.310000000000002,3,2,2009-12-06 11:27:00,0,24.75,2,True
90024F,NEW BAROQUE B'FLY NECKLACE CRYSTAL,25.48,2,1,2010-04-19 10:40:00,1,42.13,4,True
72709,IVORY SCULPTED RND CANDLE,25.5,6,6,2010-04-19 14:08:00,2,37.4,7,True
44265,M/COLOUR POM-POM CURTAIN,25.5,3,3,2009-12-08 13:59:00,2,8.5,1,True
90001C,ANTIQUE OPAL WHITE FLOWER EARRINGS,25.57,5,3,2009-12-11 12:21:00,1,21.130000000000003,5,True
90001A,ANTIQUE RASPBERRY FLOWER EARRINGS,25.65,6,2,2009-12-15 18:33:00,0,20.950000000000003,4,True
90202A,PURPLE ENAMEL FLOWER HAIR TIE,26.620000000000005,8,2,2010-02-10 13:43:00,0,40.77999999999999,13,True
90027C,GLASS BEAD HOOP EARRINGS GREEN,26.67,7,2,2009-12-14 17:16:00,0,14.5,5,True
17013F,ORIGAMI SANDLEWOOD INCENSE IN TUBE,26.699999999999996,5,4,2009-12-21 17:20:00,1,0.0,0,True
90011A,MIDNIGHT BLUE CRYSTAL DROP EARRINGS,26.770000000000007,9,1,2009-12-03 14:39:00,0,17.509999999999998,6,True
90074,BLACK DIAMOND CLUSTER NECKLACE,26.849999999999998,3,3,2010-03-07 15:34:00,1,37.239999999999995,3,True
84867B,BLUE BABY BOY'S PHOTO ALBUM,27.14,1,0,2010-01-25 15:42:00,0,0.0,0,True
21097,SET/6 GREEN SPRING  PAPER PLATE,27.2,7,5,2010-01-15 15:05:00,1,0.0,0,True
84030B,KNITTED POM POM HOT WATER BOTTLE,27.21,4,2,2010-01-25 15:38:00,1,0.0,0,True
16161G,WRAP BAD HAIR DAY,27.5,11,11,2010-01-19 17:12:00,6,70.0,22,False
47013C,WINE BOTTLE DRESSING DARK BLUE,27.55,15,13,2009-12-04 15:16:00,1,11.530000000000001,12,True
17091F,SANDALWOOD INCENSE IN TIN,27.71,8,6,2009-12-06 14:10:00,3,0.0,0,False
35265,COLOURFUL FLOWER FRUIT BOWL,27.8,4,4,2010-05-25 16:48:00,0,52.20000000000002,12,True
37491A,YELLOW/PINK CERAMIC CANDLE HOLDER,28.489999999999995,9,5,2009-12-15 18:33:00,0,19.810000000000002,4,True
10138,ASSORTED COLOUR JUMBO PEN,29.319999999999993,21,14,2009-12-02 12:43:00,6,0.0,0,False
90027B,GLASS BEAD HOOP EARRINGS MONTANA,29.520000000000003,7,3,2009-12-09 12:57:00,1,8.76,3,True
90011C,GREEN CRYSTAL DROP EARRINGS,29.530000000000005,5,1,2009-12-04 16:27:00,1,5.8,2,True
90130D,RED STONE/CRYSTAL EARRINGS,29.610000000000003,5,1,2010-01-11 09:30:00,0,8.7,3,True
20820,SILVER LOOKING MIRROR,29.7,6,5,2009-12-17 11:38:00,2,24.75,2,True
90043,COPPER AND BRASS BAG CHARM,29.7,4,3,2009-12-17 15:26:00,2,24.810000000000002,2,True
90001B,ANTIQUE MID BLUE FLOWER EARRINGS,29.720000000000006,7,2,2010-01-13 17:44:00,1,21.15,3,True
90060B,FIRE POLISHED GLASS NECKL GOLD,29.75,3,3,2009-12-13 12:31:00,1,5.95,1,True
79065A,TEATIME ROUND CAKE TINS,29.849999999999998,1,1,2009-12-02 12:06:00,1,0.0,0,True
21685,MEDINA STAMPED METAL TRAY,29.9,2,2,2009-12-01 14:59:00,1,0.0,0,True
21767,FRENCH STYLE WIRE DOOR CABINET,29.95,1,1,2009-12-01 14:19:00,1,0.0,0,True
47563B,WAVELINE SURF IRONING BOARD COVER,30.0,6,6,2010-02-14 13:39:00,0,0.0,0,True
90212C,PURPLE LAS VEGAS BRACELET ROUND,30.0,4,3,2009-12-13 10:54:00,1,26.25,3,True
18010,ASSORTED FRAGRANCE BATH CONFETTI,30.159999999999997,9,6,2009-12-01 12:22:00,1,0.0,0,True
90034,WHITE SILVER NECKLACE SHELL GLASS,30.31,3,2,2009-12-02 14:43:00,0,20.17,2,True
90176D,DIAMANTE NECKLACE PURPLE,30.31,3,2,2009-12-15 18:33:00,0,45.0,4,True
90038B,GLASS AND PAINTED BEADS BRACELET OL,30.419999999999995,5,1,2009-12-14 17:16:00,0,45.04,7,True
21919,Electronic Talking Breath-A-Loser,30.47,5,0,2009-12-14 17:16:00,0,0.0,0,True
90187B,GREEN DROP EARRINGS W BEAD CLUSTER,30.57,7,1,2009-12-03 14:39:00,1,30.07,6,True
37348,SET OF 4 PASTEL STACKING MUGS,30.599999999999998,7,5,2009-12-02 11:53:00,2,0.0,0,True
18097A,PINK TALL PORCELAIN T-LIGHT HOLDER,30.600000000000005,8,6,2010-03-05 13:24:00,3,12.75,4,False
44091C,MULTICOLOUR CRUSOE CHECK LAMPSHADE,30.660000000000004,17,10,2009-12-17 19:54:00,6,0.0,0,False
90174,BUTTERFLY HAIR BAND,30.699999999999996,11,0,2009-12-04 09:43:00,0,54.89999999999999,18,True
47420,ASSORTED COLOUR SUCTION CUP HOOK,30.780000000000005,18,14,2009-12-02 13:33:00,4,37.050000000000004,13,False
90033,IVORY SHELL HEART EARRINGS,30.809999999999995,9,1,2009-12-02 14:43:00,0,25.07,9,True
72024U,LILAC VOTIVE CANDLE,31.080000000000002,8,7,2009-12-02 13:06:00,2,15.120000000000001,3,True
90141C,TURQ PENDANT TRIPLE SHELL NECKLACE,31.38,5,2,2009-12-06 11:27:00,0,52.31,8,True
37462E,"PET MUG, GOLDFISH",31.500000000000004,16,5,2010-01-10 14:02:00,3,12.27,11,False
90125C,TURQUOISE BERTIE GLASS BEAD CHARM,31.500000000000004,3,3,2009-12-01 13:13:00,0,69.85,7,True
79406,FROSTED WHITE BASE,31.500000000000004,13,9,2009-12-04 09:49:00,1,31.630000000000003,7,True
90125B,AQUA BERTIE GLASS BEAD BAG CHARM,31.510000000000005,5,3,2009-12-08 13:27:00,0,35.46,11,True
20952,PORCELAIN CHERUB BELL SMALL,31.560000000000002,24,19,2009-12-10 13:59:00,3,0.0,0,False
84608,ORNATE EDWARDIAN CANDLE HOLDER,31.8,4,4,2009-12-04 15:27:00,2,0.0,0,True
71406C,BLACK ORANGE SQUEEZER,31.96,14,10,2009-12-03 14:39:00,2,57.960000000000015,21,True
84228,HEN HOUSE W CHICK STANDING,31.98,19,4,2009-12-07 17:56:00,3,123.67000000000003,27,False
84803B,WHITE ALLIUM  ARTIFICIAL FLOWER,32.11,7,7,2010-02-04 16:16:00,1,23.66,4,True
37489A,YELLOW/PINK FLOWER DESIGN BIG MUG,32.129999999999995,9,7,2009-12-13 11:49:00,4,14.43,15,False
15030,FAN BLACK FRAME,32.18999999999999,14,12,2009-12-13 14:38:00,2,40.89,12,True
17136A,BLUE STONES ON WIRE FOR CANDLE,32.19,17,14,2009-12-03 09:44:00,5,29.590000000000007,17,False
85079,EMBROIDERED REINDEER DECORATION,32.25,8,6,2009-12-03 16:54:00,4,0.0,0,False
90130C,GREEN STONE/CRYSTAL EARRINGS,32.67,11,2,2009-12-04 09:43:00,1,38.04999999999999,12,True
90118,PINK DAISY BAG CHARM,32.74999999999999,10,2,2010-06-16 16:04:00,0,54.42,17,True
90202C,GREEN ENAMEL FLOWER HAIR TIE,32.75000000000001,11,2,2009-12-09 09:51:00,0,35.209999999999994,12,True
84249A,"GREETING CARD,SQUARE, DOUGHNUTS",32.76,7,6,2010-02-04 16:16:00,2,79.62999999999998,26,True
90177C,DROP DIAMANTE EARRINGS CRYSTAL,32.800000000000004,10,3,2009-12-10 18:43:00,1,55.629999999999995,13,True
90101,WHITE FRANGIPANI NECKLACE,33.089999999999996,12,1,2009-12-09 09:42:00,1,80.29,16,True
90064B,BLACK VINTAGE  CRYSTAL EARRINGS,33.75,5,3,2009-12-17 19:33:00,0,41.25,7,True
75011,BLUE DAISY MOBILE,33.75,3,3,2009-12-11 15:40:00,2,138.76000000000002,12,True
90066A,PINK VINTAGE VICTORIAN CHOKER,33.75,2,2,2010-07-19 13:23:00,1,0.0,0,True
84746,PINK EASTER HENS+FLOWER,33.75,7,5,2009-12-07 13:35:00,2,38.31,9,True
90126A,PINK BERTIE MOBILE PHONE CHARM,33.78,4,3,2009-12-06 11:27:00,1,3.36,1,True
90026C,GLASS BEAD HOOP NECKLACE GREEN,34.0,3,3,2009-12-10 19:35:00,0,33.82,3,True
90003E,GREEN PAIR HEART HAIR SLIDES,34.199999999999996,8,1,2009-12-16 17:36:00,0,59.919999999999995,12,True
35955,SMALL FOLKART CHRISTMAS TREE DEC,34.620000000000005,4,4,2009-12-01 12:22:00,0,0.0,0,True
84546,CROCHET POODLE KEYRING,34.64999999999999,3,3,2010-03-01 12:21:00,0,0.0,0,True
90131,PINK/AMETHYST/GOLD NECKLACE,34.75,3,3,2009-12-01 11:37:00,2,34.870000000000005,2,True
DCGS0058,MISO PRETTY  GUM,34.82,30,0,2009-12-01 14:28:00,0,0.0,0,True
47351B,BLUE  VOILE LAMPSHADE,35.400000000000006,5,5,2009-12-06 11:58:00,1,112.10000000000004,9,True
35909A,RABBIT EASTER DECORATION,35.400000000000006,2,2,2010-02-23 12:55:00,0,23.6,3,True
90052,CRACKED GLAZE NECKLACE BROWN,35.44,3,1,2009-12-22 16:17:00,0,14.14,2,True
47504J,ENGLISH ROSE SET/3 GARDEN TOOLS,35.449999999999996,4,2,2009-12-03 14:39:00,1,0.0,0,True
90126C,AMBER BERTIE MOBILE PHONE CHARM,35.519999999999996,4,2,2009-12-18 17:06:00,1,6.58,1,True
90051,CRACKED GLAZE NECKLACE RED,35.56,4,1,2010-06-28 10:02:00,0,70.16,7,True
90179A,AMBER FINE BEAD NECKLACE W TASSEL,35.690000000000005,4,3,2010-01-26 17:48:00,0,29.490000000000002,4,True
90152C,BLUE/NAT SHELL NECKLACE W PENDANT,35.7,3,3,2010-04-01 10:33:00,1,5.95,1,True
35910B,PINK FLOWERS RABBIT EASTER,35.72,5,3,2010-01-07 12:22:00,0,25.349999999999998,3,True
90037D,TINY CRYSTALS BRACELET BLACK,35.87,8,1,2009-12-07 17:56:00,0,0.0,0,True
90188,DROP EARRINGS W FLOWER & LEAF,35.919999999999995,13,1,2009-12-01 14:28:00,1,15.14,5,True
17014E,ORIGAMI OPIUM INCENSE CONES,36.599999999999994,6,4,2010-05-10 11:05:00,0,0.0,0,True
47013A,WINE BOTTLE DRESSING LT.BLUE,36.82999999999999,21,18,2009-12-16 14:59:00,1,3.04,4,True
72715,SPHERICAL IVORY CANDLE,36.96,13,8,2010-02-16 15:35:00,3,0.0,0,False
84251J,"GREETING CARD, THE BLACK CAT",37.04,17,4,2009-12-01 09:46:00,3,0.0,0,False
84705F,RED PEONY PHOTO FRAME,37.199999999999996,5,4,2009-12-02 15:04:00,2,0.0,0,True
37112,YELLOW BIRDS FELT DES FOODCOVER,37.5,5,4,2009-12-04 11:59:00,2,0.0,0,True
37477B,"FLOWER FAIRY MUG+COASTER,LAVENDER",37.5,8,6,2009-12-02 15:41:00,2,0.0,0,True
79413,GLASS WINE GLASS DECORATIONS,37.5,9,7,2009-12-04 14:19:00,3,0.0,0,False
35233,PASTA ENAMEL/BRASS CONTAINER,37.5,8,8,2009-12-08 15:00:00,4,0.0,0,False
90039B,FIRE POLISHED GLASS BRACELET MONTAN,37.68,5,2,2010-01-12 09:48:00,1,41.309999999999995,6,True
90038C,GLASS AND BEADS BRACELET IVORY,37.769999999999996,5,2,2009-12-18 17:15:00,0,33.69,4,True
90181C,BLACK GLASS/SHELL/PEARL NECKLACE,37.78,4,0,2009-12-02 14:43:00,0,9.15,1,True
90119,METALIC LEAVES BAG CHARMS,38.010000000000005,6,3,2010-06-23 10:53:00,0,165.15999999999994,33,True
90103,PURPLE FRANGIPANI NECKLACE,38.19,14,3,2009-12-22 09:45:00,1,70.17999999999999,15,True
85184B,SET 4 EASTER DECOUPAGE OVAL BOXES,38.35000000000001,7,7,2009-12-09 13:26:00,1,0.0,0,True
35963,FOLKART ZINC CLIP ON ANGEL WINGS,38.38000000000001,11,10,2009-12-16 12:09:00,5,0.0,0,False
90183A,AMBER DROP EARRINGS W LONG BEADS,38.410000000000004,8,1,2010-01-19 09:05:00,0,84.99,19,True
90176C,DIAMANTE NECKLACE,38.68,4,3,2009-12-14 18:37:00,1,23.32,2,True
82545A,COGNAC AUX OEUFS METAL 1 HOOK,38.75,11,11,2010-01-14 14:18:00,3,0.0,0,False
90128A,PINK LEAVES AND BEADS PHONE CHARM,38.779999999999994,8,5,2010-01-24 12:15:00,1,7.43,2,True
90214P,"LETTER ""P"" BLING KEY RING",38.86,17,10,2009-12-07 15:26:00,5,12.979999999999999,13,False
35933,PINK STOCKING CHRISTMAS DECORATION,39.17,9,7,2009-12-01 12:56:00,2,92.21000000000001,19,True
90046,WHITE WITH METAL BAG CHARM,39.6,6,5,2010-03-26 16:17:00,1,14.850000000000001,1,True
20860,GOLD COSMETICS BAG WITH BUTTERFLY,39.900000000000006,10,10,2010-04-08 11:49:00,1,2.1,1,True
20994,JAZZ HEARTS SPIRAL NOTEPAD,39.95,12,12,2009-12-01 12:57:00,1,0.0,0,True
90064A,WHITE VINTAGE CRYSTAL EARRINGS,40.440000000000005,6,1,2010-01-13 17:44:00,0,38.699999999999996,6,True
90012B,BLACK DROP CRYSTAL NECKLACE,40.55,3,1,2009-12-03 13:49:00,0,45.35000000000001,3,True
84798C,WHITE FOXGLOVE ARTIIFCIAL FLOWER,40.8,3,3,2010-01-05 14:12:00,1,0.0,0,True
90214D,"LETTER ""D"" BLING KEY RING",40.92,18,8,2009-12-03 12:40:00,4,42.93999999999999,30,False
35644,PAIR PINK/BLACK COATHANGERS,40.95,7,6,2010-02-03 13:52:00,2,0.0,0,True
90214H,"LETTER ""H"" BLING KEY RING",40.95,23,12,2009-12-01 13:13:00,4,32.989999999999995,28,False
21119,Glow In The Dark Shot Glasses,41.01,3,0,2009-12-18 17:15:00,0,0.0,0,True
85024B,EAU DE NILE JEWELLED PHOTOFRAME,41.25,8,7,2010-01-19 17:32:00,1,288.0,11,True
90067B,BROWN VINTAGE VICTORIAN EARRINGS,41.32000000000001,4,2,2009-12-01 11:37:00,1,5.8,2,True
72798C,SET/4 GARDEN ROSE DINNER CANDLE,41.559999999999995,12,7,2009-12-01 13:31:00,2,11.549999999999999,3,True
90177E,DROP DIAMANTE EARRINGS GREEN,41.63000000000001,13,2,2009-12-10 18:43:00,1,23.38,9,True
84679,CLASSICAL ROSE TABLE LAMP,41.65,2,2,2010-03-02 12:24:00,0,39.9,1,True
90060C,FIRE POLISHED GLASS NECKL SILVER,41.650000000000006,3,3,2009-12-06 13:40:00,2,0.0,0,True
90030A,SPOTTED WHITE NATURAL SEED NECKLACE,41.76,3,1,2009-12-09 09:51:00,0,72.0,7,True
90141A,GREEN PENDANT TRIPLE SHELL NECKLACE,41.839999999999996,7,2,2009-12-06 11:27:00,0,63.10999999999999,10,True
72771C,BLACK FLOCK GOLD CANDLE,42.08,6,4,2009-12-07 17:56:00,0,0.0,0,True
90214T,"LETTER ""T"" BLING KEY RING",42.11,13,8,2009-12-06 14:54:00,3,9.979999999999999,10,False
90024A,NEW BAROQUE B'FLY NECKLACE BLACK,42.5,4,4,2010-01-28 13:23:00,1,0.0,0,True
90026B,GLASS BEAD HOOP NECKLACE MONTANA,42.5,4,3,2009-12-13 10:54:00,1,25.32,3,True
21596,Hypochondriac Pill Stress Ball,42.64,9,0,2009-12-01 14:49:00,0,0.0,0,True
84548,CROCHET BEAR RED/BLUE  KEYRING,42.89999999999999,9,8,2009-12-03 14:28:00,0,36.3,5,True
84551,CROCHET DOG KEYRING,42.9,6,5,2009-12-08 17:44:00,0,21.449999999999996,2,True
35916B,BLUE FELT HANGING HEART W FLOWER,42.98999999999999,14,4,2009-12-01 09:57:00,1,76.67999999999998,32,True
35822P,"ACRYLIC BEAD CHAIN, PINK",43.32,1,1,2010-01-27 12:39:00,1,0.0,0,True
90084,PINK CRYSTAL GUITAR PHONE CHARM,43.35,8,7,2009-12-01 12:56:00,1,0.85,1,True
90042B,FRESHWATER PEARL BRACELET PINK,43.35,6,4,2009-12-02 11:34:00,1,0.0,0,True
90059C,DIAMANTE HAIR GRIP PACK/2 MONTANA,43.389999999999986,13,3,2009-12-09 09:42:00,1,13.239999999999995,9,True
17014C,ORIGAMI LAVENDER INCENSE CONES,43.75,2,1,2009-12-05 14:57:00,0,0.0,0,True
90027D,GLASS BEAD HOOP EARRINGS AMETHYST,43.78,10,5,2009-12-02 14:43:00,1,21.759999999999998,4,True
90108,BLUE BLOSSOM HAIR CLIP,43.870000000000005,9,7,2010-01-15 15:47:00,0,68.99999999999999,11,True
35815B,"ACRYLIC JEWEL SNOWFLAKE,BLUE",43.940000000000005,3,2,2009-12-07 18:02:00,0,0.0,0,True
35607B,BLACK FEATHER CHRISTMAS DECORATION,44.06,10,8,2009-12-11 11:52:00,2,18.240000000000002,7,True
90214G,"LETTER ""G"" BLING KEY RING",44.230000000000004,18,10,2009-12-13 13:03:00,3,32.94999999999999,27,False
35085E,IVORY ROSE LAMPSHADE,44.25,9,7,2009-12-01 16:17:00,4,0.0,0,False
84586L,"PINK ROSES/GINGHAM PATCH RABBIT 8""",44.25000000000001,9,9,2009-12-06 11:13:00,2,0.0,0,True
90197D,AMBER GLASS BRACELET HEART CHARMS,44.55,4,4,2010-02-02 12:45:00,0,0.0,0,True
72796B,S/3 FRENCH VANILLA SQU CANDLE,44.55,12,11,2009-12-02 11:52:00,1,0.0,0,True
35916A,YELLOW FELT HANGING HEART W FLOWER,44.64999999999997,15,4,2009-12-07 17:56:00,0,67.39000000000001,29,True
90049,IVORY GOLD METAL BAG CHARM,44.82,3,1,2010-05-23 12:46:00,0,34.77,3,True
16161C,WRAP SPEED DEMONS,45.0,2,2,2009-12-01 12:56:00,1,0.0,0,True
72724,SET/6 CHRISTMAS ICICLE T-LIGHTS,45.0,10,9,2009-12-01 11:45:00,2,0.0,0,True
90059F,DIAMANTE HAIR GRIP PACK/2 LT ROSE,45.17999999999999,13,2,2009-12-16 17:58:00,2,21.49,12,True
20837,FRENCH FLORAL CUSHION COVER,45.60000000000001,3,3,2009-12-04 12:37:00,0,142.47,15,True
90022,EDWARDIAN DROP EARRINGS JET BLACK,45.720000000000006,12,0,2009-12-04 09:43:00,0,60.24,17,True
90163B,WHITE ROSEBUD & PEARL NECKLACE,45.73,4,1,2009-12-09 09:51:00,0,45.24,4,True
35611B,BLACK ASSORTED DROPLET DECORATION,45.76,3,2,2009-12-03 14:39:00,0,0.0,0,True
90037B,TINY CRYSTAL BRACELET GREEN,45.88999999999999,5,4,2010-03-16 11:08:00,2,22.799999999999997,4,True
20964,POLYESTER FILLER PAD 60x40cm,45.9,5,5,2009-12-01 11:50:00,1,5.1,1,True
84626,CANDY STRIPE ROSE QUILT,45.95,1,1,2009-12-09 12:18:00,1,0.0,0,True
85081,PADDED HOLLY CHRISTMAS DECORATION,46.170000000000016,21,20,2009-12-09 14:48:00,8,0.0,0,False
16050,TEATIME PENCIL WITH RUBBER,46.45,8,4,2010-02-16 17:24:00,1,0.0,0,True
81952B,ROUND BLUE CLOCK W/SUCKER,46.56,11,6,2010-01-11 14:39:00,4,38.0,9,False
84227,HEN HOUSE W CHICK IN NEST,46.620000000000005,12,12,2010-02-18 12:34:00,2,0.42,1,True
20988,TRELLIS FLOWER CHOPSTICKS SET/5,46.800000000000004,9,8,2009-12-02 15:51:00,2,0.0,0,True
90059E,DIAMANTE HAIR GRIP PACK/2 RUBY,46.93999999999999,18,2,2009-12-09 09:42:00,1,26.519999999999996,13,True
71495A,CD WALL TIDY BLUE OFFICE,47.160000000000025,12,3,2010-02-09 16:18:00,2,40.38,8,True
90214N,"LETTER ""N"" BLING KEY RING",47.17,19,9,2009-12-06 14:54:00,4,23.799999999999997,20,False
20895,VINTAGE NOTEBOOK FRENCH LETTER,47.20000000000001,4,3,2009-12-08 12:33:00,3,0.0,0,False
47369A,PINK GREEN EMBROIDERY COSMETIC BAG,47.21000000000001,5,4,2010-03-08 08:33:00,1,87.4,19,True
90214B,"LETTER ""B"" BLING KEY RING",47.56,18,12,2009-12-09 15:03:00,5,21.289999999999996,21,False
21347,GOTHIC CARRIAGE LANTERN,47.6,4,4,2009-12-02 09:57:00,1,0.0,0,True
90179B,PURPLE FINE BEAD NECKLACE W TASSEL,47.72,6,5,2009-12-02 14:36:00,0,5.82,1,True
90021,LASER CUT MULTI STRAND NECKLACE,47.8,3,3,2010-08-18 17:43:00,0,11.95,1,True
84539,KNITTED RABBIT DOLL,47.849999999999994,9,8,2009-12-07 15:28:00,1,42.9,2,True
20697,LITTLE GREEN MONSTER SOFT TOY,48.15,10,9,2009-12-13 11:34:00,2,48.449999999999996,11,True
35603C,SET/16 WHITE SHINY & MATT BAUBLES,48.300000000000004,24,19,2009-12-02 15:15:00,6,0.0,0,False
17084J,LOVE POTION MASALA INCENSE,48.510000000000005,12,11,2009-12-01 13:31:00,3,47.25,8,False
84744,S/6 SEW ON CROCHET FLOWERS,48.75,11,10,2009-12-07 15:15:00,4,140.01999999999998,20,False
62086A,PINK RETRO BIG FLOWER BAG,48.75,10,9,2010-03-01 12:21:00,3,171.6,14,False
84845C,CARNATION SQUARE HANDY TIN,48.75,14,14,2009-12-06 13:10:00,3,0.0,0,False
35610C,WHITE CHRISTMAS FLOCK DROPLET,49.05,6,5,2009-12-10 09:49:00,3,32.51,2,False
72129,COLUMBIAN CANDLE ROUND,49.10999999999999,18,16,2009-12-18 16:04:00,3,0.0,0,False
17013C,ORIGAMI LAVENDER INCENSE IN TUBE,49.14,2,2,2009-12-16 12:39:00,2,0.0,0,True
84537B,FAIRY CAKES GIFT BAG,49.14000000000001,11,10,2009-12-03 12:10:00,3,0.0,0,False
16045,POPART WOODEN PENCILS ASST,49.44,6,4,2010-01-07 14:20:00,0,372.0,67,True
90135A,ORANGE/FUSCHIA STONES NECKLACE,49.64000000000001,3,2,2010-03-08 12:35:00,2,4.98,1,True
22257,FELT FARM ANIMAL SHEEP,50.059999999999995,15,8,2010-01-21 09:30:00,2,280.4200000000001,44,True
20870,OPULENT VELVET CANDLE IN BOX,50.1,7,4,2009-12-01 10:59:00,1,0.0,0,True
22657,HEN & 2 CHICKS IN BASKET,50.15,7,7,2010-01-31 16:02:00,2,0.0,0,True
90177B,DROP DIAMANTE EARRINGS BLACK DIAMON,50.37000000000001,12,3,2009-12-10 18:43:00,1,32.31,5,True
72083A,STRAWBERY SWIRL FLARE CANDLE,50.40000000000001,7,7,2010-02-24 11:51:00,0,0.0,0,True
71495B,CD WALL TIDY RED FLOWERS,50.52,10,4,2010-01-28 12:42:00,3,61.05,8,False
17084A,TRANQUILITY MASALA INCENSE,50.82,11,9,2010-02-04 12:08:00,2,42.0,7,True
84612B,SET/4 BLACK  BAROQUE FLOCK COASTER,50.99999999999999,4,4,2010-01-08 15:19:00,1,0.0,0,True
84527,FLAMES SUNGLASSES PINK LENSES,51.00999999999999,14,13,2010-03-30 12:36:00,1,95.1,8,True
90169,DAISY HAIR COMB,51.029999999999994,12,2,2009-12-09 09:51:00,1,30.06,10,True
35071,ASSORTED SANTA CHRISTMAS DECORATION,51.14,7,5,2009-12-01 11:41:00,1,0.0,0,True
84845D,GERANIUM SQUARE HANDY TIN,51.25,11,11,2009-12-06 13:10:00,2,0.0,0,True
DCGS0004,HAYNES CAMPER SHOULDER BAG,51.31,3,0,2009-12-03 14:39:00,0,16.63,1,True
84292B,BLUE COL METAL FOLDING CHAIR,51.800000000000004,5,4,2010-01-04 14:00:00,0,0.0,0,True
46115B,GREEN POP ART MAO CUSHION COVER,52.06000000000002,20,18,2010-05-11 15:03:00,5,2.2800000000000002,2,False
90125A,PINK BERTIE GLASS BEAD BAG CHARM,52.53,8,5,2009-12-01 12:56:00,1,106.24,10,True
90078,PINK/WHITE GLASS DEMI CHOKER,52.64,4,3,2010-02-16 13:49:00,0,15.0,1,True
90140,PINK SWEETIE NECKLACE,52.78,5,2,2009-12-13 12:31:00,0,15.120000000000001,2,True
84251G,"GREETING CARD, OVERCROWDED POOL.",52.86000000000003,38,18,2009-12-01 14:28:00,4,67.86000000000001,50,False
20848,ZINC HEART LATTICE CHARGER SMALL,53.10000000000001,4,3,2009-12-10 20:22:00,0,61.95000000000001,8,True
90099,NECKLACE+BRACELET SET BLUE HIBISCUS,53.309999999999995,9,4,2009-12-07 13:35:00,0,73.82999999999998,15,True
37491D,PURPLE/BLUE CERAMIC CANDLE HOLDER,53.39999999999999,11,4,2010-01-27 17:56:00,0,9.879999999999999,2,True
90176A,CLASSIC DIAMANTE NECKLACE JET,53.4,5,2,2009-12-03 14:39:00,1,14.98,2,True
35001B,HAND OPEN SHAPE BLACK,53.43000000000001,6,5,2009-12-17 13:35:00,2,0.0,0,True
85023A,CRYSTAL LARGE JEWELLED PHOTO FRAME,53.55,10,9,2009-12-04 15:16:00,2,0.0,0,True
90060D,FIRE POLISHED GLASS NECKL BRONZE,53.55000000000001,5,4,2009-12-06 13:40:00,1,17.85,3,True
90037C,TINY CRYSTAL BRACELET BLUE,53.56,8,4,2009-12-14 17:57:00,2,10.04,4,True
79329,PINK FLOCK GLASS CANDLEHOLDER,53.76,5,5,2009-12-02 12:19:00,2,12.18,2,True
35912B,WHITE/PINK CHICK DECORATION,54.31999999999999,10,8,2010-01-07 12:22:00,0,301.26,20,True
90071,RUBY GLASS CLUSTER EARRINGS,54.369999999999976,40,1,2009-12-02 14:36:00,1,52.15999999999998,31,True
20953,PORCELAIN CHERUB BELL LARGE,54.44999999999999,9,7,2010-03-19 13:53:00,0,0.0,0,True
90075,MONTANA DIAMOND CLUSTER NECKLACE,54.519999999999996,5,3,2010-03-07 15:34:00,2,37.66,3,True
85151,WELCOME METAL SIGN,55.0,8,8,2009-12-02 15:04:00,2,0.0,0,True
90079,VINTAGE ENAMEL & CRYSTAL NECKLACE,55.01,9,3,2009-12-17 19:33:00,2,49.760000000000005,4,True
75178,ASSTD COL BUTTERFLY/CRYSTAL W/CHIME,55.059999999999995,12,6,2010-02-18 13:29:00,2,217.61999999999998,12,True
90001D,ANTIQUE OLIVE GREEN FLOWER EARRINGS,55.230000000000004,6,4,2009-12-06 11:58:00,2,29.730000000000004,5,True
84723,CHERRY BLOSSOM CANVAS ART PICTURE,55.65,6,6,2010-02-05 15:24:00,3,97.95,6,False
85080,PADDED RED HEART DECORATION,55.76000000000001,22,19,2009-12-02 15:15:00,7,0.0,0,False
44236,PINK/PURPLE CIRCLE CURTAIN,55.800000000000004,6,5,2010-01-24 11:03:00,2,56.52000000000001,7,True
85179C,PINK BITTY LIGHT CHAIN,55.84,4,3,2009-12-03 10:26:00,1,164.17000000000002,30,True
47369B,BLUE GREEN EMBROIDERY COSMETIC BAG,56.050000000000004,7,7,2009-12-13 13:17:00,1,91.34000000000002,21,True
90210C,RED   ACRYLIC FACETED BANGLE,56.050000000000004,4,4,2009-12-04 16:37:00,1,104.71000000000001,6,True
90162D,ANT SILVER PURPLE BOUDICCA RING,56.05000000000001,9,5,2010-01-24 12:15:00,2,29.500000000000004,5,True
90067A,PINK VINTAGE VICTORIAN EARRINGS,56.09000000000001,9,5,2009-12-01 11:37:00,2,41.15,7,True
79331,PINK FLOCK GLASS CANDLEHOLDER,56.099999999999994,6,5,2010-02-10 13:32:00,2,17.5,3,True
84415A,PINK FLOCK SUEDE CUSHION COVER,56.25,4,1,2009-12-08 11:52:00,0,15.0,2,True
90002E,FLOWER BURST SILVER RING GREEN,56.519999999999996,11,7,2009-12-02 13:57:00,2,0.0,0,True
47518F,ICON PLACEMAT POP ART ELVIS,56.52000000000001,10,3,2009-12-01 14:45:00,1,134.36999999999995,33,True
72783,BLACK SIL'T SQU CANDLE PLATE,56.7,7,5,2009-12-01 11:21:00,1,25.200000000000003,1,True
72771B,BURG FLOCK GOLD CUP/CANDLE,56.900000000000006,8,6,2009-12-10 09:49:00,0,0.0,0,True
35913B,WHITE/PINK CHICK EASTER DECORATION,56.91000000000001,11,10,2010-01-07 12:22:00,1,35.48,10,True
35821B,"JEWELLED DECORATION,BLUE",57.0,3,3,2009-12-10 08:29:00,1,0.0,0,True
17129C,SKY BLUE COLOUR GLASS GEMS IN BAG,57.98000000000001,11,7,2009-12-09 15:03:00,2,0.0,0,True
35816B,"ACRYLIC JEWEL ANGEL,BLUE",58.07,3,2,2009-12-16 11:57:00,2,0.0,0,True
21343,GOLD JEWELERY BOX,58.10000000000001,3,3,2009-12-09 14:01:00,0,0.0,0,True
85023C,PINK LARGE JEWELED PHOTOFRAME,58.649999999999984,11,10,2010-01-18 14:23:00,3,-2.55,0,False
81985A,"ICON ALARM CLOCK,FUSCHIA  PIN UP",58.65,7,7,2009-12-07 13:59:00,0,0.0,0,True
84593,CROCHET ROSE DES CLOTHES HANGER,59.00000000000001,6,6,2009-12-06 11:13:00,1,14.750000000000002,2,True
20667,CHERRY BLOSSOM PURSE,59.00000000000001,8,6,2009-12-17 15:41:00,2,49.69000000000001,16,True
72133,COLUMBIAN CANDLE RECTANGLE,59.120000000000005,15,13,2009-12-13 11:49:00,3,51.09,15,False
35654,VINTAGE BEAD FILLED PINK CUSHION,59.4,5,4,2010-01-05 12:06:00,1,0.0,0,True
84582,PINK CROCHET CAT WITH SCARF,59.5,11,9,2009-12-01 10:59:00,3,0.0,0,False
90026D,GLASS BEAD HOOP NECKLACE AMETHYST,59.5,5,5,2010-06-07 13:02:00,1,25.5,3,True
84575A,PINK DOG CANNISTER,59.50000000000001,9,9,2010-02-21 15:47:00,2,33.349999999999994,4,True
44241C,BLUE BUTTERFLY ON SPRING,59.50000000000001,8,7,2010-01-25 15:36:00,1,0.0,0,True
90030C,BROWN KUKUI COCONUT SEED NECKLACE,59.6,5,2,2009-12-09 09:51:00,0,91.7,11,True
90171,DAISY RING,59.649999999999984,27,2,2009-12-01 14:28:00,0,0.0,0,True
90024C,NEW BAROQUE B'FLY NECKLACE GREEN,59.67,7,4,2009-12-03 13:49:00,0,33.81,3,True
35916C,PINK FELT HANGING HEART W FLOWER,59.82999999999999,22,4,2009-12-01 09:57:00,1,107.71999999999998,20,True
84875A,PINK SQUARE COMPACT MIRROR,60.0,12,10,2009-12-02 15:51:00,0,0.0,0,True
84921,CREAM AND PINK FLOWERS PONY,60.0,9,9,2009-12-13 13:31:00,3,41.25,5,False
84415B,BLUE FLOCK CUSHION COVER,60.0,4,1,2009-12-03 12:44:00,0,20.0,3,True
21595,Dad's Cab Electronic Meter,60.01,7,0,2009-12-02 14:43:00,0,16.94,2,True
90003C,MIDNIGHT BLUE PAIR HEART HAIR SLIDE,60.45,11,5,2009-12-01 10:49:00,1,89.92,20,True
47016,LIGHT DECORATION BATTERY OPERATED,60.900000000000006,4,4,2009-12-07 12:42:00,1,4.2,1,True
62043B,BLUE CHECK BAG W HANDLE 34X20CM,61.04999999999999,5,3,2010-04-30 15:39:00,1,13.279999999999998,5,True
47343A,FUSCHIA FLOWER PURSE WITH BEADS,61.08999999999999,9,9,2009-12-17 15:44:00,2,145.16999999999996,14,True
40002,WHITE BAMBOO RIBS LAMPSHADE,61.199999999999996,1,1,2009-12-18 11:18:00,1,0.0,0,True
35973,GERANIUM FOLKART HEART DECORATION,61.25,13,11,2009-12-09 14:25:00,4,0.0,0,False
35817B,"ACRYLIC JEWEL SNOWFLAKE,BLUE",61.3,3,2,2009-12-03 13:25:00,1,0.0,0,True
72369A,PINK CLEAR GLASS CANDLE PLATE,61.37,9,5,2009-12-03 10:17:00,0,39.92,6,True
20620,RED SPOTTY PASSPORT COVER,61.760000000000005,14,1,2009-12-02 14:36:00,1,0.0,0,True
90177D,DROP DIAMANTE EARRINGS PURPLE,62.23000000000001,11,4,2009-12-10 18:43:00,0,52.93000000000001,13,True
16008,SMALL FOLDING SCISSOR(POINTED EDGE),62.25,15,11,2010-03-19 14:02:00,1,320.3899999999999,66,True
84529B,BLUE KNITTED KID'S RUCKSACK,62.35,5,2,2010-02-14 15:30:00,0,0.0,0,True
90092,BLUE CRYSTAL BOOT PHONE CHARM,62.9,9,6,2009-12-01 12:56:00,2,1.66,1,True
71215,METAL BASE FOR CANDLES,63.48000000000001,10,9,2009-12-09 10:41:00,4,4.62,2,False
20905,VINTAGE KEEPSAKE BOX BEAUTY GIRL,63.5,4,3,2009-12-02 14:55:00,1,0.0,0,True
90199A,5 STRAND GLASS NECKLACE BLACK,63.52000000000001,10,6,2009-12-16 11:39:00,1,69.63,6,True
21089,SET/6 GREEN SPRING PAPER CUPS,63.55,15,9,2010-01-15 15:05:00,5,48.99,25,False
90020,FILIGREE DIAMANTE CHAIN,63.75,3,2,2009-12-17 15:26:00,2,12.48,1,True
37509,NEW ENGLAND MUG W GIFT BOX,63.75,12,12,2010-03-22 14:30:00,2,5.1,2,True
85018A,S/6 PAPER BOXES ROMANTIC IMAGES,63.75,10,10,2009-12-16 12:06:00,1,0.0,0,True
85018B,S/6 PAPER BOXES BLOSSOM IMAGES,63.75,10,10,2009-12-16 12:06:00,0,0.0,0,True
79534,MULTICOLOUR GLASS PLATE,63.8,16,14,2009-12-02 09:35:00,1,0.0,0,True
90037A,TINY CRYSTAL BRACELET RED,63.82999999999999,11,4,2009-12-14 17:57:00,0,2.48,1,True
21369,MIRRORED WALL ART SPLODGES,63.870000000000005,6,4,2009-12-23 12:07:00,0,146.49,15,True
90039C,FIRE POLISHED GLASS BRACELET BLACK,64.17,6,2,2009-12-10 09:49:00,0,18.75,5,True
35910A,MULTICOLOUR EASTER RABBIT,64.35,9,8,2009-12-13 13:27:00,2,39.0,4,True
DCGS0069,OOH LA LA DOGS COLLAR,64.52,4,0,2010-03-15 09:28:00,0,15.79,1,True
90181A,AMBER GLASS/SHELL/PEARL NECKLACE,64.60000000000001,7,1,2010-01-26 17:51:00,1,64.03999999999999,7,True
16020C,CLEAR STATIONERY BOX SET,64.60000000000001,22,21,2009-12-07 13:24:00,2,69.89999999999999,17,True
90130A,WHITE STONE/CRYSTAL EARRINGS,65.01000000000002,10,5,2009-12-18 17:15:00,2,17.5,6,True
16256C,HEARTS PENCIL/RUBBER+5 MINI PENCILS,65.10000000000001,10,8,2009-12-13 15:17:00,3,0.0,0,False
84705A,ENGLISH ROSE PHOTO FRAME,65.10000000000001,7,5,2009-12-02 15:04:00,3,0.0,0,False
90059D,DIAMANTE HAIR GRIP PACK/2 PERIDOT,65.28999999999998,21,4,2009-12-03 14:39:00,2,28.249999999999986,18,True
90088,CRYSTAL KEY+LOCK PHONE CHARM,65.45,14,8,2009-12-01 12:56:00,1,0.0,0,True
90214R,"LETTER ""R"" BLING KEY RING",65.72,25,13,2009-12-06 14:54:00,4,24.239999999999995,23,False
84493,BLUE/PINK NEST STRIPE BOX,65.75999999999999,5,5,2010-06-13 14:40:00,2,0.0,0,True
84340,LARGE FIBRE OPTIC CHRISTMAS TREE,65.76,11,5,2009-12-01 13:29:00,1,0.0,0,True
85072,OCCASIONS GIFT CARD ASSORTMENT,66.0,1,1,2009-12-10 15:45:00,0,0.0,0,True
90165A,PINK ROSEBUD PEARL EARRINGS,66.50999999999999,12,2,2009-12-07 18:02:00,2,39.98,15,True
72045D,ROSES ON BLUE TEACUP CANDLE,66.88999999999999,6,3,2009-12-03 15:56:00,2,0.0,0,True
84465,15 PINK FLUFFY CHICKS IN BOX,67.01000000000002,16,12,2010-02-03 17:04:00,5,29.5,7,False
71496A,A4 WALL TIDY BLUE OFFICE,67.05,5,3,2010-03-01 10:14:00,2,80.96000000000001,12,True
90149,SILVER FLOWR PINK SHELL NECKLACE,67.5,5,4,2010-01-31 15:17:00,0,335.28000000000003,3,True
90069,RUBY GLASS CLUSTER NECKLACE,67.5,4,4,2009-12-10 19:35:00,0,15.0,1,True
84926B,SCOTTS ROSES TILE COASTER,67.5,10,8,2009-12-02 11:18:00,4,0.0,0,False
90189A,SILVER 2 STRAND NECKLACE-LEAF CHARM,67.64,6,3,2010-01-18 13:24:00,0,15.0,2,True
84864A,PINK PAISLEY PHOTO ALBUM,67.71000000000001,4,3,2010-02-08 16:06:00,0,0.0,0,True
84549,CROCHET WHITE RABBIT KEYRING,67.88999999999999,9,6,2009-12-08 17:44:00,0,69.38,7,True
90194,SILVER LARIAT BLACK STONE EARRINGS,67.97,11,8,2009-12-10 14:19:00,2,67.87,10,True
90121B,VINTAGE ROSE BEAD BRACELET BLUE,68.0,9,8,2009-12-01 10:59:00,2,0.0,0,True
84857A,SILVER MONTE CARLO HANDBAG,68.0,3,2,2010-02-03 12:21:00,0,0.0,0,True
90018C,SILVER BLACK ORBIT DROP EARRINGS,68.11,11,4,2009-12-14 17:16:00,0,46.15,9,True
90151,SILVER/NATURAL SHELL NECKLACE,68.17,5,3,2009-12-08 15:49:00,0,68.0,4,True
21368,MIRRORED WALL ART LADIES,68.75999999999999,14,9,2009-12-08 15:49:00,3,134.27999999999997,32,False
17090D,VANILLA INCENSE 40 CONES IN TIN,68.95,16,15,2009-12-13 11:34:00,3,36.25,13,False
72140F,HAPPY ANNIVERSARY CANDLE LETTERS,69.18,14,14,2009-12-01 13:47:00,3,0.0,0,False
84613A,PINK NEW BAROQUE FLOCK CANDLESTICK,69.75000000000001,7,6,2010-02-23 09:54:00,0,27.900000000000002,3,True
20958,PORCELAIN HANGING BELL LARGE,70.49999999999999,10,9,2010-03-26 14:16:00,3,0.0,0,False
90162A,ANT SILVER TURQUOISE BOUDICCA RING,70.80000000000001,10,7,2010-01-24 12:15:00,3,17.700000000000003,1,False
20698,LITTLE PINK MONSTER SOFT TOY,71.1,13,10,2010-01-17 13:29:00,2,43.349999999999994,9,True
90168,2 DAISIES HAIR COMB,71.2,12,2,2009-12-01 11:37:00,2,26.16,9,True
84751B,BLACK MEDIUM GLASS CAKE STAND,71.25,11,10,2010-02-23 13:55:00,3,36.32,8,False
44242B,PINK FEATHERS CURTAIN,71.25,6,5,2009-12-06 12:07:00,1,50.28,3,True
90179C,BLACK FINE BEAD NECKLACE W TASSEL,71.39,10,6,2010-06-15 16:17:00,1,29.490000000000002,5,True
84925C,FAIRY CAKES  WALL THERMOMETER,71.39999999999999,10,10,2009-12-02 12:06:00,3,0.0,0,False
35937,CERISE+GOLD CHRISTMAS STOCKING DEC,71.44000000000001,17,16,2009-12-15 17:25:00,4,0.0,0,False
21950,SET OF 6 DOTS CHOPSTICKS,71.57999999999991,18,2,2009-12-03 14:39:00,2,0.0,0,True
90204,PAIR OF ENAMEL BUTTERFLY HAIRCLIP,71.6,19,1,2009-12-07 17:56:00,0,76.81999999999996,17,True
35651,VINTAGE BEAD PINK SCARF,71.78,5,4,2009-12-02 10:02:00,1,966.0399999999996,59,True
90019B,GOLD M.O.P ORBIT BRACELET,72.1,10,5,2010-01-20 17:50:00,1,85.72000000000001,16,True
84427B,BLACK GLASS TV DOUBLE P/FRAME 15X10,72.25,5,5,2009-12-04 14:37:00,2,0.0,0,True
90018B,GOLD M.O.P ORBIT DROP EARRINGS,72.34,14,5,2009-12-02 14:36:00,0,83.98,15,True
84447,6 RABBIT CHAIN EASTER,72.41999999999999,19,7,2010-01-27 16:41:00,1,0.0,0,True
90185A,AMBER DIAMANTE EXPANDABLE RING,72.50999999999999,13,4,2009-12-08 15:49:00,4,105.53000000000002,13,False
84388,WISE MAN STAR SHAPE EGG PAN,72.6,16,15,2009-12-01 12:13:00,6,13.14,6,False
84899E,YELLOW BROWN BEAR FELT PURSE KIT,72.67999999999999,21,11,2009-12-01 09:46:00,2,0.0,0,True
90138,WHITE/PINK MINI CRYSTALS NECKLACE,73.22000000000001,10,4,2009-12-10 16:21:00,1,47.02,6,True
20836,FRENCH PAISLEY CUSHION COVER,73.50000000000001,5,5,2010-03-02 15:28:00,3,131.14,17,False
20664,TROPICAL HOLIDAY PURSE,73.75,13,8,2009-12-15 13:40:00,2,81.65999999999997,18,True
90100,NECKLACE+BRACELET SET PINK DAISY,73.94999999999997,11,7,2009-12-07 13:35:00,2,2.55,1,True
90205C,LARGE CRYSTAL DIAMANTE HAIRSLIDE,74.09999999999998,9,2,2009-12-09 09:42:00,0,48.209999999999994,15,True
90130B,TURQ STONE/CRYSTAL EARRINGS,74.11999999999999,18,1,2009-12-04 16:27:00,0,102.37000000000002,28,True
84874B,BLUE TRAVEL FIRST AID KIT,74.25,22,20,2009-12-02 13:26:00,3,67.50999999999999,14,False
20816,GOLD FLOWER CUSHION COVER,74.25,5,4,2010-02-04 15:49:00,0,15.6,2,True
21267,VINTAGE PINK TINSEL REEL,74.6,10,3,2009-12-02 14:43:00,2,0.0,0,True
84757,ENCHANTED GARDEN WROUGHT IRON TABLE,74.75,4,4,2010-05-16 15:33:00,1,0.0,0,True
16161E,WRAP BOUDOIR,75.0,9,8,2009-12-07 13:48:00,6,0.0,0,False
37399,"ASS RETROSPOOF MUGS,SPORTS",75.0,6,6,2009-12-13 15:55:00,1,0.0,0,True
17090A,LAVENDER INCENSE 40 CONES IN TIN,75.2,16,16,2009-12-10 20:04:00,2,107.44999999999999,10,True
71510,SQUARE METAL CANDLEHOLDER BASE,75.53,9,7,2009-12-17 16:38:00,3,36.52,8,False
72134,COLUMBIAN  CUBE CANDLE,76.23,18,10,2009-12-13 11:49:00,2,52.099999999999994,10,True
90026A,GLASS BEAD HOOP NECKLACE BLACK,76.47,8,5,2010-03-19 11:39:00,2,17.0,1,True
90063A,WHITE VINT ART DECO CRYSTAL NECKLAC,76.48,5,3,2010-06-17 11:57:00,1,102.0,8,True
84425A,WHITE GLASS TV TRIPLE FRAME,76.6,9,8,2009-12-04 12:07:00,1,0.0,0,True
90166,PINK & WHITE ROSEBUD RING,76.65,16,3,2009-12-08 15:49:00,1,83.89000000000001,14,True
84247H,PACK/12 DECOUPAGE CARD,76.68000000000004,20,12,2009-12-22 12:05:00,4,0.0,0,False
90023,FILIGREE DIAMANTE EARRINGS,76.72,12,6,2009-12-01 11:37:00,3,55.02,9,False
90202D,PINK ENAMEL FLOWER HAIR TIE,77.03,13,3,2009-12-15 18:33:00,1,40.959999999999994,9,True
84927A,WAKE UP COCKEREL TILE HOOK,77.2,15,11,2010-02-03 17:04:00,3,70.06,18,False
90123C,GREEN HEART OF GLASS BRACELET,77.46000000000001,6,4,2009-12-23 15:30:00,2,83.28999999999999,6,True
72821,CUPID SCENTED CANDLE IN GLASS,77.54999999999998,10,10,2010-01-31 14:25:00,1,18.15,4,True
79144B,PAINTED LIGHTBULB STAR+ MOON,77.80000000000004,38,24,2009-12-04 12:37:00,4,94.92999999999998,47,False
90089,PINK CRYSTAL SKULL PHONE CHARM,77.95999999999998,17,9,2009-12-03 18:23:00,1,11.469999999999999,7,True
84455,SET OF 3 RABBIT CARROTS EASTER,77.96000000000001,20,15,2010-01-11 09:35:00,4,0.0,0,False
35931,PINK STAR CHRISTMAS DECORATION,78.12000000000002,15,14,2009-12-01 12:56:00,3,0.0,0,False
20796,SMALL BLUE PROVENCAL CERAMIC BALL,78.22,13,5,2009-12-09 13:00:00,2,103.94,9,True
84531B,BLUE KNITTED EGG COSY,78.4,14,13,2009-12-07 18:02:00,5,85.61000000000001,28,False
90214E,"LETTER ""E"" BLING KEY RING",78.58,37,21,2009-12-10 14:07:00,7,45.949999999999996,27,False
79026B,"S/4 ICON COASTER,ELVIS LIVES",78.64,28,10,2009-12-01 14:28:00,4,10.610000000000001,9,False
21367,MIRRORED WALL ART GENTS,78.98999999999998,17,10,2009-12-08 15:49:00,2,185.53,41,True
21400,RED PUDDING SPOON,79.4,19,15,2009-12-07 13:59:00,3,126.76999999999998,69,False
84795E,RIO PINK STRIPE HAMMOCK,79.50000000000001,5,3,2009-12-02 13:20:00,0,0.0,0,True
90038A,GLASS AND PAINTED BEADS BRACELET TO,79.65000000000002,12,3,2009-12-07 18:02:00,0,56.149999999999984,10,True
90116,FRUIT SALAD BAG CHARM,79.99999999999999,18,8,2010-02-02 11:40:00,0,120.31999999999994,43,True
17011E,ORIGAMI OPIUM SCENT INCENSE+FLOWER,80.60000000000001,1,1,2009-12-16 12:39:00,1,0.0,0,True
84596I,WRAP SWEETS LIGHT PINK SMALL BOWL,80.62,10,9,2010-02-19 18:04:00,1,0.0,0,True
16201B,PASTEL BLUE PHOTO ALBUM,81.1,5,2,2009-12-02 16:18:00,1,0.0,0,True
72779,SET/6 BLACK ROSE T-LIGHT CANDLES,81.11999999999999,15,14,2009-12-02 13:06:00,2,0.0,0,True
90040C,MURANO STYLE GLASS BRACELET GOLD,81.83,11,7,2009-12-04 16:23:00,0,47.19,8,True
79144C,PAINTED LIGHTBULB RAINBOW DESIGN,82.02000000000005,46,16,2009-12-14 17:57:00,4,93.13999999999997,47,False
90214C,"LETTER ""C"" BLING KEY RING",82.25999999999999,36,17,2009-12-03 12:40:00,4,64.39999999999999,28,False
35271S,GOLD PRINT PAPER BAG,82.36000000000003,18,15,2009-12-05 13:29:00,6,3.6100000000000003,2,False
21699,SET 5 MINI CHOCOLATE FRIDGE MAGNETS,82.44,3,2,2009-12-15 10:02:00,2,0.0,0,True
47578A,ENGLISH ROSE SMALL SCENTED FLOWER,82.45,24,17,2009-12-02 15:04:00,7,178.79999999999995,43,False
90059A,DIAMANTE HAIR GRIP PACK/2 CRYSTAL,82.45,21,2,2009-12-02 14:43:00,1,58.02999999999999,24,True
84926A,WAKE UP COCKEREL TILE COASTER,82.56,16,8,2010-03-03 12:34:00,3,203.56,34,False
90162B,ANT SILVER LIME GREEN BOUDICCA RING,82.60000000000001,10,8,2010-03-01 13:10:00,4,76.70000000000002,10,False
90162C,ANT SILVER FUSCHIA BOUDICCA RING,82.60000000000001,9,8,2010-03-01 13:10:00,3,41.300000000000004,7,False
84926F,PSYCHEDELIC TILE COASTER,82.67999999999999,14,7,2009-12-04 09:43:00,2,182.76,26,True
90002B,FLOWER BURST SILVER RING ROSE,82.74000000000001,11,7,2009-12-02 13:57:00,3,0.0,0,False
90190A,SILVER/CRYSTAL DROP EARRINGS W LEAF,82.83000000000001,21,7,2009-12-02 13:57:00,2,46.76,10,True
90039D,FIRE POLISHED GLASS BRACELET GREEN,83.97,15,3,2009-12-01 14:28:00,2,74.96,8,True
84251F,"GREETING CARD, RITA",83.97000000000001,50,26,2009-12-01 12:20:00,9,0.0,0,False
35911B,PINK/FLOWER RABBIT EGG WARMER,84.0,9,9,2009-12-11 16:11:00,2,100.75999999999998,15,True
90165B,WHITE ROSEBUD  PEARL EARRINGS,84.22,17,5,2009-12-04 09:43:00,2,39.989999999999995,15,True
84450B,PINK/YELLOW RABBIT SAT EASTER,84.55000000000001,35,7,2009-12-10 09:49:00,2,0.0,0,True
16051,TEATIME PENCIL W STAMP ASST,84.69,4,3,2009-12-10 15:45:00,1,0.0,0,True
46775B,BERRIES CHUNKY KNITTED THROW,84.75,4,3,2009-12-02 15:01:00,1,0.0,0,True
17027A,INCENSE BAZAAR CANNABIS,84.84,2,1,2010-02-04 13:47:00,0,0.0,0,True
90104,PURPLE FRANGIPANI HAIRCLIP,84.94999999999996,37,10,2010-06-21 13:04:00,4,23.159999999999997,12,False
35838B,S/6 SILVER ORNAMENETAL CANDLE,84.99999999999999,23,21,2009-12-09 14:30:00,6,0.0,0,False
84661C,PINK SQUARE TABLE CLOCK,85.03,13,7,2009-12-04 09:43:00,4,60.38,10,False
84454,WOBBLING METAL CHICKEN EASTER,85.52999999999999,18,11,2009-12-07 11:46:00,4,0.0,0,False
35819B,"ACRYLIC HANGING JEWEL,BLUE",86.25,8,7,2009-12-14 18:03:00,1,106.05,27,True
84424A,FOUR PICTURE WHITE GLASS FRAME,86.25,10,10,2010-06-09 11:28:00,1,0.0,0,True
37462B,"PET MUG, BUDGIE",86.86000000000003,32,4,2009-12-01 14:28:00,3,0.0,0,False
35822B,"ACRYLIC BEAD CHAIN, BLUE",87.02,1,1,2010-01-27 12:39:00,1,0.0,0,True
84915,HAND TOWEL PINK FLOWER AND DAISY,87.23000000000002,14,7,2010-03-30 11:14:00,3,355.81,21,False
84891B,GREEN WIRE GOBLET CANDLEHOLDER,87.45000000000002,6,5,2010-05-30 13:02:00,0,0.0,0,True
84629,WHITE 3 FRAME BIRDS AND TREE,87.8,3,3,2010-02-22 13:19:00,1,145.05,10,True
84721,MANHATTAN CANVAS ART PICTURE,87.8,2,2,2009-12-03 15:50:00,2,0.0,0,True
84927F,PSYCHEDELIC TILE HOOK,88.26999999999998,18,11,2009-12-16 14:59:00,3,173.2,43,False
20660,VIP LUGGAGE TAG,88.75,26,22,2009-12-01 11:51:00,7,0.0,0,False
84926D,LA PALMIERA TILE COASTER,88.82,13,6,2009-12-04 13:41:00,2,265.95,32,True
47598,NEW ENGLAND EGG WARMER,89.12000000000002,32,17,2009-12-01 14:28:00,5,0.0,0,False
90112,PINK DOLLY HAIR CLIPS,89.14999999999999,19,13,2009-12-07 11:05:00,1,2.1,1,True
84199,GLOW IN DARK DOLPHINS,89.58000000000001,38,33,2009-12-01 16:17:00,8,27.930000000000007,29,False
90214M,"LETTER ""M"" BLING KEY RING",89.99999999999999,36,18,2009-12-06 12:07:00,4,46.33999999999999,27,False
35610A,PINK CHRISTMAS FLOCK DROPLET,90.41,9,7,2009-12-07 17:56:00,2,15.02,3,True
81952V,ROUND PURPLE CLOCK W/SUCKER,90.51999999999998,22,6,2009-12-02 14:36:00,5,69.35,25,False
84437A,S/6 PINK EASTER DECS IN BOX,90.95,18,17,2010-01-11 09:37:00,4,0.0,0,False
90214L,"LETTER ""L"" BLING KEY RING",91.02,31,18,2009-12-06 14:54:00,4,54.599999999999966,35,False
16219,HOUSE SHAPE PENCIL SHARPENER,91.83,28,18,2009-12-06 11:13:00,6,401.0099999999997,95,False
84753A,PINK EAU DE COLOGNE BOTTLE,92.16999999999996,24,14,2009-12-04 15:30:00,6,0.0,0,False
81950B,FLOWER BLUE CLOCK W/SUCKER,92.24999999999999,26,14,2009-12-03 17:57:00,3,33.63999999999999,9,False
20861,GOLD COSMETIC BAG PINK STAR,92.4,14,13,2009-12-03 17:46:00,2,4.2,2,True
84531A,PINK KNITTED EGG COSY,92.67,16,13,2009-12-07 18:02:00,5,76.69,30,False
90072,RUBY DROP CHANDELIER EARRINGS,92.88999999999999,16,2,2009-12-02 13:57:00,0,79.27000000000001,13,True
35594,WOODEN CHRISTMAS TREE 3 HANGING,92.98000000000003,39,18,2009-12-01 14:28:00,6,0.0,0,False
21087,SET/6 POSIES PAPER CUPS,93.50999999999999,16,9,2010-01-25 15:42:00,3,74.57,16,False
84231,EASTER BUNNY WITH BASKET ON BACK,93.57999999999998,30,16,2010-01-24 14:57:00,4,72.63000000000001,21,False
47481,50CM METAL STRING WITH  7 CLIPS,93.61000000000001,21,16,2009-12-03 14:39:00,2,171.79,23,True
90181B,AMETHYST GLASS/SHELL/PEARL NECKLACE,93.64000000000001,10,0,2009-12-02 14:36:00,0,119.33000000000001,12,True
90063B,BLACK VINT ART DEC CRYSTAL NECKLACE,93.85,8,4,2009-12-03 14:39:00,0,76.32,6,True
90190B,GOLD/AMBER DROP EARRINGS W LEAF,94.4,8,5,2009-12-03 13:49:00,1,38.18000000000001,7,True
90214A,"LETTER ""A"" BLING KEY RING",94.49,48,24,2009-12-02 13:57:00,4,103.86999999999995,53,False
90048,GREEN WITH METAL BAG CHARM,94.54,7,3,2009-12-08 15:49:00,1,14.850000000000001,1,True
84660A,WHITE STITCHED WALL CLOCK,94.67,12,5,2009-12-18 17:15:00,1,808.75,44,True
72606A,BROWN ANTIQUE CUBE CANDLE,94.92000000000002,18,18,2010-01-11 13:24:00,2,0.0,0,True
84967A,PINK KASHMIRI OCCASIONAL TABLE,94.95,3,2,2010-02-02 16:07:00,0,0.0,0,True
90129F,RED GLASS TASSLE BAG CHARM,95.23,25,9,2009-12-16 12:17:00,1,85.07999999999998,15,True
90211A,DIAMOND LAS VEGAS NECKLACE 45CM,95.6,13,2,2009-12-14 17:16:00,2,65.15,7,True
90058A,CRYSTAL STUD EARRINGS CLEAR DISPLAY,95.76000000000002,6,5,2009-12-10 14:13:00,2,123.12000000000002,7,True
10120,DOGGY RUBBER,96.12,44,30,2009-12-01 16:17:00,7,39.06,28,False
90114,SUMMER DAISIES BAG CHARM,96.22,23,8,2010-02-02 11:40:00,1,405.47999999999956,85,True
17038,PORCELAIN BUDAH INCENSE HOLDER,96.44999999999997,21,5,2009-12-14 15:57:00,2,155.57000000000002,32,True
90214K,"LETTER ""K"" BLING KEY RING",96.44999999999999,45,19,2009-12-07 12:32:00,5,52.61999999999998,34,False
90214J,"LETTER ""J"" BLING KEY RING",96.75999999999995,47,18,2009-12-02 11:52:00,6,52.89999999999997,39,False
79051A,SMOKEY GREY COLOUR D.O.F. GLASS,96.82999999999998,14,8,2009-12-02 14:43:00,2,269.8099999999999,39,True
90150,BLUE SHELL+SILVER NECKLACE,97.5,8,7,2009-12-06 13:29:00,2,0.0,0,True
90160A,PURPLE BOUDICCA LARGE BRACELET,97.57000000000002,10,9,2010-01-13 17:44:00,2,209.22,14,True
84705D,CHERRY BLOSSOM PHOTO FRAME,97.89999999999999,14,3,2009-12-02 15:04:00,1,0.0,0,True
90003B,ROSE COLOUR PAIR HEART HAIR SLIDES,98.25000000000001,15,6,2009-12-01 10:49:00,1,41.309999999999995,10,True
21266,VINTAGE SILVER TINSEL REEL,98.89999999999998,9,0,2009-12-01 14:28:00,0,0.0,0,True
17014A,ORIGAMI VANILLA INCENSE CONES,98.94,8,2,2009-12-09 09:42:00,1,71.19000000000001,8,True
37471,MULTICOLOUR POLKADOT PLATE,99.02,7,3,2009-12-22 09:52:00,1,30.43,3,True
10123G,ARMY CAMO WRAPPING TAPE,99.32000000000002,16,12,2009-12-01 14:28:00,5,0.0,0,False
90164A,PINK ROSEBUD PEARL BRACELET,99.72000000000001,11,1,2009-12-04 09:43:00,1,118.97000000000003,13,True
84462,3 PINK HEN+CHICKS IN BASKET,99.86,8,7,2010-02-02 10:47:00,2,15.0,6,True
78027,SEAGRASS S/2 CORNER LAUNDRY,100.15,5,3,2010-01-31 14:01:00,3,0.0,0,False
DCGSSBOY,BOYS PARTY BAG,100.8,10,0,2010-06-21 15:13:00,0,147.26,10,True
85050,FRENCH ENAMEL SOAP DISH WITH LID,100.80000000000001,1,1,2010-05-11 12:18:00,1,0.0,0,True
16043,POP ART PUSH DOWN RUBBER,100.86,11,9,2009-12-16 13:23:00,3,11.759999999999998,2,False
84614A,PINK BAROQUE FLOCK CANDLE HOLDER,101.03000000000002,9,6,2010-02-18 10:26:00,1,11.9,1,True
35966,FOLKART CHRISTMAS TREE T-LIGHT HOLD,101.08000000000001,24,18,2009-12-02 14:43:00,1,10.260000000000002,2,True
90123B,TURQUOISE HEART OF GLASS BRACELET,101.27000000000001,8,6,2010-01-11 09:35:00,2,53.42,5,True
90030B,RED KUKUI COCONUT SEED NECKLACE,101.35000000000001,11,4,2009-12-09 09:51:00,0,172.91,22,True
72051S,BAG OF SILVER STONES,101.36000000000007,41,13,2009-12-01 14:28:00,3,89.53,13,False
79403,FROSTED WHITE BASE,101.60000000000001,21,12,2009-12-18 17:06:00,3,84.67,14,False
90199D,5 STRAND GLASS NECKLACE AMBER,101.65999999999998,10,7,2009-12-17 16:58:00,2,37.620000000000005,6,True
84617,NEW BAROQUE BLACK BOXES,102.0,4,4,2009-12-07 15:42:00,2,38.25,3,True
84510E,SET OF 4 GREEN CAROUSEL COASTERS,102.11000000000001,17,4,2010-01-11 09:37:00,1,49.7,15,True
90016A,SILVER/M.O.P PENDANT ORBIT NECKLACE,102.14999999999999,9,5,2009-12-18 17:06:00,2,105.71000000000001,7,True
90212B,JET BLACK LAS VEGAS BRACELET ROUND,102.45000000000002,20,6,2009-12-02 14:43:00,2,37.620000000000005,8,True
90003D,CRYSTAL PAIR HEART HAIR SLIDES,102.66,16,8,2009-12-01 10:49:00,0,97.26000000000002,16,True
90214S,"LETTER ""S"" BLING KEY RING",102.83999999999999,45,23,2009-12-02 11:52:00,5,63.74999999999999,38,False
90190C,SILVER/AMETHYST DROP EARRINGS LEAF,103.39,17,6,2009-12-08 14:36:00,4,58.42999999999999,19,False
90000B,MIDNIGHT BLUE COPPER FLOWER NECKLAC,103.51000000000002,14,7,2009-12-07 18:02:00,2,67.83000000000001,7,True
21337,SILVER WASHBAG,103.53000000000002,12,7,2009-12-02 12:47:00,2,0.0,0,True
90186B,CRYSTAL HOOP EARRING FLORAL LEAF,103.68000000000002,16,7,2009-12-10 09:49:00,3,64.58,15,False
90210D,PURPLE ACRYLIC FACETED BANGLE,103.68000000000002,15,6,2009-12-04 16:37:00,2,132.05,8,True
44235,ASS COL CIRCLE MOBILE,103.8,9,8,2010-01-13 15:24:00,1,198.77999999999997,13,True
21118,SHOPPING BAG DOORSTOP,104.25,7,7,2009-12-02 16:18:00,1,0.0,0,True
20838,FRENCH LATTICE CUSHION COVER,104.35000000000001,6,6,2010-02-14 11:52:00,4,447.96000000000004,56,False
79191D,RETRO PLASTIC DAISY TRAY,104.59999999999998,40,22,2009-12-02 14:43:00,7,21.669999999999998,13,False
90086,CRYSTAL FROG PHONE CHARM,104.99999999999997,18,8,2010-03-03 11:40:00,1,56.84,25,True
16169D,WRAP WINTER FOREST,105.0,9,9,2009-12-01 12:52:00,3,0.0,0,False
84458,S/3 RABBIT FLOWER/EGG/CARROT ROPE,105.39999999999999,20,17,2010-01-18 11:31:00,5,0.0,0,False
44234,ASSORTED CIRCULAR MOBILE,105.61999999999996,23,14,2009-12-14 15:17:00,2,153.51000000000002,31,True
47471,RAINBOW PEGS PHOTO CLIP STRING,105.83999999999999,24,17,2009-12-01 14:28:00,5,182.73999999999998,36,False
72038P,PRICE'S CANDLE PEACH,106.0,9,9,2009-12-02 16:18:00,1,0.0,0,True
35646,VINTAGE BEAD PINK EVENING BAG,106.19,10,7,2009-12-02 10:02:00,3,900.3500000000001,88,False
35840,FLAT GLASS  BAUBLE WHITE FLOCK,106.28,11,5,2009-12-04 09:43:00,2,0.0,0,True
35096B,RED VICTORIAN FABRIC HEART BOX,106.49,25,20,2009-12-02 14:43:00,3,0.0,0,False
84562B,BLUE/WHITE RIBBED MELAMINE JUG,106.59,7,5,2009-12-02 11:24:00,2,0.0,0,True
90185C,BLACK DIAMANTE EXPANDABLE RING,106.62,22,13,2009-12-01 10:49:00,7,42.089999999999996,10,False
16206B,RED PURSE WITH PINK HEART,107.65,14,12,2010-01-31 16:02:00,2,8.75,2,True
72753C,S/3 FLWR FAIRY ROSE CANDLES,107.68,6,5,2009-12-06 15:41:00,2,0.0,0,True
35816P,"ACRYLIC JEWEL ANGEL,PINK",107.78999999999999,7,5,2010-02-18 13:29:00,2,29.64,2,True
17191A,ROSE FLOWER CANDLE+INCENSE 16X16CM,108.75,10,8,2009-12-09 14:48:00,2,7.5,1,True
20847,ZINC HEART LATTICE CHARGER LARGE,109.15,9,5,2009-12-03 14:39:00,1,217.58,18,True
85185F,LION SOCK PUPPET,109.15000000000005,19,16,2009-12-02 14:09:00,5,0.0,0,False
90170,DAISY HAIR BAND,109.24999999999996,36,4,2009-12-07 18:02:00,1,108.98000000000005,30,True
82069,BEECH WOOD P/FRAME,109.85,11,2,2009-12-16 16:04:00,0,0.0,0,True
35607A,PINK FLUFFY CHRISTMAS DECORATION,110.61000000000003,29,26,2009-12-11 12:31:00,9,7.82,2,False
90028,NEW BAROQUE LARGE NECKLACE BLK/WHIT,110.63,10,4,2009-12-03 14:39:00,1,134.16,14,True
90124C,GREEN MURANO TWIST NECKLACE,110.67000000000002,8,3,2009-12-16 17:58:00,1,109.53999999999999,8,True
90024D,NEW BAROQUE B'FLY NECKLACE PINK,110.68,11,10,2009-12-09 09:51:00,2,16.82,2,True
21031,SPACE CADET BLACK,111.21000000000001,20,14,2009-12-01 17:19:00,4,64.24,19,False
90036B,"FLOWER GLASS GARLAND NECKL.36""GREEN",111.30000000000001,8,7,2010-01-18 16:47:00,3,31.8,2,False
17012D,ORIGAMI ROSE INCENSE/CANDLE SET,111.48,19,7,2010-03-12 11:19:00,1,482.1999999999997,83,True
84452,METAL RABBIT LADDER EASTER,113.05999999999997,28,10,2009-12-04 16:12:00,4,59.50000000000001,16,False
46138B,BLUE CHENILLE SHAGGY CUSHION COVER,113.14,13,5,2009-12-07 17:56:00,1,32.10000000000001,12,True
90125D,PURPLE BERTIE GLASS BEAD BAG CHARM,113.71,17,6,2009-12-01 13:13:00,2,110.02999999999999,19,True
90093,CLEAR CRYSTAL STAR PHONE CHARM,113.82,15,10,2009-12-01 12:56:00,1,22.49,8,True
85169C,EAU DE NIL LOVE BIRD CANDLE,113.96,25,14,2009-12-08 15:12:00,6,431.65000000000003,43,False
35610B,BLACK CHRISTMAS FLOCK DROPLET,114.07,12,12,2009-12-02 13:10:00,4,30.0,1,False
84765,SILVER ROCOCO CANDELABRA,114.72999999999999,6,4,2009-12-02 15:41:00,2,0.0,0,True
20896,VINTAGE NOTEBOOK PINK FLOWER,115.05000000000001,14,13,2009-12-09 12:18:00,5,0.0,0,False
84288B,SET/2 BLUE  NOODLE BASKETS,115.05000000000003,24,19,2009-12-01 13:31:00,9,0.0,0,False
90073,VINTAGE ENAMEL & CRYSTAL EARRINGS,115.64000000000001,16,3,2009-12-02 13:57:00,1,124.80000000000005,17,True
90137,PINK COMBO MINI CRYSTALS NECKLACE,116.21000000000001,12,8,2009-12-10 16:21:00,1,16.310000000000002,3,True
21228,"POCKET MIRROR ""GLAMOROUS""",116.32,29,23,2009-12-09 12:57:00,6,6.25,2,False
90002C,FLOWER BURST SILVER RING MIDN'T BLU,116.88000000000002,19,8,2009-12-02 13:57:00,5,0.0,0,False
35824C,"HANGING FLOWERS+MIRROR,CLEAR",117.04999999999998,8,8,2009-12-03 13:25:00,5,0.0,0,False
21196,ROUND WHITE CONFETTI IN TUBE,117.21,9,7,2010-02-08 16:48:00,3,169.88,13,False
85190,PINK FLOWER HANGING HEART,117.36,17,14,2009-12-14 17:57:00,4,0.0,0,False
90156,RESIN BRACELET W PASTEL BEADS,117.57000000000002,11,5,2010-01-11 09:37:00,3,19.8,3,False
85094,CANDY SPOT EGG WARMER RABBIT,117.61000000000001,18,12,2009-12-15 18:33:00,3,234.27999999999994,84,False
35914,PINK CHICK EGG WARMER + EGG CUP,117.77,16,9,2009-12-02 13:06:00,4,218.80999999999997,40,False
90139,FLOWER BROOCH 4 ASSORTED COLOURS,118.24000000000002,18,3,2009-12-02 13:57:00,1,0.0,0,True
17084P,DRAGONS BLOOD INCENSE,118.31000000000003,31,13,2009-12-07 13:48:00,4,93.10000000000004,37,False
20887,BOX OF 6 PEBBLE CANDLES,118.39,8,4,2009-12-01 14:43:00,1,0.0,0,True
90016C,SILVER/BLACK PENDANT ORBIT NECKLACE,119.11,11,4,2010-01-11 09:30:00,0,16.64,2,True
90024E,NEW BAROQUE B'FLY NECKLACE MONTANA,119.17,9,7,2009-12-02 14:43:00,1,16.810000000000002,2,True
84867A,PINK BABY GIRLS PHOTO ALBUM,119.39000000000001,5,3,2010-01-07 19:34:00,3,0.0,0,False
84886,BLUE METAL WALL SHELF,119.39999999999999,9,8,2010-01-28 13:27:00,2,0.0,0,True
21310,CAPIZ CHANDELIER,119.8,3,2,2010-03-18 16:37:00,2,29.95,1,True
79532,MOSAIC GLASS BALL CANDLEHOLDER,120.0,18,15,2010-06-07 15:31:00,1,0.0,0,True
16216,LETTER SHAPE PENCIL SHARPENER,120.03999999999996,43,35,2009-12-04 15:16:00,8,227.40000000000015,42,False
84705B,FAIRY CAKES PHOTO FRAME,120.13,5,2,2009-12-01 14:55:00,1,0.0,0,True
90000A,RASPBERRY ANT COPPER FLOWER NECKLAC,121.07000000000002,13,8,2009-12-01 11:37:00,4,77.91000000000001,8,False
84508C,BLUE CIRCLES DESIGN TEDDY,122.31999999999998,18,13,2009-12-04 16:52:00,3,154.94999999999996,25,False
79308B,MOSAIC CANDLE DISH BLUE PURPLE,122.39999999999999,2,1,2010-06-02 14:48:00,1,0.0,0,True
84927D,LA PALMIERA TILE HOOK,122.76999999999998,14,13,2010-04-18 15:53:00,6,47.66,14,False
45013,FOLDING SHOE TIDY,123.15,6,6,2010-05-12 12:20:00,3,8.850000000000001,2,False
90018A,SILVER M.O.P ORBIT DROP EARRINGS,123.66,19,7,2009-12-14 17:16:00,2,176.63000000000008,34,True
90123A,PINK HEART OF GLASS BRACELET,124.95000000000002,10,8,2009-12-13 12:31:00,2,89.11999999999999,9,True
82607E,GLASS BONBON JAR. D'AMANDES,125.0,25,18,2009-12-03 10:03:00,6,0.0,0,False
85179A,GREEN BITTY LIGHT CHAIN,125.65000000000003,12,9,2009-12-03 10:26:00,1,318.67,49,True
16053,POPART COL BALLPOINT PEN ASST,125.73,10,8,2010-01-07 14:20:00,4,0.0,0,False
90065A,WHITE VINTAGE CRYSTAL BRACELET,125.99000000000002,12,4,2009-12-02 14:36:00,0,47.25,4,True
84367,LA STREGA CANVAS PICTURE,126.29999999999998,8,6,2009-12-09 09:34:00,3,0.0,0,False
16168S,FUNKY MONKEY GIFT BAG SMALL,126.83,11,4,2009-12-10 11:55:00,2,0.0,0,True
85018C,S/6 PAPER BOXES CURIOUS IMAGES,127.2,4,4,2009-12-09 13:50:00,0,0.0,0,True
90016B,GOLD/M.O.P PENDANT ORBIT NECKLACE,127.48,11,8,2009-12-16 14:59:00,0,168.01999999999998,17,True
90196A,PURPLE GEMSTONE NECKLACE 45CM,127.5,6,4,2009-12-06 11:27:00,1,102.0,5,True
84782B,BLACK 3 TIER GLASS PLATE STAND,127.5,6,6,2009-12-15 12:00:00,1,0.0,0,True
84877A,PINK ROUND COMPACT MIRROR,127.5,13,13,2009-12-17 17:54:00,0,58.16,4,True
47574A,ENGLISH ROSE SCENTED HANGING FLOWER,127.53,15,10,2009-12-09 09:51:00,2,663.7000000000003,115,True
84952A,CLEAR LOVE BIRD T-LIGHT HOLDER,128.06,13,7,2009-12-06 14:10:00,3,264.4699999999999,26,False
90036F,"FLOWER GLASS GARLD NECKL36""TURQUOIS",128.09,10,3,2009-12-18 17:15:00,2,64.08,5,True
90129D,AMBER GLASS TASSLE BAG CHARM,128.13000000000002,27,10,2009-12-16 12:17:00,0,33.440000000000005,7,True
84927E,FLOWERS TILE HOOK,128.79,16,12,2010-02-02 09:39:00,5,75.96000000000001,14,False
84858A,NATURAL RIVIERA HANDBAG,128.83,8,7,2009-12-04 09:43:00,2,0.0,0,True
20899,VINTAGE NOTEBOOK RED ROSE,129.80000000000004,12,12,2009-12-09 12:18:00,4,0.0,0,False
84925E,FLOWERS WALL THERMOMETER,130.04999999999998,3,3,2009-12-02 11:33:00,2,0.0,0,True
90180B,PURPLE AMETHYST NECKLACE W TASSEL,130.07,9,7,2009-12-03 14:39:00,0,29.88,3,True
84559D,3D SHEET OF SEA WORLD STICKERS,130.08999999999997,32,23,2009-12-01 16:17:00,8,0.0,0,False
72140E,BEST DAD CANDLE LETTERS,130.36999999999995,21,18,2009-12-07 18:02:00,5,25.5,8,False
21032,SPACE CADET WHITE,130.63,20,16,2009-12-04 15:11:00,3,117.77999999999996,30,False
16119,FUNKY GIRL ADDRESS BOOK,130.71,8,7,2009-12-10 16:21:00,4,0.0,0,False
35609A,PINK FEATHER CHRISTMAS DECORATION,130.72000000000003,23,17,2009-12-02 14:36:00,3,2.51,1,False
84656,WHITE ROSE C/COVER,130.90000000000003,13,12,2009-12-01 13:07:00,3,0.0,0,False
35980C,REDWHITE STRIPE SCANDINAVIAN HEART,130.92000000000004,29,28,2009-12-14 15:51:00,7,0.0,0,False
90060F,FIRE POLISHED GLASS NECKL GREEN,130.98,12,7,2009-12-06 13:40:00,3,35.160000000000004,6,False
21030,SPACE CADET RED,131.2,18,18,2009-12-16 16:02:00,6,159.70000000000002,34,False
90096,NECKLACE+BRACELET SET BLUE BLOSSOM,131.4,23,8,2010-01-05 16:50:00,3,112.20999999999995,26,False
47592B,SCOTTIE DOGS CHILDRENS OVERALL,131.89999999999998,29,15,2009-12-03 14:28:00,3,0.0,0,False
90185D,CRYSTAL DIAMANTE EXPANDABLE RING,131.95,24,7,2009-12-03 14:39:00,2,148.63,11,True
84882,GREEN WIRE STANDING CANDLE HOLDER,132.09,18,12,2009-12-03 12:28:00,0,157.33999999999997,18,True
90144,SILVER DROP EARRINGS WITH FLOWER,132.09,19,8,2009-12-07 17:56:00,3,67.35999999999999,14,False
84192,ASSORTED COLOUR METAL CAT,132.35,13,10,2010-02-08 14:00:00,2,132.5,24,True
46137D,GREEN CHENILLE SHAGGY RUG,132.75,4,2,2010-01-29 14:44:00,1,0.0,0,True
47503H,ASS FLORAL PRINT SPIRIT LEVEL,133.31,23,15,2009-12-08 13:59:00,4,110.07000000000002,39,False
77079,DOLPHIN WINDMILL,133.56,11,9,2010-03-03 13:57:00,3,2.12,1,False
84555A,YELLOW VW BEETLE CERAMIC MONEY BOX,133.85000000000002,16,13,2010-02-02 15:49:00,3,0.0,0,False
35015,JACOBS LADDER SMALL,134.08000000000004,39,35,2009-12-02 16:18:00,8,0.0,0,False
90002A,FLOWER BURST SILVER RING OPAL,135.0,14,14,2009-12-07 12:32:00,5,0.0,0,False
84247N,PACK/12 BLUE FOLKART CARDS,135.23000000000008,35,19,2010-01-11 14:39:00,4,64.90000000000002,18,False
85204,HANGING WOOD AND FELT FLOWER,135.54000000000005,50,32,2009-12-14 17:57:00,5,324.28,104,False
17011D,ORIGAMI ROSE INCENSE+FLOWER,135.70000000000002,4,2,2009-12-15 18:33:00,1,0.0,0,True
35818P,"ACRYLIC JEWEL ICICLE, PINK",136.32,6,3,2010-05-14 12:00:00,2,105.07000000000001,18,True
35824P,"HANGING FLOWERS+MIRROR,PINK",136.44,3,2,2010-03-22 14:34:00,2,0.0,0,True
84461,12 PINK HEN+CHICKS IN BASKET,136.49,26,20,2010-01-31 11:01:00,7,89.24999999999997,14,False
84709A,SILVER OVAL JEWELLED MIRROR,136.85,13,11,2010-05-28 12:21:00,3,0.0,0,False
90123D,WHITE HEART OF GLASS BRACELET,137.08,9,5,2009-12-04 09:43:00,2,35.31,5,True
90042C,FRESHWATER PEARL BRACELET IVORY,137.51,21,8,2010-06-02 11:54:00,2,12.7,5,True
72754B,F FAIRY POTPOURRI CUSHIONS LAVENDER,137.54000000000002,8,8,2009-12-01 11:51:00,1,0.0,0,True
79192A,RETRO PLASTIC 70'S TRAY,138.89000000000001,33,24,2009-12-02 12:32:00,7,3.75,2,False
78026,SEAGRASS S/3 SQU LAUNDRY BOX,139.95,2,1,2010-01-17 16:05:00,1,0.0,0,True
72740A,LARGE STRAWBERRY CHOCOLATE CANDLE,141.23000000000002,12,5,2009-12-02 14:36:00,3,0.0,0,False
85131C,BEADED CRYSTAL HEART BLUE ON STICK,141.29999999999998,22,15,2010-01-28 17:13:00,2,178.85000000000005,50,True
21461,BLUE EASTER EGG HUNT START POST,141.32999999999998,17,14,2010-01-29 09:21:00,6,19.96,6,False
90065B,BLACK VINT ART DEC CRYSTAL BRACELET,141.37,14,3,2009-12-13 10:48:00,1,13.5,2,True
21102,"CANDLE IN JAR COLLAGE , VANILLA",142.02999999999997,20,10,2009-12-02 12:06:00,4,0.0,0,False
90133,TEAL/FUSCHIA COL BEAD NECKLACE,142.03000000000003,23,4,2009-12-02 14:36:00,1,89.45000000000002,12,True
90040A,MURANO STYLE GLASS BRACELET RED,142.25999999999996,29,8,2009-12-03 14:39:00,3,54.290000000000006,5,False
85024C,PINK SMALL JEWELLED PHOTOFRAME,143.55000000000004,33,28,2009-12-04 15:16:00,8,18.15,9,False
84926E,FLOWERS TILE COASTER,143.76999999999998,13,10,2009-12-04 13:41:00,3,319.68000000000006,37,False
90115,SUMMER BUTTERFLIES BAG CHARM,144.42999999999998,29,11,2009-12-06 12:28:00,1,134.52999999999994,31,True
85170B,SET/6 BLACK BIRD T-LIGHT CANDLES,144.46,19,8,2009-12-02 14:36:00,5,314.6499999999998,39,False
90029,NEW BAROQUE SMALL NECKLACE BLACK,144.5,8,8,2009-12-06 11:27:00,1,42.14,4,True
79161A,ST GEORGE SET OF 10 PARTY LIGHTS,144.55,14,14,2010-03-10 14:49:00,4,5.9,2,False
90019C,SILVER BLACK ORBIT BRACELET,144.65,23,4,2009-12-03 13:49:00,2,52.529999999999994,9,True
90185B,AMETHYST DIAMANTE EXPANDABLE RING,144.91,22,10,2009-12-01 10:49:00,3,54.62,11,False
90024B,NEW BAROQUE B'FLY NECKLACE RED,144.96,16,4,2009-12-01 11:37:00,2,41.96,5,True
90087,CRYSTAL SEA HORSE PHONE CHARM,145.59999999999994,28,9,2009-12-01 12:56:00,1,47.779999999999994,23,True
84661A,WHITE SQUARE TABLE CLOCK,146.26000000000002,24,12,2009-12-07 12:42:00,5,113.84999999999998,15,False
22259,FELT FARM ANIMAL HEN,146.35999999999999,28,16,2010-01-24 15:14:00,4,332.84000000000003,45,False
85129B,BEADED CRYSTAL HEART GREEN SMALL,146.52,25,17,2009-12-15 13:40:00,6,166.12999999999997,30,False
84622,PINK GINGHAM ROSE CUSHION COVER,146.64999999999998,9,7,2009-12-01 13:07:00,2,0.0,0,True
84924F,PSYCHEDELIC METAL SIGN CALENDAR,146.65,7,5,2009-12-22 14:31:00,3,7.9,3,False
85169B,BLACK LOVE BIRD CANDLE,146.85,31,18,2009-12-02 14:36:00,5,351.1399999999999,61,False
84720,DOT MATRIX CANVAS ART PICTURE,147.05,3,3,2010-03-03 11:53:00,3,0.0,0,False
21402,RED  EGG  SPOON,147.4800000000001,59,30,2009-12-03 07:57:00,10,183.4199999999999,88,False
90197B,BLACK GLASS BRACELET W HEART CHARMS,147.79,24,1,2009-12-02 14:36:00,1,164.79999999999995,25,True
47504H,ENGLISH ROSE SPIRIT LEVEL,148.69000000000003,22,13,2009-12-03 14:39:00,4,857.0900000000004,107,False
90040D,MURANO STYLE GLASS BRACELET PINK,148.87000000000003,25,9,2009-12-01 14:28:00,4,0.0,0,False
17108D,FLOWER FAIRY SUMMER BOUQUET SACHET,149.10000000000005,23,17,2009-12-01 12:56:00,5,0.0,0,False
90210A,GREY ACRYLIC FACETED BANGLE,149.79,11,9,2009-12-04 16:37:00,2,54.65,9,True
90122C,TURQUOISE CRYSTAL+GLASS BRACELET,149.87,19,9,2009-12-14 18:37:00,2,114.25,10,True
21226,POCKET MIRROR WOODLAND,150.0,17,13,2009-12-11 15:40:00,3,80.54999999999995,20,False
17012F,ORIGAMI SANDLEWOOD INCENSE/CAND SET,150.04999999999998,13,5,2010-03-03 11:53:00,1,479.2899999999998,82,True
21306,SET/4 DAISY MIRROR MAGNETS,150.05999999999995,24,15,2009-12-03 12:40:00,5,184.55000000000007,42,False
37379A,PINK CHERRY BLOSSOM CUP & SAUCER,150.45,15,4,2009-12-02 14:36:00,0,7.5,1,True
90081C,LILY BROOCH OLIVE COLOUR,150.87,21,7,2009-12-01 14:28:00,3,94.65,14,False
DCGSSGIRL,GIRLS PARTY BAG,151.20000000000002,10,0,2010-06-21 15:13:00,0,144.43,13,True
21370,MIRRORED WALL ART FOXY,151.31,13,8,2009-12-06 15:08:00,3,78.30000000000001,5,False
47503A,ASS FLORAL PRINT MULTI SCREWDRIVER,151.39,32,27,2009-12-02 14:43:00,5,1229.0399999999993,168,False
82587,TEXRIO TOMATOES CANDLE+CUP,151.78,40,26,2009-12-06 12:14:00,8,0.0,0,False
90094,NECKLACE+BRACELET SET FRUIT SALAD,151.92,25,9,2010-06-27 13:11:00,2,33.150000000000006,12,True
84706F,RED PEONY TABLE CLOCK,152.15,7,6,2009-12-01 12:32:00,1,47.2,10,True
84805A,CREAM CLIMBING HYDRANGA ART FLOWER,152.85,4,4,2010-03-02 10:49:00,1,30.0,2,True
90013D,PURPLE VINTAGE EARRINGS,152.94,14,7,2010-01-13 13:55:00,4,25.17,3,False
90042A,FRESHWATER PEARL BRACELET GOLD,153.14,31,5,2009-12-02 11:34:00,2,7.6499999999999995,2,True
37491C,GREEN/BLUE CERAMIC CANDLE HOLDER,154.32000000000005,9,6,2009-12-11 15:40:00,2,13.2,1,True
90211B,JET BLACK LAS VEGAS NECKLACE 45CM,154.95,20,6,2009-12-02 14:36:00,2,41.36,6,True
84509E,SET OF 4 CAROUSEL PLACEMATS,155.15,10,4,2010-01-11 09:37:00,2,172.39000000000001,21,True
85166A,WHITE METAL BAROQUE PHOTO FRAME,155.15,12,8,2009-12-02 14:43:00,4,0.0,0,False
16202E,BLACK PHOTO ALBUM,155.23,11,9,2009-12-02 16:18:00,2,1.9500000000000002,3,True
90209A,PURPLE ENAMEL+GLASS HAIR COMB,155.4,6,5,2009-12-01 10:49:00,3,151.20000000000002,4,False
84914A,PINK ROSE PICNIC RUG,155.7,5,2,2010-05-05 13:22:00,1,0.0,0,True
21095,SET/6 POSIES PAPER PLATES,155.83999999999997,26,16,2009-12-17 14:08:00,4,118.72999999999999,14,False
16052,TEATIME PUSH DOWN RUBBER,155.94,22,14,2009-12-16 17:01:00,2,115.3,13,True
84806B,WHITE CANDYSTUFT ARTIFICIAL FLOWER,156.45999999999998,12,11,2010-03-14 11:55:00,3,402.2,19,False
17178,FLAT PALM T-LIGHT HOLDER,156.65,24,20,2009-12-08 12:54:00,4,0.0,0,False
90019A,SILVER M.O.P ORBIT BRACELET,157.5,24,8,2009-12-02 14:43:00,3,191.69000000000008,26,False
21489,BLUE WHITE SCARF HOT WATER BOTTLE,157.60000000000002,14,6,2009-12-01 11:45:00,2,0.0,0,True
20693,FLORAL DINOSAUR GREEN,157.64000000000001,18,10,2009-12-02 15:04:00,4,0.0,0,False
85130B,BEADED CRYSTAL HEART GREEN LARGE,157.89999999999998,21,7,2010-01-11 09:35:00,4,759.64,61,False
48175,DOOR MAT CAMOUFLAGE,158.04,2,1,2009-12-14 17:16:00,1,0.0,0,True
90155,RESIN NECKLACE W PASTEL BEADS,158.54000000000002,14,8,2009-12-02 13:57:00,2,60.14,6,True
22864,MUG AND COASTER SET RED CIRCLES,158.76,2,1,2010-06-02 14:48:00,1,0.0,0,True
90159,COTE D'AZURE NECKLACE,158.79000000000002,15,11,2009-12-06 13:29:00,2,29.790000000000003,5,True
21372,MIRRORED WALL ART TABLE LAMP,159.25999999999996,17,10,2009-12-02 14:36:00,4,107.75000000000001,33,False
21373,MIRRORED WALL ART SNOWFLAKES,159.85,14,11,2009-12-04 15:16:00,3,325.28999999999996,42,False
84599,CANDY STRIPE ROSE FLOOR CUSHION,160.15,6,2,2010-01-14 11:59:00,0,0.0,0,True
84535A,ENGLISH ROSE NOTEBOOK A6 SIZE,160.37,43,26,2009-12-01 14:28:00,9,186.56,21,False
21353,SILVER SLEIGHBELL  WREATH,160.45000000000002,9,8,2009-12-01 12:02:00,4,0.0,0,False
90082A,DIAMANTE BOW BROOCH GREEN COLOUR,160.50999999999996,14,9,2009-12-02 13:00:00,4,167.2,15,False
21018,BIRD BOX CHRISTMAS TREE DECORATION,160.65000000000003,36,27,2009-12-01 12:13:00,9,22.060000000000006,7,False
90158,ST TROPEZ NECKLACE,162.20000000000002,28,5,2009-12-01 14:28:00,1,209.18,32,True
90085,CRYSTAL STILETTO PHONE CHARM,162.26999999999995,19,12,2009-12-01 12:56:00,1,26.559999999999995,9,True
20826,SILVER APERITIF GLASS,162.32,6,6,2009-12-01 10:18:00,4,128.4,8,False
21025,SPACE FROG,162.60000000000002,25,17,2009-12-01 14:28:00,3,223.67999999999998,53,False
90129C,GREEN GLASS TASSLE BAG CHARM,163.61999999999998,35,10,2009-12-02 15:51:00,2,76.81000000000002,15,True
90056,CHUNKY CRACKED GLAZE NECKLACE IVORY,164.43000000000004,10,1,2009-12-08 15:49:00,0,21.87,2,True
21401,BLUE PUDDING SPOON,164.51000000000008,39,27,2009-12-07 13:59:00,5,145.66999999999996,78,False
16218,CARTOON  PENCIL SHARPENERS,164.81999999999996,34,19,2009-12-08 15:49:00,6,273.4100000000001,59,False
84806A,PINK CANDYSTUFT ARTIFICIAL FLOWER,165.01999999999998,9,9,2010-01-24 15:54:00,3,59.45,7,False
90201C,RED ENAMEL FLOWER RING,165.51999999999995,25,5,2009-12-23 15:30:00,1,161.92,19,True
90201D,GREEN ENAMEL FLOWER RING,165.53000000000006,26,5,2009-12-18 17:06:00,1,222.94000000000014,30,True
90146,FINE SILVER NECKLACE W PASTEL FLOWE,166.14,12,9,2009-12-13 12:31:00,2,87.45,6,True
84457,SET/3 RABBITS FLOWER SKIPPPING ROPE,166.16999999999993,38,18,2010-01-24 14:57:00,2,112.55999999999999,27,True
79190D,RETRO PLASTIC DAISY TRAY,167.50000000000009,65,31,2009-12-03 14:02:00,8,120.67999999999996,46,False
90036A,FLOWER GARLAND NECKLACE RED,168.06000000000003,16,9,2009-12-03 14:39:00,4,47.7,4,False
35818B,"ACRYLIC JEWEL ICICLE, BLUE",168.26999999999998,8,5,2010-04-13 14:27:00,2,11.780000000000001,3,True
85205A,IVORY FELT EASTER RABBIT GARLAND,168.29999999999998,21,21,2010-02-02 12:47:00,5,0.0,0,False
90081A,LILY BROOCH AMETHYST COLOUR,168.54999999999998,16,10,2009-12-07 16:38:00,5,64.35,7,False
84247K,"FOLK ART GREETING CARD,pack/12",168.58,19,13,2009-12-02 14:06:00,4,32.45,9,False
85230G,ORANGE VOTIVE CANDLE,168.72,21,14,2009-12-02 13:06:00,4,236.16000000000003,24,False
90032,IVORY SHELL HEART NECKLACE,168.75,16,10,2010-01-21 13:21:00,3,103.13000000000001,8,False
84711A,SILVER OVAL SHAPE TRINKET BOX,169.15,7,6,2009-12-13 12:04:00,0,211.85,16,True
90122A,PINK CRYSTAL+GLASS BRACELET,169.36,17,11,2010-01-11 09:33:00,3,104.53000000000004,14,False
90210B,CLEAR ACRYLIC FACETED BANGLE,170.48,17,10,2009-12-10 14:19:00,3,51.56000000000001,6,False
84706C,PINK FLOCK TABLE CLOCK,170.8,4,4,2009-12-01 13:20:00,2,0.0,0,True
84706B,FAIRY CAKES TABLE CLOCK,170.83000000000004,9,8,2009-12-03 15:09:00,1,0.0,0,True
84711B,PINK OVAL SHAPE TRINKET BOX,171.07,17,4,2009-12-02 14:36:00,1,176.68999999999994,12,True
85185C,COW  SOCK PUPPET,171.1,27,24,2009-12-02 13:26:00,6,0.0,0,False
79190A,RETRO PLASTIC 70'S TRAY,171.48000000000002,56,22,2009-12-03 14:02:00,5,158.03,56,False
90186A,AMETHYST HOOP EARRING FLORAL LEAF,171.57000000000002,24,12,2009-12-03 14:39:00,4,32.16,9,False
21881,CUTE CATS TAPE,171.83999999999995,39,18,2009-12-02 12:32:00,12,370.42000000000013,75,False
84800S,SMALL WHITE/PINK ROSE ART FLOWER,171.97,10,10,2010-02-19 12:34:00,4,117.57000000000001,9,False
90199B,5 STRAND GLASS NECKLACE AMETHYST,172.01999999999998,23,11,2009-12-01 14:59:00,1,44.13000000000001,6,True
72812,LARGE ZINC GLASS CANDLEHOLDER,172.39999999999998,20,11,2009-12-11 16:48:00,4,107.79999999999998,9,False
84876B,GREEN HEART COMPACT MIRROR,172.5,7,6,2009-12-10 19:35:00,3,315.81,34,False
47421,ASSORTED COLOUR LIZARD SUCTION HOOK,172.98,19,12,2010-02-07 14:58:00,3,382.08,58,False
72130,COLUMBIAN CANDLE ROUND,173.01000000000005,30,22,2009-12-13 11:49:00,7,133.34000000000003,28,False
35911A,MULTICOLOUR RABBIT EGG WARMER,174.61999999999995,26,16,2009-12-02 15:41:00,4,292.06999999999994,70,False
90014B,GOLD M PEARL  ORBIT NECKLACE,174.97,13,7,2009-12-04 09:43:00,1,158.74,15,True
20827,GOLD APERITIF GLASS,175.04000000000002,6,5,2009-12-01 10:18:00,2,34.32,2,True
82011A,"BATHROOM SCALES, TROPICAL BEACH",175.33,22,13,2010-02-03 08:50:00,6,67.5,12,False
90036C,"FLOWER GLASS GARLAND NECKL.36""BLUE",175.42999999999998,10,6,2009-12-03 17:57:00,2,63.5,4,True
84564,6 SEGMENT COLOURED SNACK BOWL,175.48000000000002,11,9,2009-12-08 13:38:00,2,0.0,0,True
82607C,GLASS BONBON JAR. SUPERFINES,175.60999999999999,43,16,2009-12-01 14:28:00,6,0.0,0,False
84870B,BLUE GEISHA GIRL,176.53,15,13,2009-12-07 11:35:00,1,142.32999999999998,25,True
84725,FREESTYLE CANVAS ART PICTURE,176.85,11,10,2009-12-03 15:50:00,4,39.65,18,False
21460,GREEN EASTER EGG HUNT START POST,177.26999999999998,16,11,2010-01-29 09:21:00,4,56.78,11,False
20839,FRENCH PAISLEY CUSHION COVER,177.67000000000002,13,10,2009-12-07 18:02:00,2,785.5500000000005,98,True
90206C,CRYSTAL DIAMANTE STAR BROOCH,177.88,26,4,2009-12-01 14:28:00,2,194.85,27,True
90196B,BLACK GEMSTONE NECKLACE 45CM,178.5,9,5,2009-12-06 11:27:00,1,63.480000000000004,5,True
90191,SILVER LARIAT 40CM,178.78,11,7,2009-12-17 18:51:00,1,138.86,9,True
84464,S/60 PINK FLUFFY CHICKS IN BOX,179.10000000000002,11,10,2010-01-08 15:19:00,4,0.0,0,False
84803A,PINK ALLIUM  ARTIFICIAL FLOWER,179.14,16,16,2010-01-07 11:52:00,4,5.07,1,False
90178B,PURPLE CHUNKY GLASS+BEAD NECKLACE,179.46,10,8,2009-12-14 17:16:00,1,11.95,1,True
17011A,ORIGAMI VANILLA INCENSE+FLOWER,179.56,12,6,2009-12-22 09:41:00,1,0.0,0,True
84962,SET/3 COLOUR PAINTED KASHMIRI STOOL,179.85000000000002,2,2,2010-02-22 13:40:00,1,0.0,0,True
47347B,BLUE FLOWER T-LIGHT HOLDER,179.88,11,6,2009-12-07 13:35:00,1,0.0,0,True
46000U,POLYESTER FILLER PAD 30CMx30CM,180.0,25,23,2009-12-03 13:25:00,4,121.25,25,False
90201A,PURPLE ENAMEL FLOWER RING,180.33,26,7,2009-12-13 11:34:00,2,184.91000000000008,27,True
22330,72 ROUND PINK DOILIES,180.49999999999997,22,15,2009-12-01 12:13:00,7,0.0,0,False
37379B,BLUE CHERRY BLOSSOM CUP & SAUCER,181.5,3,3,2010-03-04 09:32:00,2,0.0,0,True
84926C,FAIRY CAKES TILE COASTER,182.09999999999994,31,17,2009-12-01 14:28:00,9,0.0,0,False
21015,DARK BIRD HOUSE TREE DECORATION,182.17999999999998,44,24,2009-12-01 13:31:00,6,518.0499999999995,127,False
90173,PAIR BUTTERFLY HAIR CLIPS,182.55000000000004,34,4,2009-12-09 09:51:00,1,120.34000000000002,17,True
84800M,MEDIUM WHITE/PINK ROSE ART FLOWER,182.90999999999997,16,15,2010-01-28 17:13:00,6,169.23999999999998,11,False
84422,PINK/BLUE DISC/MIRROR STRING,182.92999999999995,23,14,2009-12-20 12:10:00,4,225.44999999999996,15,False
90201B,BLACK ENAMEL FLOWER RING,183.71,31,5,2009-12-02 14:36:00,0,211.65,21,True
90000D,COPPER/OLIVE GREEN FLOWER NECKLACE,183.9,20,9,2009-12-01 14:28:00,5,129.85000000000002,14,False
84029D,LEOPARD PRINT HOT WATER BOTTLE,183.98000000000002,15,12,2009-12-07 15:26:00,5,0.0,0,False
84870C,GREEN GEISHA GIRL,184.31,13,11,2009-12-14 17:57:00,2,146.05,28,True
35838A,S/6 MULTICOLOUR ORNAMENETAL CANDLE,184.4,20,18,2009-12-07 13:48:00,7,0.0,0,False
84906,PINK B'FLY C/COVER W BOBBLES,184.45,9,6,2009-12-03 16:21:00,2,121.07000000000001,12,True
20957,PORCELAIN HANGING BELL SMALL,184.60999999999999,15,12,2010-04-11 15:54:00,6,-1.45,0,False
21028,NINJA RABBIT BLACK,184.65999999999994,34,19,2009-12-05 16:01:00,5,231.85999999999996,56,False
85088,CANDY SPOT HAND BAG,184.81999999999996,27,21,2009-12-02 11:53:00,7,530.63,52,False
35638B,PINK/BLUE STRING CURTAIN,184.96,6,4,2009-12-09 09:42:00,1,128.33,5,True
20968,GREEN FLORAL FELTCRAFT SHOULDER BAG,185.11,19,14,2009-12-01 12:14:00,8,0.0,0,False
78033,FLAG OF ST GEORGE CHAIR,185.30000000000004,8,7,2010-01-27 16:34:00,3,167.45,8,False
90129E,PURPLE GLASS TASSLE BAG CHARM,186.09999999999994,45,9,2009-12-16 12:17:00,0,77.04,14,True
84893,ANT WHITE IRON BASKET,186.35,15,12,2009-12-06 12:26:00,2,0.0,0,True
21003,ROSE DU SUD CUSHION COVER,187.17,18,5,2010-03-02 16:36:00,0,414.2600000000003,42,True
84576,BLUE CAT BISCUIT BARREL PINK HEART,188.72000000000003,15,12,2009-12-06 13:05:00,5,148.32,17,False
90005A,JADE GREEN ENAMEL HAIR COMB,188.8500000000001,47,5,2009-12-01 14:28:00,2,28.019999999999996,10,True
85128,PLANTPOT SINGLE HOOK PISTACHIO,188.95000000000002,4,2,2009-12-04 09:43:00,2,0.0,0,True
16202A,PASTEL PINK PHOTO ALBUM,189.15,19,14,2009-12-02 14:43:00,6,3.5,2,False
90040B,MURANO STYLE GLASS BRACELET BLACK,189.27000000000004,25,15,2009-12-03 14:39:00,5,66.69999999999999,11,False
84429A,MEDIUM PINK BUDDHA HEAD,189.28,21,10,2009-12-02 14:43:00,2,176.59999999999997,20,True
84255B,ORANGE COCKTAIL GLASS LAMP,190.16,18,11,2009-12-03 13:32:00,4,0.0,0,False
90163A,PINK ROSEBUD & PEARL NECKLACE,190.38999999999993,15,3,2009-12-04 09:43:00,0,75.36,8,True
37506,NEW ENGLAND MILK JUG W GIFT BOX,190.39999999999995,26,21,2009-12-02 13:33:00,6,0.0,0,False
71270,PHOTO CLIP LINE,190.42000000000002,32,15,2009-12-18 11:18:00,4,328.80999999999995,47,False
47574B,ENGLISH ROSE SCENTED HANGING HEART,191.25,25,23,2010-01-06 13:56:00,8,17.0,2,False
35920,FOUR RABBIT EASTER DECORATIONS,191.5,9,9,2010-01-27 16:41:00,2,104.84,15,True
90013C,GREEN VINTAGE EARRINGS,191.72000000000003,28,6,2009-12-01 11:37:00,4,141.48000000000005,26,False
47422,ASSORTED MONKEY SUCTION CUP HOOK,192.0,21,16,2010-02-07 14:58:00,6,245.33999999999997,47,False
84899F,YELLOW PURPLE DAISY FELT PURSE KIT,192.16999999999993,53,20,2009-12-01 12:14:00,6,0.0,0,False
20821,GOLDIE LOOKING MIRROR,192.36999999999992,19,5,2009-12-14 17:57:00,2,24.750000000000004,6,True
20814,SILVER FINCH DECORATION,192.64000000000001,13,7,2009-12-01 12:13:00,2,0.0,0,True
84916,HAND TOWEL PALE BLUE W FLOWERS,193.04,29,12,2009-12-04 13:23:00,4,453.38999999999976,29,False
21582,KINGS CHOICE SMALL TUBE MATCHES,193.05,16,15,2009-12-01 09:46:00,2,0.0,0,True
20795,LARGE BLUE PROVENCAL CERAMIC BALL,193.54999999999998,18,9,2009-12-09 13:00:00,3,83.72,9,False
22395,PAPERWEIGHT VINTAGE PAISLEY,193.71999999999997,20,18,2010-04-13 11:04:00,8,184.26999999999998,25,False
85070,ANT WHITE SWEETHEART TABLE W 3 DRAW,195.0,3,3,2010-05-16 15:33:00,0,0.0,0,True
21194,PINK  HONEYCOMB PAPER FAN,195.52999999999994,30,16,2009-12-03 14:39:00,2,526.72,61,True
84931A,PINK SCOTTIE DOG W FLOWER PATTERN,196.25,31,23,2009-12-01 14:28:00,6,317.44,51,False
90090,PINK CRYSTAL HEART PHONE CHARM,196.26999999999992,22,12,2009-12-01 12:56:00,1,0.0,0,True
46118,FUNKY MONKEY CUSHION COVER,196.41,26,13,2009-12-03 14:39:00,5,297.25,41,False
47504F,ENGLISH ROSE TORCH,196.46,14,12,2009-12-01 12:13:00,3,0.0,0,False
84855,BLOKEY SILVER TOOL SET,196.7,15,10,2009-12-01 13:41:00,3,0.0,0,False
35817P,"ACRYLIC JEWEL SNOWFLAKE,PINK",196.84000000000003,9,7,2010-05-14 12:00:00,2,19.86,2,True
16258A,SWIRLY CIRCULAR RUBBERS IN BAG,196.96,42,34,2009-12-11 15:40:00,8,145.40000000000003,51,False
35921,EASTER BUNNY HANGING GARLAND,197.09000000000003,26,14,2010-01-22 09:48:00,2,131.98,23,True
21520,BOOZE & WOMEN GREETING CARD,197.4399999999999,50,34,2009-12-01 14:28:00,15,212.51999999999992,57,False
84985B,SET OF 72 BLACK PAPER DOILIES,197.93999999999997,25,12,2009-12-01 13:29:00,8,0.0,0,False
37467,PIG MUG IN TWO COLOUR DESIGNS,198.24,47,17,2009-12-02 14:43:00,5,130.27,17,False
84690,S/2 BEACH HUT STOOLS,198.74999999999997,14,12,2009-12-02 15:10:00,3,0.0,0,False
90122B,JADE CRYSTAL+GLASS BRACELET,199.06000000000003,20,13,2009-12-06 12:17:00,3,29.93,6,False
16156L,"WRAP, CAROUSEL",199.5,18,17,2010-01-10 12:25:00,11,189.0,17,False
21403,BLUE EGG  SPOON,200.89,51,25,2009-12-03 07:57:00,10,320.5599999999998,103,False
20672,PINK TEATIME PRINT BOWL,200.99999999999994,36,21,2009-12-02 14:36:00,10,0.0,0,False
72754A,FLOWER FAIRY POTPOURRI CUSHION LILY,201.23999999999998,5,4,2009-12-04 15:26:00,1,0.0,0,True
48103,DOORMAT KISS MY.......,201.72999999999996,10,10,2009-12-18 12:33:00,4,0.0,0,False
82011B,BATHROOM SCALES RUBBER DUCKS,201.95000000000002,27,17,2009-12-02 15:41:00,9,146.85,21,False
20890,SMALL GLASS ROSE SCENTED CANDLE,202.62,4,1,2010-01-21 14:30:00,1,0.0,0,True
46000R,POLYESTER FILLER PAD 45x30cm,203.0,23,20,2010-01-26 14:18:00,8,146.45000000000005,37,False
35824B,"HANGING FLOWERS+MIRROR,BLUE",203.24,6,4,2009-12-10 08:29:00,2,0.0,0,True
90035A,"PEARL & SHELL 42""NECKL. GREEN",203.93,13,6,2009-12-03 14:39:00,1,53.62,3,True
35648,VINTAGE BEAD PINK PURSE,204.27,15,8,2009-12-02 10:02:00,1,1028.7499999999995,124,True
84660B,BLACK STITCHED WALL CLOCK,204.3,25,8,2009-12-01 11:51:00,1,748.3600000000001,42,True
17014D,ORIGAMI ROSE INCENSE CONES,204.36,8,5,2010-01-14 09:41:00,2,0.0,0,True
84597B,RETRO BROWN BALL ASHTRAY,204.37,22,9,2009-12-09 09:34:00,4,51.25,5,False
20980,36 PENCILS TUBE POSY,205.39999999999995,38,26,2009-12-01 14:28:00,5,65.66,20,False
20616,CHERRY BLOSSOM PASSPORT COVER,205.72999999999993,50,15,2009-12-01 14:28:00,3,242.7799999999999,70,False
90036D,"FLOWER GLASS GARLAND NECKL.36""BLACK",206.93999999999997,11,8,2009-12-01 11:37:00,5,95.35,5,False
37485,ENGLISH ROSE TEA SET IN GIFT BOX,207.69000000000005,15,10,2009-12-01 11:21:00,5,0.0,0,False
20869,GOLD FABRIC MIRROR,208.36,24,14,2009-12-02 11:52:00,5,84.42000000000002,28,False
90129B,TURQUOISE GLASS TASSLE BAG CHARM,208.56999999999994,42,12,2009-12-02 13:26:00,2,118.42999999999999,19,True
20663,QUEEN OF THE SKIES HOLIDAY PURSE,209.29999999999998,24,11,2009-12-10 15:45:00,4,66.26,20,False
16201A,PASTEL PINK PHOTO ALBUM,209.47000000000003,9,7,2009-12-02 16:18:00,3,0.0,0,False
90082B,DIAMANTE BOW BROOCH RED COLOUR,209.54999999999995,15,11,2009-12-15 13:21:00,6,152.4,9,False
85131B,BEADED CRYSTAL HEART GREEN ON STICK,209.62999999999994,44,10,2009-12-16 17:58:00,1,508.65999999999985,168,True
51012C,"FEATHER DUSTER, COAL BLACK",210.0,27,22,2009-12-01 12:13:00,11,0.0,0,False
37492A,YELLOW RED FLOWER PIGGY BANK,211.42,11,7,2009-12-01 11:45:00,3,0.0,0,False
37327,ASSTD MULTICOLOUR CIRCLES MUG,211.61,7,6,2009-12-02 15:51:00,1,838.5200000000002,83,True
21420,OYSTER TRINKET BOX,211.75,12,10,2010-01-04 13:36:00,3,98.28999999999999,18,False
84705C,PINK FLOCK PHOTO FRAME,212.33,7,5,2009-12-04 15:26:00,2,15.0,1,True
90129A,PINK GLASS TASSLE BAG CHARM,212.39999999999984,53,11,2009-12-14 14:33:00,2,82.97999999999999,20,True
84247C,PACK/12 BLUE REINDEER CARD,212.4,22,22,2009-12-01 13:29:00,10,0.0,0,False
84313A,PINK TV TRAY TABLE,212.42,19,10,2009-12-15 15:21:00,6,0.0,0,False
84857C,PINK MONTE CARLO HANDBAG,212.70000000000002,7,6,2010-06-16 08:54:00,5,230.38000000000002,10,False
90175B,PINK GLASS CHUNKY CHARM BRACELET,213.27,18,6,2009-12-09 09:42:00,3,91.68000000000002,9,False
85032B,BLOSSOM IMAGES GIFT WRAP SET,213.34999999999997,19,12,2010-01-22 14:17:00,2,696.0799999999989,122,True
90134,OLD ROSE COMBO BEAD NECKLACE,213.42000000000002,51,2,2009-12-01 11:37:00,1,148.8000000000001,42,True
90157,RIVIERA NECKLACE,213.69,19,12,2010-01-20 17:50:00,3,49.59,5,False
35833G,4 GOLD FLOCK CHRISTMAS BALLS,213.94000000000003,33,23,2009-12-06 14:03:00,5,6.72,1,False
48179,DOOR MAT SWEET HOME,214.47,11,6,2009-12-01 12:13:00,3,0.0,0,False
21543,BUTTERFLY WATER TRANSFER TATTOOS,214.99999999999991,24,13,2009-12-01 14:28:00,4,0.0,0,False
84804A,CREAM DELPHINIUM ARTIFICIAL FLOWER,215.79999999999998,10,9,2010-01-19 13:09:00,3,171.10000000000005,7,False
84807,RED POPPY ARTIFICIAL FLOWER,215.92999999999998,7,7,2010-01-07 11:52:00,5,0.0,0,False
35793,S/3 PUPPIES CHRISTMAS DECORATIONS,216.32999999999998,15,7,2009-12-01 14:56:00,1,0.0,0,True
84817,DANISH ROSE DECORATIVE PLATE,216.65999999999997,24,22,2010-02-08 13:56:00,5,582.5400000000002,46,False
47586A,PINK FAIRY CAKE CUSHION COVER,216.88000000000005,21,17,2009-12-14 18:37:00,7,53.550000000000004,8,False
72781,BLACK SILOUETTE CANDLE PLATE,216.9,15,11,2009-12-17 14:38:00,6,0.0,0,False
35809B,ENAMEL BLUE RIM TEA CONTAINER,218.35999999999993,30,19,2009-12-02 13:57:00,9,9.18,3,False
85168A,WHITE BAROQUE CARRIAGE CLOCK,218.89999999999995,15,12,2009-12-02 13:10:00,2,0.0,0,True
85168B,BLACK BAROQUE CARRIAGE CLOCK,219.38,17,12,2009-12-02 13:10:00,6,374.76000000000005,31,False
72225D,VANILLA SCENT CAKE CANDLE,219.46,11,9,2009-12-17 19:33:00,4,0.0,0,False
90124A,PINK MURANO TWIST NECKLACE,219.61999999999995,14,12,2009-12-02 14:43:00,2,79.66,6,True
84917,WHITE HAND TOWEL WITH BUTTERFLY,219.72999999999996,26,3,2010-01-07 19:34:00,3,466.2999999999999,27,False
82585,SWEET VALENCIA CANDLE+CUP,220.89999999999995,47,18,2009-12-02 14:43:00,6,0.0,0,False
84877D,BLUE ROUND COMPACT MIRROR,220.92000000000007,25,4,2009-12-09 09:42:00,0,150.93,18,True
17013B,ORIGAMI JASMINE INCENSE IN TUBE,221.03,3,2,2009-12-09 09:42:00,2,0.0,0,True
16258B,DAISY ERASERS IN BAG,221.06,15,13,2009-12-02 11:52:00,5,0.0,0,False
17011C,ORIGAMI LAVENDER INCENSE+FLOWER,221.4,2,1,2009-12-14 18:03:00,1,0.0,0,True
21639,ASSORTED TUTTI FRUTTI KEYRING,221.85000000000002,15,12,2009-12-01 11:45:00,7,0.0,0,False
90164B,WHITE  ROSEBUD PEARL BRACELET,221.95999999999992,20,1,2009-12-02 14:43:00,1,133.50000000000003,14,True
84924A,WAKE UP COCKEREL CALENDAR SIGN,222.41000000000003,29,21,2009-12-04 13:22:00,4,344.84,32,False
35597B,BLACKCHRISTMAS TREE 30CM,222.85,6,5,2009-12-13 15:54:00,3,1.25,1,False
90010A,MIDNIGHT BLUE GLASS/SILVER BRACELET,222.85000000000002,15,7,2009-12-03 14:39:00,2,148.15999999999997,13,True
20818,GOLD TEDDY BEAR,225.8,25,19,2009-12-02 13:26:00,4,42.699999999999996,5,False
84966A,PINK KASHMIRI BOXED MIRROR,225.95,4,3,2010-01-19 12:18:00,2,0.0,0,True
72750D,F.FAIRY S/3 CANDLE/GLASS,226.49999999999994,11,11,2009-12-07 13:48:00,5,0.0,0,False
90070,RUBY GLASS CLUSTER BRACELET,226.81000000000003,21,6,2009-12-04 09:43:00,3,104.78999999999999,14,False
90178A,AMBER CHUNKY GLASS+BEAD NECKLACE,227.15999999999997,13,8,2009-12-01 17:08:00,3,95.25000000000001,8,False
90098,NECKLACE+BRACELET PINK BUTTERFLY,227.32999999999993,45,14,2009-12-18 17:06:00,3,58.64999999999999,10,False
71028B,SILVER BLUE EGG T-LIGHT HOLDER,227.48000000000005,13,7,2009-12-01 13:47:00,2,0.0,0,True
DCGS0076,SUNJAR LED NIGHT NIGHT LIGHT,227.57,12,0,2009-12-03 14:39:00,0,48.39,2,True
85230B,CINNAMON SCENTED VOTIVE CANDLE,227.84000000000006,29,23,2009-12-08 13:08:00,8,326.24000000000007,38,False
85032C,CURIOUS IMAGES GIFT WRAP SET,228.05,21,13,2009-12-04 14:29:00,4,667.7599999999993,132,False
37508,NEW ENGLAND CERAMIC CAKE SERVER,229.57000000000008,46,35,2009-12-01 14:28:00,4,0.0,0,False
84661B,BLACK SQUARE TABLE CLOCK,229.98,22,12,2009-12-16 17:58:00,4,283.42999999999995,24,False
90161A,ANT COPPER RED BOUDICCA BRACELET,230.04999999999998,22,8,2009-12-06 11:58:00,2,105.03000000000004,19,True
35637C,PINK STRING CURTAIN WITH POLE,230.28,10,8,2010-01-14 08:30:00,3,100.86,9,False
37483,ENGLISH ROSE MUG IN GIFT BOX,230.34000000000006,10,10,2010-05-16 11:24:00,4,0.0,0,False
84510C,SET OF 4 POLKADOT COASTERS,230.41999999999996,58,27,2009-12-02 12:39:00,14,296.4799999999999,74,False
21722,SWEET PUDDING STICKER SHEET,230.5199999999999,43,23,2009-12-01 14:28:00,9,89.78999999999996,33,False
16202C,BEIGE PHOTO ALBUM,230.59000000000003,12,10,2009-12-02 16:49:00,7,0.0,0,False
22346,PARTY PIZZA DISH GREEN POLKADOT,231.51999999999992,44,23,2009-12-02 11:48:00,7,337.19999999999993,53,False
35991,SET/6 BLACK SNOWFLAKE T-LIGHTS,232.08,54,43,2009-12-01 12:13:00,6,0.0,0,False
16256B,FLOWER PENCIL/RUBBER+5 MINI PENCILS,232.3500000000001,35,17,2009-12-04 09:43:00,4,0.0,0,False
20855,PINK PATCH PURSE BLUE HEART,232.65000000000003,47,41,2009-12-03 17:57:00,10,0.0,0,False
47021G,SET/6 BEAD COASTERS GAUZE BAG GOLD,232.66,43,18,2009-12-01 13:29:00,6,309.2999999999999,27,False
20736,PINK MINI TAPE MEASURE,233.49999999999997,19,18,2009-12-02 12:44:00,9,0.0,0,False
84673B,BLUE FLY SWAT,234.03000000000003,67,35,2009-12-01 14:28:00,10,155.00000000000003,65,False
72127,COLUMBIAN CANDLE ROUND,234.07999999999998,35,27,2009-12-01 13:19:00,8,210.60999999999999,31,False
17012E,ORIGAMI OPIUM INCENSE/CANDLE SET,234.15,19,9,2009-12-16 12:39:00,2,62.63999999999999,10,True
21698,MOCK LOBSTER FRIDGE MAGNET,234.8399999999998,67,20,2009-12-08 17:24:00,9,152.85999999999996,42,False
21084,SET/6 COLLAGE PAPER CUPS,235.67000000000002,42,29,2009-12-06 13:48:00,12,749.2599999999996,178,False
35967,FOLK ART METAL STAR T-LIGHT HOLDER,235.79999999999998,45,28,2009-12-02 14:43:00,4,219.19000000000005,59,False
47587A,PINK FAIRY CAKE COASTER,235.8799999999999,26,7,2009-12-01 14:28:00,3,0.0,0,False
22032,BOTANICAL LILY GREETING CARD,236.13999999999993,51,40,2009-12-03 12:10:00,20,181.98000000000002,60,False
84993B,75 BLACK PETIT FOUR CASES,236.2900000000001,81,45,2009-12-03 11:34:00,15,24.360000000000003,18,False
21371,MIRRORED WALL ART POPPIES,236.30000000000004,26,8,2009-12-01 11:37:00,3,291.21,35,False
20891,LARGE GLASS ROSE SCENTED CANDLE,236.32999999999998,3,1,2010-01-12 09:47:00,1,0.0,0,True
20940,SET/6 GARDEN GNOME T-LIGHT CANDLES,236.5500000000001,22,15,2009-12-01 13:31:00,7,0.0,0,False
82553,POP'S GREASY SPOON METAL SIGN,237.73000000000016,42,14,2009-12-01 14:28:00,6,0.0,0,False
16238,PARTY TIME PENCIL ERASERS,237.87000000000012,102,50,2009-12-01 16:17:00,12,305.07999999999976,121,False
90010E,AMBER GLASS/SILVER BRACELET,237.95999999999998,19,9,2009-12-01 17:08:00,2,218.74,15,True
10123C,HEARTS WRAPPING TAPE,238.62000000000023,60,36,2009-12-01 14:28:00,9,3.25,3,False
90013A,MIDNIGHT BLUE VINTAGE EARRINGS,238.95000000000007,45,6,2009-12-03 14:39:00,4,150.4,30,False
90014C,SILVER/BLACK ORBIT NECKLACE,241.48,16,11,2009-12-02 16:18:00,2,43.2,4,True
79191B,RETRO PLASTIC POLKA TRAY,242.06999999999982,40,25,2009-12-04 09:43:00,10,116.2,27,False
79337,BLUE FLOCK GLASS CANDLEHOLDER,242.07000000000002,11,8,2010-01-04 13:25:00,3,257.68,10,False
90148,LONG SILVER NECKLACE PASTEL FLOWER,242.25,12,10,2009-12-02 13:57:00,3,88.98,6,False
37342,POLKADOT COFFEE CUP & SAUCER PINK,242.39,22,7,2009-12-07 17:56:00,3,1443.3300000000008,110,False
21395,BLUE POLKADOT BEAKER,243.03999999999994,25,19,2009-12-07 13:35:00,6,1135.1600000000005,90,False
84563B,BLUE & WHITE BREAKFAST TRAY,243.74,21,10,2009-12-20 13:28:00,4,346.2999999999999,38,False
85195,HANGING HEART BASKET,244.24000000000004,14,11,2009-12-04 09:43:00,4,23.1,3,False
82095,HEART BUTTONS JEWELLERY BOX,244.80000000000004,18,17,2009-12-09 14:48:00,5,356.10999999999996,30,False
21027,NINJA RABBIT PINK,245.82,35,26,2009-12-04 15:11:00,9,187.79,43,False
46307,ROSES BLUE BASE CUSHION COVER,246.02999999999992,33,4,2009-12-21 17:14:00,1,0.0,0,True
85202,HANGING WOOD AND FELT HEART,246.88000000000014,102,47,2009-12-14 17:57:00,13,313.13,112,False
90120C,GREEN MURANO TWIST BRACELET,247.1200000000001,36,7,2009-12-01 14:28:00,1,202.75000000000003,19,True
84621,BLUE GINGHAM ROSE FLOOR CUSHION,247.26,15,9,2009-12-14 12:58:00,5,0.0,0,False
72739C,DARK CHOCOLATE SCENTCANDLE,247.82999999999993,23,10,2009-12-02 14:36:00,3,0.0,0,False
85169D,PINK LOVE BIRD CANDLE,247.9,38,20,2009-12-14 17:57:00,8,354.83000000000004,50,False
90036E,"FLOWER GLASS GARLD NECKL36""AMETHYST",247.91999999999996,17,6,2009-12-08 15:49:00,3,110.95000000000003,11,False
22039,BOTANICAL LILY GIFT WRAP,248.0,23,22,2009-12-22 12:05:00,11,94.5,7,False
21882,SKULLS TAPE,248.27,49,30,2009-12-02 12:32:00,13,251.17,71,False
20670,VIP HOLIDAY PURSE,248.41000000000003,37,16,2009-12-08 16:43:00,3,44.04,11,False
85039C,S/4 BLACK MINI ROSE CANDLE IN BOWL,248.89000000000013,47,20,2009-12-03 14:39:00,4,260.85999999999984,65,False
21884,CAKES AND BOWS GIFT  TAPE,249.84999999999994,68,22,2009-12-02 12:32:00,12,404.3300000000001,91,False
84627,CANDY STRIPE ROSE C/COVER,249.89999999999998,19,15,2009-12-03 12:10:00,6,0.0,0,False
21636,MADRAS NOTEBOOK MEDIUM,249.98000000000005,25,15,2009-12-04 15:27:00,4,683.41,72,False
21167,WHITE SAGE INCENSE,250.38000000000005,47,19,2009-12-10 12:10:00,6,271.40999999999997,63,False
84673A,PINK FLY SWAT,250.47000000000017,56,38,2009-12-02 14:43:00,10,63.71999999999997,44,False
79338,DARK PINK FLOCK GLASS CANDLEHOLDER,252.29000000000005,13,8,2009-12-03 16:09:00,2,0.0,0,True
90175C,BLUE GLASS CHUNKY CHARM BRACELET,252.39999999999998,14,9,2009-12-01 14:28:00,3,80.54999999999998,6,False
21493,VINTAGE DESIGN GIFT TAGS,252.44999999999996,29,22,2009-12-01 09:28:00,12,0.0,0,False
22638,SET OF 4 NAPKIN CHARMS CROWNS,253.35000000000005,22,21,2010-07-23 14:16:00,2,436.6700000000001,46,True
84613C,BLUE NEW BAROQUE FLOCK CANDLESTICK,253.41,11,10,2010-03-15 16:13:00,1,4.65,1,True
35833P,4 PINK FLOCK CHRISTMAS BALLS,253.7,42,26,2009-12-06 14:03:00,7,88.46999999999998,22,False
84898F,YELLOW FLOWERS FELT HANDBAG KIT,254.1199999999999,33,24,2009-12-01 12:14:00,9,98.63,19,False
90208,PAIR OF PINK FLOWER CLUSTER SLIDE,254.13000000000002,31,5,2009-12-01 14:28:00,2,97.56,32,True
21065,BOOM BOX SPEAKER GIRLS,254.86999999999998,28,14,2009-12-02 14:43:00,0,1082.8700000000003,79,True
84741C,CITRUS GARLAND FELT FLOWERS,255.1399999999999,37,30,2009-12-06 16:17:00,8,116.99999999999999,14,False
84482,BUTTONS DESIGN JEWELLERY BOX,255.52,32,22,2009-12-06 13:08:00,4,0.0,0,False
21736,GOLD SCROLL GLASS T-LIGHT HOLDER,256.4699999999999,22,17,2009-12-04 09:43:00,2,136.05,6,True
85203,HANGING WOOD AND FELT BUTTERFLY,256.92000000000013,97,53,2009-12-08 15:49:00,14,398.91000000000014,131,False
84371,BIG PINK POODLE,257.09999999999997,6,4,2009-12-02 10:00:00,2,0.0,0,True
85161,ACRYLIC GEOMETRIC LAMP,257.29999999999995,12,9,2009-12-10 14:07:00,4,568.6499999999999,21,False
72122,COFFEE SCENT PILLAR CANDLE,257.53999999999996,59,45,2009-12-04 15:30:00,9,304.68,56,False
90160D,PINK BOUDICCA LARGE BRACELET,257.57,13,10,2009-12-06 11:58:00,4,264.7,12,False
47591A,CAROUSEL CHILDRENS APRON,257.99,70,32,2009-12-01 11:34:00,8,0.0,0,False
79328,BLUE FLOCK GLASS CANDLEHOLDER,259.24000000000007,17,6,2009-12-01 17:08:00,3,0.0,0,False
21132,SILVER STANDING GNOME,259.25,25,13,2009-12-14 18:37:00,4,214.85999999999999,20,False
90180A,BLACK+WHITE NECKLACE W TASSEL,259.44999999999993,19,13,2009-12-02 13:57:00,1,127.24000000000002,9,True
85087,CANDY SPOT CUSHION COVER,259.7,21,14,2009-12-04 12:28:00,5,1127.0400000000002,125,False
85187,S/12 MINI RABBIT EASTER,259.9500000000001,40,28,2010-01-13 17:44:00,6,556.5299999999997,71,False
90192,JADE DROP EARRINGS W FILIGREE,260.08000000000004,28,8,2009-12-01 14:28:00,3,184.32,23,False
84881,BLUE WIRE SPIRAL CANDLE HOLDER,260.36999999999995,18,17,2010-01-28 09:09:00,3,76.22,6,False
16207A,PINK STRAWBERRY HANDBAG,260.4300000000001,42,13,2009-12-01 11:34:00,3,163.10000000000002,34,False
72799D,BLUE PILLAR CANDLE SILVER FLOCK,260.66999999999996,18,12,2009-12-01 13:29:00,3,0.0,0,False
21268,VINTAGE BLUE TINSEL REEL,260.82000000000005,48,31,2009-12-06 13:07:00,14,0.84,1,False
21365,MIRRORED WALL ART STARS,260.83,25,17,2009-12-07 13:35:00,2,408.09,50,True
21394,RED POLKADOT BEAKER,260.85999999999996,19,16,2010-01-26 10:09:00,5,1595.1900000000007,131,False
72811,SMALL ZINC/GLASS CANDLEHOLDER,261.52,14,13,2009-12-02 11:55:00,7,75.94999999999999,7,False
84086C,PINK/PURPLE RETRO RADIO,262.4800000000001,35,14,2009-12-09 09:42:00,4,622.2699999999999,53,False
72793,BLACK BOX MIRROR LANTERN,262.8,10,5,2009-12-13 14:38:00,2,0.0,0,True
16254,TRANSPARENT ACRYLIC TAPE DISPENSER,263.08,23,10,2010-01-11 09:30:00,3,42.580000000000005,17,False
90184A,AMBER CHUNKY BEAD BRACELET W STRAP,263.09,16,8,2009-12-06 10:41:00,1,117.73000000000002,9,True
20801,LARGE PINK GLASS SUNDAE DISH,264.2,30,14,2010-01-18 11:39:00,2,1133.8000000000002,82,True
84931B,BLUE SCOTTIE DOG W FLOWER PATTERN,264.65000000000003,34,25,2009-12-14 17:57:00,8,411.47000000000014,48,False
84499,BLACK FLOWER CANDLE PLATE,266.21999999999997,39,14,2009-12-16 17:58:00,4,5.949999999999999,2,False
79303D,LILAC FLOWER BLOCK TABLE LAMP,266.55,19,5,2009-12-01 14:28:00,1,0.0,0,True
16236,KITTY PENCIL ERASERS,267.32000000000005,124,60,2009-12-02 14:36:00,16,309.5899999999997,126,False
21321,GLASS CHALICE BLUE  LARGE,267.6000000000001,18,10,2009-12-01 12:32:00,4,0.0,0,False
90209C,PINK ENAMEL+GLASS HAIR COMB,267.65999999999997,35,9,2009-12-01 10:49:00,1,474.2,31,True
46776D,WOVEN SUNSET CUSHION COVER,267.85,39,4,2009-12-04 15:30:00,0,308.0799999999998,32,True
22031,BOTANICAL LAVENDER BIRTHDAY CARD,268.3999999999999,62,40,2009-12-01 09:46:00,17,208.8100000000001,76,False
21038,SET/4 MODERN VINTAGE COTTON NAPKINS,268.73,29,20,2009-12-16 17:01:00,8,80.85000000000001,23,False
72753D,S/3 FLWR FAIRY SUMMER CANDLES,268.80000000000007,9,9,2009-12-06 15:41:00,4,0.0,0,False
84625B,BLCK NEW BAROQUE CANDLESTICK CANDLE,268.80000000000007,17,15,2009-12-04 12:37:00,3,0.0,0,False
85019B,BLOSSOM  IMAGES NOTEBOOK SET,269.5,11,11,2010-03-18 20:02:00,3,680.47,35,False
17011F,ORIGAMI SANDLEWOOD INCENSE+FLOWER,269.84000000000003,13,9,2009-12-16 12:39:00,5,66.36,7,False
37444B,BLUE BREAKFAST CUP AND SAUCER,269.87999999999994,25,13,2009-12-01 13:29:00,6,11.8,3,False
21144,PINK POODLE HANGING DECORATION,270.66999999999996,58,40,2009-12-02 14:36:00,14,12.24,2,False
90124B,BLUE MURANO TWIST NECKLACE,271.28999999999996,19,8,2009-12-08 15:49:00,1,119.89000000000003,11,True
22092,BLUE PAISLEY TISSUE BOX,271.51,49,37,2009-12-18 14:08:00,10,318.6699999999997,88,False
17012B,ORIGAMI JASMINE INCENSE/CANDLE SET,271.6,41,11,2009-12-08 15:49:00,3,595.8499999999999,85,False
35968,FOLK ART METAL HEART T-LIGHT HOLDER,271.74,56,37,2009-12-02 14:43:00,10,82.10000000000002,19,False
35096A,BLUE VICTORIAN FABRIC HEART BOX,272.45000000000005,50,18,2009-12-02 10:09:00,5,0.0,0,False
84924D,LA PALMIERA METAL SIGN CALENDAR,272.61,15,11,2009-12-04 13:22:00,5,0.0,0,False
21193,WHITE HONEYCOMB PAPER FAN,274.37,22,14,2009-12-02 14:43:00,7,0.0,0,False
84522,PINK PARTY SUNGLASSES,275.09999999999997,14,13,2009-12-07 13:35:00,4,36.75999999999999,12,False
35979,SIX STRING SCANDINAVIAN HEART DECS,275.63,27,19,2009-12-01 13:07:00,6,0.0,0,False
84313C,ORANGE TV TRAY TABLE,276.47999999999996,30,14,2010-01-11 09:34:00,5,1165.9100000000003,43,False
90058B,CRYSTAL STUD EARRINGS ASSORTED COL,276.52000000000004,14,13,2009-12-23 16:21:00,5,218.88000000000005,14,False
84976,RECTANGULAR SHAPED MIRROR,276.6099999999999,19,13,2009-12-09 09:51:00,6,416.66000000000014,33,False
17001,HEAVENS SCENT FRAGRANCE OILS ASSTD,276.73,22,19,2009-12-04 14:24:00,9,20.88,1,False
21455,PAINTED YELLOW WOODEN DAISY,277.07999999999987,50,30,2010-01-28 09:09:00,10,500.6400000000001,118,False
21208,PASTEL COLOUR HONEYCOMB FAN,277.4900000000001,37,19,2009-12-16 15:48:00,3,666.9599999999997,79,False
21412,VINTAGE GOLD TINSEL REEL,277.74,67,33,2009-12-01 13:41:00,12,-2.52,0,False
84218,BOX/12 CHICK & EGG IN BASKET,278.44999999999993,55,45,2010-01-31 15:40:00,15,223.11,41,False
21197,MULTICOLOUR  CONFETTI IN TUBE,278.85,18,16,2010-03-03 13:57:00,6,328.51000000000005,26,False
85089,CANDY SPOT BUNNY,279.19000000000005,24,10,2009-12-02 16:24:00,4,38.35000000000001,5,False
21879,HEARTS GIFT TAPE,279.37,58,33,2009-12-04 09:43:00,18,374.7400000000002,92,False
90035C,"PEARL & SHELL 42""NECKL. IVORY",279.5,4,4,2009-12-02 13:00:00,2,21.5,1,True
90013B,BLACK VINTAGE EARRINGS,279.5100000000002,48,5,2009-12-02 14:43:00,0,149.41000000000005,31,True
84823,DANISH ROSE FOLDING CHAIR,279.65,4,4,2010-04-26 14:12:00,0,890.3999999999999,25,True
84977,WIRE FLOWER T-LIGHT HOLDER,280.08,43,34,2009-12-01 12:22:00,8,1.25,1,False
21415,CLAM SHELL SMALL,280.14000000000004,36,21,2009-12-09 09:42:00,5,416.7900000000001,43,False
90160B,RED BOUDICCA LARGE BRACELET,281.19,17,13,2009-12-02 14:43:00,3,209.73000000000002,12,False
22038,BOTANICAL LAVENDER GIFT WRAP,281.5,26,26,2009-12-22 12:05:00,6,189.0,18,False
84952B,BLACK LOVE BIRD T-LIGHT HOLDER,283.35,15,6,2009-12-01 12:13:00,2,313.42999999999995,28,True
82093,HEART SHAPE BUTTON FRAME,283.4900000000001,28,7,2009-12-01 14:28:00,4,0.0,0,False
84770,ROUND GEORGIAN SILVER MIRROR,283.54999999999995,16,14,2010-02-28 13:55:00,5,0.0,0,False
21946,PARTY TIME DESIGN FLANNEL,283.61999999999995,42,18,2009-12-07 17:56:00,9,71.77,23,False
90014A,SILVER/MOP ORBIT NECKLACE,284.41999999999996,19,11,2009-12-07 18:02:00,1,196.79,19,True
35645,VINTAGE BEAD PINK JEWEL BOX,284.81000000000006,31,16,2009-12-09 14:48:00,3,17.0,3,False
47563A,RETRO LONGBOARD IRONING BOARD COVER,285.11,46,11,2009-12-02 15:41:00,1,481.83000000000044,96,True
20794,BLUE  TILE HOOK,285.28000000000003,21,14,2010-01-07 19:34:00,6,239.72,23,False
35964,FOLKART CLIP ON STARS,285.67999999999995,32,17,2009-12-04 09:43:00,5,355.97000000000025,86,False
20659,ECONOMY LUGGAGE TAG,286.66999999999996,76,42,2009-12-01 14:28:00,9,213.61,60,False
72225C,LAVENDER SCENT CAKE CANDLE,286.86,21,14,2009-12-17 19:33:00,4,165.6,17,False
16212,FUNKY GIRLZ ASST MAGNETIC MEMO PAD,287.01,37,29,2009-12-02 10:02:00,7,0.0,0,False
85211,S/4 GROOVY CAT MAGNETS,287.29000000000013,51,30,2009-12-01 14:14:00,3,173.58000000000004,26,False
90120B,BLUE MURANO TWIST BRACELET,287.32000000000005,27,12,2009-12-09 12:57:00,3,155.82000000000002,14,False
90145,SILVER HOOP EARRINGS WITH FLOWER,287.86,27,10,2009-12-01 11:37:00,3,155.53999999999994,16,False
20987,GEISHA GIRL CHOPSTICKS SET/5,288.3500000000001,22,11,2009-12-01 11:45:00,7,0.0,0,False
85026B,EAU DE NILE JEWELLED T-LIGHT HOLDER,288.78000000000003,18,11,2009-12-01 14:28:00,2,68.57,10,True
21382,SET/4 SPRING FLOWER DECORATION,289.13000000000005,24,19,2010-05-16 15:52:00,5,1368.2800000000002,128,False
90198B,VINTAGE ROSE BEAD BRACELET BLACK,289.50000000000006,32,14,2009-12-07 17:56:00,3,143.9,16,False
21388,IVORY HANGING DECORATION  CHICKEN,290.1699999999999,29,27,2009-12-02 15:04:00,8,0.0,0,False
72128,COLUMBIAN CANDLE ROUND,290.18999999999994,52,38,2009-12-07 12:42:00,10,148.7899999999999,35,False
84529A,PINK KNITTED KIDS RUCKSACK,290.78,19,9,2009-12-16 10:39:00,1,0.0,0,True
84766,SILVER ROCOCO CANDLE STICK,291.3500000000001,13,13,2010-01-14 14:10:00,2,303.45,14,True
84877B,GREEN ROUND COMPACT MIRROR,291.3700000000001,22,6,2009-12-01 14:28:00,2,210.56000000000003,21,True
72780,BLACK SILOUETTE CANDLE PLATE,291.5299999999999,24,20,2009-12-06 12:42:00,6,111.35000000000001,18,False
85147,JARDIN ETCHED GLASS CANDLEHLDR LONG,292.04999999999995,16,14,2009-12-01 13:29:00,2,0.0,0,True
37422,WHITE WITH BLACK CATS BOWL,292.0799999999998,73,14,2009-12-01 14:28:00,5,0.0,0,False
72801F,S/4 FESTIVE RED DINNER CANDLES,292.5,25,20,2009-12-01 12:14:00,8,0.0,0,False
90198A,VINTAGE ROSE BEAD BRACELET RASPBERR,293.7000000000001,40,15,2009-12-14 17:16:00,3,270.08000000000004,37,False
85230A,OPIUM SCENTED VOTIVE CANDLE,293.7600000000001,30,20,2009-12-13 11:34:00,3,196.32,17,False
47593A,CAROUSEL PONIES BABY BIB,294.8099999999999,86,27,2009-12-07 13:59:00,9,14.37,13,False
21128,GOLD FISHING GNOME,295.03000000000003,21,12,2009-12-17 10:20:00,5,530.9999999999999,35,False
21697,SET 5 MINI DOUGHNUT FRIDGE MAGNET,295.08000000000004,7,6,2009-12-07 10:41:00,6,0.0,0,False
84592,CROCHET ROSE PURSE WITH SUEDE BACK,295.15999999999997,25,19,2009-12-06 11:13:00,5,241.24,22,False
84951A,SET OF 4 PISTACHIO LOVEBIRD COASTER,295.75000000000006,42,12,2009-12-01 11:34:00,3,526.6699999999997,91,False
35981C,WHITE SNOW SCANDINAVIAN STOCKING,297.62,67,55,2009-12-02 12:43:00,14,0.0,0,False
84760S,SMALL HANGING GLASS+ZINC LANTERN,297.85999999999996,28,16,2009-12-09 09:42:00,5,62.349999999999994,9,False
20868,SILVER FABRIC MIRROR,298.71999999999997,25,14,2009-12-06 11:13:00,5,216.62,42,False
84801B,WHITE HYDRANGEA ART FLOWER,298.79999999999995,15,11,2009-12-17 17:46:00,1,46.2,3,True
84951B,SET OF 4 BLACK LOVEBIRD COASTERS,299.2099999999999,43,9,2009-12-01 14:56:00,2,530.9899999999998,79,True
85071D,CHARLIE+LOLA MY ROOM DOOR SIGN,299.3700000000001,28,22,2009-12-01 13:29:00,7,248.31999999999996,83,False
90160C,TURQ+RED BOUDICCA LARGE BRACELET,299.96,19,14,2009-12-22 14:31:00,4,369.9699999999999,25,False
85130C,BEADED CRYSTAL HEART BLUE  LARGE,300.66999999999996,22,17,2010-01-05 13:23:00,9,430.90000000000003,44,False
90184B,AMETHYST CHUNKY BEAD BRACELET W STR,300.68999999999994,26,13,2009-12-01 14:28:00,1,261.74,18,True
84030C,KNITTED RAINBOW HOT WATER BOTTLE,300.78,19,4,2009-12-01 14:28:00,1,0.0,0,True
22963,JAM JAR WITH GREEN LID,301.42,12,11,2010-07-23 12:29:00,6,2649.009999999998,300,False
22541,MINI JIGSAW LEAP FROG,301.96999999999997,31,19,2010-03-28 11:20:00,11,198.06000000000006,30,False
20666,ECONOMY HOLIDAY PURSE,302.92,29,18,2009-12-08 15:12:00,3,41.529999999999994,17,False
17013D,ORIGAMI ROSE INCENSE IN TUBE,303.01,18,9,2009-12-09 09:42:00,5,267.82,13,False
84219,BOX/12 MOTHER & CHICK IN BASKET/BOW,303.86,28,24,2010-01-31 11:01:00,7,0.0,0,False
20800,LARGE GLASS SUNDAE DISH CLEAR,303.96,5,2,2010-01-11 09:37:00,2,0.0,0,True
84671B,CROCHET BEAR WITH BLUE STRIPES,306.77,32,20,2009-12-01 12:13:00,10,0.0,0,False
77081,FLOWER WINDMILL,307.12999999999994,33,17,2009-12-01 14:28:00,9,0.0,0,False
84875B,GREEN SQUARE COMPACT MIRROR,307.5,20,2,2010-04-18 12:07:00,1,196.05,19,True
22486,PLASMATRONIC LAMP,307.95,15,14,2010-03-08 12:45:00,5,273.98,20,False
84933B,LARGE PINK PEONY FOLDING STOOL,309.15000000000003,6,5,2009-12-01 12:30:00,4,0.0,0,False
18096C,WHITE ROUND PORCELAIN TLIGHT HOLDER,309.24000000000007,26,12,2009-12-01 13:29:00,6,0.0,0,False
84802A,WHITE ANEMONE ARTIFICIAL FLOWER,309.2699999999999,23,20,2009-12-11 11:26:00,7,3.38,1,False
90143,SILVER BRACELET W PASTEL FLOWER,309.45,22,8,2009-12-14 18:03:00,2,229.28000000000003,18,True
90002D,FLOWER BURST SILVER RING CRYSTAL,309.53,25,12,2009-12-02 13:57:00,3,48.71,9,False
22043,CHRISTMAS CARD SCREEN PRINT,309.71000000000015,61,49,2009-12-06 13:07:00,17,289.02000000000015,61,False
84623,PINK GINGHAM ROSE FLOOR CUSHION,310.44000000000005,14,8,2009-12-02 12:06:00,5,0.0,0,False
84804B,BLUE DELPHINIUM ARTIFICIAL FLOWER,310.6500000000001,13,12,2010-01-05 13:58:00,4,150.45000000000002,4,False
62095B,TURQOISE ICE CREAM SUNHAT,310.8299999999999,21,18,2010-02-01 09:52:00,8,0.0,0,False
84508B,STRIPES DESIGN TEDDY,310.9600000000001,44,26,2009-12-04 16:52:00,10,127.49999999999996,30,False
21678,PAISLEY PATTERN  STICKERS,311.14,48,26,2009-12-02 14:43:00,9,108.59999999999997,31,False
22345,PARTY PIZZA DISH BLUE POLKADOT,311.5499999999999,57,36,2009-12-02 11:48:00,8,325.1900000000001,65,False
20654,FIRST CLASS LUGGAGE TAG,311.82,71,51,2009-12-01 14:28:00,14,187.42000000000002,47,False
21454,PAINTED PINK RABBIT,312.2399999999998,58,38,2010-01-11 09:37:00,9,478.42999999999995,137,False
84838,ANT WHITE HIGH RISE BIRD BOX,312.5,4,3,2009-12-18 11:32:00,2,0.0,0,True
22394,PAPERWEIGHT KINGS CHOICE,313.61000000000007,32,30,2010-04-06 11:21:00,9,205.63,20,False
84809B,PINK CHRYSANTHEMUMS ART FLOWER,313.8,7,6,2010-01-27 12:19:00,1,37.800000000000004,1,True
84933A,LARGE GREEN PEONY FOLDING STOOL,314.35,6,5,2009-12-01 12:30:00,5,0.0,0,False
79190B,RETRO PLASTIC POLKA TRAY,314.72000000000025,79,40,2009-12-02 11:52:00,12,262.74000000000007,54,False
20856,DENIM PATCH PURSE PINK BUTTERFLY,315.15,61,54,2009-12-06 12:26:00,9,340.7899999999998,61,False
84563A,PINK & WHITE BREAKFAST TRAY,315.30999999999995,27,17,2009-12-07 17:56:00,4,369.8399999999998,35,False
18094C,WHITE AND BLUE CERAMIC OIL BURNER,315.4799999999998,56,15,2009-12-02 14:43:00,5,283.93,42,False
21654,RIDGED GLASS FINGER BOWL,315.53,23,14,2009-12-03 19:13:00,4,504.6799999999999,60,False
21309,LOUVRE CHALKBOARD,315.65,5,5,2009-12-08 15:12:00,4,0.0,0,False
85167A,WHITE GRAND BAROQUE PHOTO FRAME,315.79999999999995,14,12,2009-12-03 17:46:00,4,0.0,0,False
20655,QUEEN OF SKIES LUGGAGE TAG,316.1899999999999,90,42,2009-12-01 12:13:00,14,291.03999999999996,98,False
85033S,SET/6 SILVER REINDEER T-LIGHTS,316.70000000000005,49,34,2009-12-01 12:13:00,8,0.0,0,False
17091B,JASMINE TEA INCENSE IN TIN,316.97999999999996,51,35,2009-12-06 14:10:00,6,0.0,0,False
84933C,LARGE BLUE ORIENTAL FOLDING STOOL,317.0,6,6,2009-12-04 10:00:00,3,0.0,0,False
71143,SILVER BOOK MARK WITH BEADS,317.23999999999995,62,9,2009-12-01 14:28:00,2,196.36000000000004,37,True
90175D,TIGRIS EYE CHUNKY CHARM BRACELET,317.77999999999986,21,9,2009-12-02 13:57:00,3,155.14000000000004,16,False
22640,SET OF 4 NAPKIN CHARMS 3 KEYS,318.55000000000007,30,28,2010-06-24 12:49:00,6,407.9100000000002,53,False
85019A,ROMANTIC IMAGES NOTEBOOK SET,320.69000000000005,16,13,2010-01-05 15:55:00,1,531.85,31,True
85027L,FRENCH CHATEAU LARGE PLATTER,321.4499999999999,22,19,2010-01-17 14:53:00,4,150.75000000000003,18,False
84596J,MIXED NUTS LIGHT GREEN BOWL,322.80999999999995,72,31,2009-12-09 09:42:00,11,296.44999999999993,68,False
37444A,YELLOW BREAKFAST CUP AND SAUCER,324.09,25,8,2009-12-01 13:29:00,3,66.35000000000001,18,False
20799,PINK MILKSHAKE GLASS,325.87000000000006,26,11,2009-12-01 14:28:00,3,0.0,0,False
84706A,ENGLISH ROSE TABLE CLOCK,325.88,7,6,2009-12-17 09:09:00,3,0.0,0,False
84902,PINK KNITTED COW STUFFED TOY,326.33000000000004,53,28,2009-12-01 14:28:00,5,0.0,0,False
20854,BLUE PATCH PURSE PINK HEART,326.6999999999998,66,54,2009-12-03 17:57:00,10,359.91999999999996,41,False
17084N,FAIRY DREAMS INCENSE,326.9500000000003,86,26,2009-12-02 16:02:00,7,305.9599999999999,96,False
72739B,WHITE CHOCOLATE SCENT CANDLE,328.39000000000004,28,10,2009-12-01 11:41:00,2,0.0,0,True
17021,NAMASTE SWAGAT INCENSE,328.5,29,24,2010-01-22 14:40:00,6,621.5399999999996,50,False
21014,SWISS CHALET TREE DECORATION,328.5499999999996,70,35,2009-12-01 13:31:00,10,598.8199999999999,123,False
35923,CANDY HEART HANGING DECORATION,329.4999999999999,50,23,2009-12-08 12:33:00,9,680.7699999999996,62,False
20662,FIRST CLASS HOLIDAY PURSE,329.91,29,19,2009-12-06 13:29:00,5,90.42000000000002,20,False
21793,CLASSIC FRENCH STYLE BASKET BROWN,330.75,28,25,2010-01-20 11:57:00,6,1289.150000000001,74,False
84801A,PINK HYDRANGEA ART FLOWER,330.84000000000003,10,9,2010-01-05 14:12:00,2,96.60000000000001,5,True
84800L,LARGE WHITE/PINK ROSE ART FLOWER,331.43000000000006,16,15,2010-01-19 13:09:00,8,598.8000000000001,22,False
16048,TEATIME ROUND PENCIL SHARPENER,331.7600000000001,38,21,2009-12-07 18:02:00,7,203.64,66,False
47583B,SET OF 3 WICKER BASKET TEA AND CAKE,332.6,6,6,2009-12-16 10:45:00,3,0.0,0,False
20688,BEAUTY SPEED EXPRESSO CUPS,332.9,11,9,2009-12-04 12:59:00,4,0.0,0,False
17109A,FLOWER FAIRY INCENSE LILY,333.60999999999996,13,12,2009-12-02 11:45:00,4,0.0,0,False
85109,PINK BOUDOIR T-LIGHT HOLDER,334.18999999999994,19,16,2009-12-11 11:17:00,3,10.2,1,False
84821,DANISH ROSE DELUXE COASTER,335.3499999999999,34,21,2009-12-22 09:41:00,10,397.26999999999987,38,False
84876D,BLUE HEART COMPACT MIRROR,335.52,19,14,2009-12-16 17:01:00,2,217.5,16,True
21418,STARFISH SOAP DISH,336.4400000000001,41,17,2009-12-06 10:51:00,4,173.95000000000005,22,False
84827,ASS DES PHONE SPONGE CRAFT STICKER,336.7,15,14,2009-12-08 13:56:00,0,146.70000000000005,14,True
21518,BANK ACCOUNT  GREETING  CARD,336.84000000000015,71,45,2009-12-02 12:39:00,20,132.44000000000003,38,False
35095A,BLUE VICTORIAN FABRIC OVAL BOX,336.98999999999984,66,35,2009-12-01 16:34:00,5,359.78999999999996,89,False
84249D,FAIRY CAKE GREETINGS CARD,337.2200000000001,64,48,2009-12-02 12:26:00,22,0.0,0,False
84497,BUTTONS AND STRIPES NOTEBOOK,338.38,30,22,2009-12-02 13:26:00,5,48.75,7,False
22703,PINK CAT BOWL,338.48,42,31,2010-06-23 14:49:00,14,489.2799999999997,103,False
16168M,FUNKY MONKEY GIFT BAG MEDIUM,339.26000000000016,60,25,2009-12-09 14:31:00,9,158.89000000000001,37,False
84925A,WAKE UP COCKEREL WALL THERMOMETER,339.29000000000025,17,14,2009-12-02 11:33:00,4,0.0,0,False
79303B,BLUE STAR BLOCK TABLE LAMP,339.57000000000005,10,4,2009-12-02 14:43:00,1,0.0,0,True
22096,PINK PAISLEY SQUARE TISSUE BOX,339.7699999999999,63,48,2009-12-02 11:53:00,8,494.38999999999976,117,False
75149N,STRING CRYSTALS NATURAL,340.0,25,18,2009-12-04 14:33:00,5,0.0,0,False
20781,GOLD EAR MUFF HEADPHONES,340.22,36,18,2009-12-04 09:43:00,5,197.37999999999997,22,False
84859A,SILVER DISCO HANDBAG,340.5399999999999,23,17,2009-12-11 11:10:00,9,264.73,35,False
35810B,ENAMEL BLUE RIM COFFEE CONTAINER,343.61999999999995,42,27,2009-12-02 13:57:00,10,163.29999999999995,26,False
21417,COCKLE SHELL DISH,343.69999999999993,50,20,2009-12-01 13:31:00,7,511.39,59,False
21270,ANTIQUE CREAM CUTLERY CUPBOARD,344.24,15,12,2009-12-08 14:56:00,6,517.4400000000002,35,False
84984D,ORIENTAL RED CUSHION COVER,344.46,17,11,2009-12-01 13:47:00,6,60.45,4,False
85020,ROUND PINK HEART MIRROR,344.6700000000001,36,25,2009-12-04 09:43:00,5,163.60999999999999,21,False
71101E,STANDING FAIRY POLE SUPPORT,345.0799999999999,25,20,2009-12-13 13:39:00,5,278.49999999999994,22,False
84569A,PACK 3 IRON ON DOG PATCHES,345.3299999999999,47,36,2009-12-02 14:43:00,9,350.92,63,False
21374,MIRRORED WALL ART SKULLS,345.88,25,21,2009-12-18 17:15:00,6,418.79,45,False
84923,PINK BUTTERFLY HANDBAG W BOBBLES,346.0199999999998,52,5,2010-02-04 14:19:00,2,626.1899999999998,91,True
21264,WHITE GOOSE FEATHER TREE 60CM,346.2,20,15,2009-12-08 17:44:00,3,526.7999999999997,41,False
85205B,PINK FELT EASTER RABBIT GARLAND,346.2300000000001,32,18,2010-01-11 09:37:00,3,323.1500000000001,30,False
51020A,SUMMER FUN DESIGN SHOWER CAP,346.98,32,26,2009-12-16 17:34:00,9,115.75000000000004,18,False
22344,PARTY PIZZA DISH PINK POLKADOT,347.51,57,33,2009-12-02 11:48:00,10,417.06000000000006,70,False
22044,CHRISTMAS CARD STACK OF PRESENTS,348.3800000000001,53,48,2009-12-01 17:08:00,16,196.44000000000003,36,False
84858C,PINK RIVIERA HANDBAG,349.38999999999993,24,18,2009-12-18 17:24:00,4,261.68,6,False
46126A,ELVIS WALLHANGING / CURTAIN,350.1499999999999,40,22,2009-12-03 20:03:00,7,69.84,8,False
85019C,CURIOUS  IMAGES NOTEBOOK SET,350.47,14,12,2009-12-04 13:23:00,3,219.72,11,False
84707A,SILVER JEWELLED MIRROR TRINKET TRAY,350.64999999999986,19,15,2009-12-07 15:42:00,4,632.83,40,False
21459,YELLOW EASTER EGG HUNT START POST,350.6699999999999,25,18,2010-01-28 10:08:00,7,134.78,19,False
16012,FOOD/DRINK SPONGE STICKERS,351.8100000000003,48,41,2009-12-02 12:26:00,16,250.9499999999999,34,False
20950,SET/6  ANGEL T-LIGHTS WHITE/GOLD,353.3899999999998,83,57,2009-12-02 14:43:00,13,0.0,0,False
84683,CLASSICAL ROSE CANDLESTAND,353.3999999999999,34,14,2009-12-02 14:43:00,4,162.20000000000002,12,False
85078,SCANDINAVIAN 3 HEARTS NAPKIN RING,354.5700000000001,38,19,2009-12-03 12:28:00,7,696.799999999999,124,False
22100,SKULLS SQUARE TISSUE BOX,354.67999999999995,68,39,2009-12-02 14:43:00,7,309.85,56,False
20865,PATCHWORK PENCIL CASE BUTTERFLY,355.02,33,24,2009-12-01 14:28:00,7,0.0,0,False
72487,ROSES WHITE ROUND CANDLE,355.05,14,13,2009-12-01 13:47:00,4,0.0,0,False
47469,ASSORTED SHAPES PHOTO CLIP SILVER,355.67,17,14,2010-01-19 13:09:00,2,221.71000000000004,15,True
79336,LIGHT PINK FLOCK GLASS CANDLEHOLDER,356.1,18,11,2009-12-02 12:32:00,4,13.680000000000003,3,False
90161B,ANT COPPER TURQ BOUDICCA BRACELET,356.28,39,12,2009-12-02 14:43:00,1,338.18999999999994,33,True
84680,CLASSICAL ROSE URN,356.4,17,14,2009-12-03 17:46:00,3,0.0,0,False
20857,BLUE ROSE PATCH PURSE PINK BUTTERFL,356.40000000000003,65,53,2009-12-06 12:26:00,11,28.04999999999999,8,False
85212,MINI PAINTED GARDEN DECORATION,356.4099999999999,42,24,2009-12-02 14:36:00,7,733.1900000000005,78,False
21336,GOLD WASHBAG,357.71999999999997,33,11,2009-12-04 09:43:00,5,54.57,10,False
22102,MIRROR MOSAIC T-LIGHT HOLDER,358.19999999999993,28,22,2009-12-01 12:22:00,7,551.0400000000001,31,False
21311,SET/4 BIRD MIRROR MAGNETS,358.34000000000015,43,24,2009-12-03 14:39:00,5,172.92,51,False
84402D,PINK DRESS JEWELLERY STAND,358.93,13,9,2009-12-01 11:51:00,4,0.0,0,False
84920,PINK FLOWER FABRIC PONY,359.15000000000003,40,24,2009-12-01 18:13:00,8,434.9799999999999,47,False
84809A,WHITE CHRYSANTHEMUMS ART FLOWER,359.34000000000003,13,13,2010-01-27 12:19:00,4,111.30000000000001,8,False
20906,VINTAGE NOTEBOOK BEAUTY GIRL,359.39000000000004,45,24,2009-12-02 13:00:00,7,8.850000000000001,2,False
21117,BLOND DOLL DOORSTOP,360.33,12,12,2009-12-10 14:44:00,4,141.75,14,False
85230E,STRAWBRY SCENTED VOTIVE CANDLE,360.9599999999998,42,30,2009-12-08 13:08:00,10,267.45000000000005,24,False
79030D,"TUMBLER, BAROQUE",361.41,14,11,2009-12-08 12:05:00,4,349.84000000000015,47,False
20618,QUEEN OF THE SKIES PASSPORT COVER,362.15000000000003,61,37,2009-12-01 14:28:00,12,284.2899999999998,75,False
21441,BLUE BIRDHOUSE DECORATION,363.43000000000023,71,37,2009-12-13 12:04:00,11,265.42999999999984,55,False
16169M,WRAP DAISY CARPET,363.75,34,33,2009-12-03 10:37:00,11,266.7,25,False
20851,ZINC HEART LATTICE TRAY OVAL,364.1199999999999,21,17,2009-12-08 15:00:00,4,53.550000000000004,7,False
84984A,GREEN PEONY CUSHION COVER,364.47,11,8,2010-01-08 16:29:00,4,88.35,6,False
17107D,"FLOWER FAIRY,5 SUMMER B'DRAW LINERS",364.6500000000001,40,31,2009-12-04 09:49:00,11,420.75000000000017,45,False
22447,PIN CUSHION BABUSHKA BLUE,365.43,37,28,2010-03-23 08:55:00,14,374.46000000000004,42,False
47504G,ENGLISH ROSE TAPE MEASURE,365.56,57,38,2009-12-01 14:40:00,10,0.0,0,False
35915A,CREAM KNITTED HEN,365.76,1,1,2009-12-18 10:59:00,1,0.0,0,True
90120A,PINK MURANO TWIST BRACELET,365.9500000000001,38,14,2009-12-07 17:56:00,3,29.730000000000004,3,False
71403,"PINK/WHITE ""KEEP CLEAN"" BULLET BIN",366.19000000000017,36,9,2009-12-04 09:43:00,1,283.96000000000004,33,True
84663A,GRASS HOPPER WOODEN WALL CLOCK,366.32000000000005,30,13,2009-12-07 14:58:00,6,365.01000000000016,34,False
47503G,ASS FLORAL PRINT TAPE MEASURE,367.3599999999999,35,21,2009-12-02 13:39:00,8,0.0,0,False
85131D,BEADED CRYSTAL HEART PINK ON STICK,367.45000000000005,61,20,2009-12-17 15:44:00,5,705.2800000000007,201,False
84707B,PINK JEWELLED MIRROR TRINKET TRAY,368.17000000000013,33,9,2009-12-08 15:00:00,0,181.29999999999998,15,True
84799,SPRIG LAVENDER ARTIFICIAL FLOWER,368.29999999999995,21,19,2010-01-21 14:01:00,6,125.32,10,False
90161D,ANT COPPER PINK BOUDICCA BRACELET,368.62999999999994,41,13,2009-12-06 11:58:00,3,259.37,28,False
84859B,BLUE DISCO HANDBAG,368.65,7,4,2010-02-03 13:52:00,2,60.68,10,True
21221,SET/4 BADGES CUTE CREATURES,369.4399999999999,53,33,2009-12-01 16:17:00,11,336.51000000000005,52,False
16202B,PASTEL BLUE PHOTO ALBUM,369.5800000000001,20,12,2009-12-02 14:55:00,6,14.5,2,False
21001,ROSE DU SUD WASHBAG,369.60999999999984,40,17,2009-12-16 12:17:00,6,344.05999999999983,49,False
90200B,BLACK SWEETHEART BRACELET,369.87000000000006,37,16,2009-12-01 10:49:00,3,342.03000000000003,43,False
79191C,RETRO PLASTIC ELEPHANT TRAY,369.87999999999977,92,56,2009-12-02 11:52:00,16,668.0300000000003,63,False
84929,ASSTD FRUIT+FLOWERS FRIDGE MAGNETS,369.9599999999999,28,28,2009-12-01 13:19:00,8,548.2699999999999,65,False
16162L,THE KING GIFT BAG,370.23,22,11,2009-12-09 12:45:00,5,13.000000000000004,8,False
22229,BUNNY WOODEN PAINTED WITH FLOWER,370.3399999999999,84,51,2009-12-04 16:12:00,12,429.5899999999998,101,False
84859C,PINK DISCO HANDBAG,372.1999999999999,17,13,2009-12-11 11:10:00,6,178.57,21,False
35953,FOLKART STAR CHRISTMAS DECORATIONS,373.55,24,19,2009-12-03 12:40:00,5,1415.4900000000018,116,False
46776E,WOVEN CANDY CUSHION COVER,373.6699999999998,39,5,2010-01-04 13:03:00,2,271.90999999999997,38,True
84798A,PINK FOXGLOVE ARTIIFCIAL FLOWER,373.8,6,6,2010-01-05 14:12:00,3,28.049999999999994,4,False
85033G,SET/6 GOLD REINDEER T-LIGHT CANDLES,374.09999999999997,32,16,2009-12-01 14:28:00,4,0.0,0,False
79071B,ENGLISH ROSE METAL WASTE BIN,374.69999999999993,55,43,2010-02-01 13:25:00,14,59.0,11,False
47593B,SCOTTIE DOGS BABY BIB,374.8600000000003,111,26,2009-12-02 13:32:00,9,858.8000000000001,239,False
90209B,GREEN ENAMEL+GLASS HAIR COMB,375.02000000000044,43,3,2009-12-09 09:42:00,1,355.63999999999993,55,True
22248,DECORATION  PINK CHICK MAGIC GARDEN,375.5600000000002,64,39,2009-12-02 14:43:00,11,506.46000000000026,110,False
85159B,"WHITE TEA,COFFEE,SUGAR JARS",375.65000000000003,30,8,2009-12-02 14:36:00,3,1061.6099999999997,59,False
47562,ENGLISH ROSE IRONING BOARD COVER,375.8,41,16,2009-12-03 16:12:00,9,0.0,0,False
20976,12 PENCILS SMALL TUBE POSY,376.3399999999998,76,51,2009-12-02 11:34:00,15,0.0,0,False
84533B,FAIRY CAKES ROUND NESTING BOXES,377.9299999999999,24,17,2009-12-01 16:34:00,5,0.0,0,False
22707,WRAP MONSTER FUN,378.0,34,31,2010-05-27 15:28:00,9,517.44,48,False
84292,ROSE PINK METAL FOLDING CHAIR,378.03000000000003,14,11,2009-12-03 14:39:00,5,0.0,0,False
85097B,BLUE ROCKING SINGING CANARY,378.57,40,25,2009-12-02 12:32:00,8,0.0,0,False
85186C,BUNNY EGG GARLAND,378.94000000000017,74,45,2009-12-01 14:28:00,12,260.7700000000001,79,False
90035B,"PEARL & SHELL 42""NECKL. PINK",380.89,4,4,2009-12-02 13:00:00,2,0.0,0,True
16207B,PINK HEART RED HANDBAG,381.5099999999999,28,9,2009-12-11 13:49:00,4,76.14,18,False
20845,ZINC HEART LATTICE 2 WALL PLANTER,381.62,13,9,2009-12-02 14:36:00,4,120.64999999999998,11,False
84584,PINK GINGHAM CAT WITH SCARF,382.24000000000024,45,31,2009-12-03 14:39:00,9,314.5100000000001,30,False
85170C,SET/6 EAU DE NIL BIRD T-LIGHTS,382.3999999999999,35,17,2009-12-02 11:34:00,8,600.2699999999999,70,False
90200E,GREEN SWEETHEART BRACELET,382.56000000000006,47,26,2009-12-01 10:49:00,6,368.56,38,False
84802B,PURPLE ANEMONE ARTIFICIAL FLOWER,383.03,16,15,2009-12-02 12:06:00,6,6.76,1,False
21265,PINK GOOSE FEATHER TREE 60CM,383.38,15,12,2009-12-06 13:45:00,3,232.11000000000004,16,False
22407,MONEY BOX FIRST ADE DESIGN,383.67999999999995,51,40,2010-03-26 13:46:00,11,89.92,22,False
84596L,BISCUITS SMALL BOWL LIGHT BLUE,384.5799999999999,83,36,2009-12-01 09:06:00,12,631.8400000000006,173,False
84081,WHITE CERAMIC PARTY SET (5PCS),385.04999999999995,20,14,2009-12-02 14:36:00,3,0.0,0,False
20823,GOLD WINE GOBLET,385.55000000000007,11,9,2009-12-01 10:18:00,2,129.56,8,True
85007,SET OF 3 VINTAGE TEA TIME BOXES,385.6699999999999,21,16,2009-12-02 16:59:00,5,0.0,0,False
20819,SILVER TEDDY BEAR,386.77,38,28,2009-12-02 16:18:00,6,244.72000000000003,27,False
20696,FLORAL SOFT CAR TOY,387.13,30,21,2009-12-02 16:24:00,7,230.81000000000006,30,False
20803,SMALL PINK GLASS SUNDAE DISH,388.1800000000001,44,26,2009-12-07 17:18:00,5,447.82000000000005,40,False
84597C,RETRO PINK BALL ASHTRAY,388.47999999999996,31,13,2009-12-02 12:06:00,5,57.5,13,False
16044,POP-ART FLUORESCENT PENS,389.22,3,2,2010-01-07 14:20:00,2,0.0,0,True
85130D,BEADED CRYSTAL HEART PINK LARGE,389.56000000000006,45,25,2009-12-02 14:36:00,10,562.9700000000003,60,False
22391,PAPERWEIGHT HOME SWEET HOME,389.6100000000001,37,32,2010-03-30 12:27:00,16,230.36999999999998,25,False
84051,ASS COLOUR GLOWING TIARAS,392.77000000000004,35,26,2009-12-06 15:32:00,5,194.81,22,False
71279,PINK GLASS CANDLEHOLDER,393.09,40,16,2009-12-01 13:31:00,4,543.6199999999999,39,False
72801C,4 ROSE PINK DINNER CANDLES,393.4399999999999,48,28,2009-12-11 15:40:00,9,263.0,41,False
84660C,PINK STITCHED WALL CLOCK,393.72,52,10,2009-12-02 12:06:00,1,828.24,61,True
82613C,"METAL SIGN,CUPCAKE SINGLE HOOK",394.2099999999997,99,27,2009-12-02 14:36:00,15,444.91999999999985,99,False
21943,CAKES AND RABBITS DESIGN FLANNEL,394.6700000000001,99,30,2009-12-07 18:02:00,10,131.22999999999996,48,False
84726,LILLIES CANVAS PICTURE,394.84999999999997,5,4,2010-03-03 11:53:00,3,0.0,0,False
90195B,BLACK GEMSTONE BRACELET,394.90999999999985,22,16,2009-12-01 10:59:00,4,29.979999999999997,4,False
21386,IVORY HANGING DECORATION  EGG,395.13999999999993,54,33,2010-01-11 14:39:00,8,271.19999999999993,53,False
21442,GREEN BIRDHOUSE DECORATION,397.0300000000002,77,38,2009-12-15 18:33:00,12,281.3399999999998,52,False
22701,PINK DOG BOWL,397.6799999999999,43,32,2010-06-22 16:28:00,11,770.11,97,False
20889,JARDIN DE FEMME SCENTED CANDLE,398.04000000000013,13,12,2009-12-02 12:09:00,9,0.0,0,False
72803B,OCEAN SCENT CANDLE JEWELLED DRAWER,399.38,36,28,2009-12-03 14:28:00,4,8.47,1,False
85194S,HANGING SPRING FLOWER EGG SMALL,400.29000000000025,59,38,2010-01-05 14:12:00,5,458.43000000000006,69,False
21026,SPACE OWL,400.97999999999985,56,29,2009-12-02 11:47:00,9,298.5299999999999,63,False
84984C,ORIENTAL BLUE CUSHION COVER,401.16,16,11,2009-12-09 13:25:00,5,0.0,0,False
22641,SET OF 4 NAPKIN CHARMS INSTRUMENT,401.1700000000001,32,28,2010-07-21 14:38:00,6,301.36000000000007,36,False
45016,DECORATIVE NET CANOPY LEOPARD,401.23,25,8,2009-12-14 18:37:00,0,0.0,0,True
84932B,SMALL PINK PEONY FOLDING STOOL,401.3,17,17,2009-12-04 10:00:00,7,0.0,0,False
85129C,BEADED CRYSTAL HEART BLUE SMALL,402.9199999999999,50,30,2009-12-02 15:04:00,9,104.85,14,False
22420,LIPSTICK PEN BABY PINK,403.03000000000026,108,59,2010-05-07 13:58:00,18,594.1800000000001,120,False
72801D,4 SKY BLUE DINNER CANDLES,403.2399999999999,60,26,2009-12-04 13:23:00,9,275.68999999999994,57,False
82076,BEECH WOOD PHOTO FRAME,403.6400000000001,19,5,2009-12-01 14:28:00,2,0.0,0,True
90200A,PURPLE SWEETHEART BRACELET,404.2500000000001,49,22,2009-12-01 10:49:00,5,235.64000000000004,41,False
84820,DANISH ROSE TRINKET TRAYS,404.4199999999999,23,16,2010-01-19 17:49:00,2,407.84999999999997,26,True
22252,BIRDCAGE DECORATION TEALIGHT HOLDER,405.24000000000007,46,41,2009-12-10 17:27:00,15,739.07,68,False
84708B,PINK JEWELLED PHOTO FRAME,406.43999999999977,34,24,2009-12-02 13:00:00,8,301.6,17,False
85186A,EASTER BUNNY GARLAND OF FLOWERS,407.19,80,43,2009-12-01 14:28:00,9,273.64,80,False
72132,COLUMBIAN CUBE CANDLE,407.55,16,14,2009-12-21 12:20:00,5,54.6,12,False
21252,SET OF MEADOW  FLOWER STICKERS,408.65999999999985,22,14,2009-12-01 09:24:00,5,0.0,0,False
84595B,LARGE TRIFLE DESIGN L BLUE BOWL,408.8999999999999,16,13,2009-12-15 15:21:00,7,0.0,0,False
85071C,"CHARLIE+LOLA""EXTREMELY BUSY"" SIGN",409.2300000000003,36,25,2009-12-06 16:17:00,7,420.30999999999983,99,False
16169F,WRAP BLIZZARD,409.5,34,34,2009-12-01 11:50:00,11,0.0,0,False
40046A,RED DAISY PAPER LAMPSHADE,409.5699999999998,56,21,2009-12-02 16:24:00,10,62.5,6,False
21341,KASBAH LANTERN WITH GLASS,410.6399999999999,29,15,2009-12-02 09:50:00,4,0.0,0,False
46776C,WOVEN FROST CUSHION COVER,412.3099999999998,37,8,2009-12-10 09:49:00,1,429.1999999999997,52,True
85112,S/3 TEAR DROP CUT GLASS DECORATION,412.7699999999999,34,20,2009-12-01 14:28:00,7,0.0,0,False
84007,MAGIC GARDEN MOUNT FUJI,413.1200000000002,39,30,2009-12-01 11:45:00,3,0.0,0,False
22053,EMPIRE DESIGN ROSETTE,413.21999999999997,59,38,2009-12-03 12:28:00,14,3605.1699999999996,28,False
35598B,BLACK CHRISTMAS TREE 60CM,414.01,32,21,2009-12-01 14:28:00,7,460.64,25,False
35095B,RED VICTORIAN FABRIC OVAL BOX,414.3899999999998,79,42,2009-12-01 16:34:00,7,340.18999999999994,90,False
84529C,YELLOW KNITTED KIDS RUCKSACK,414.74000000000007,37,9,2009-12-16 10:39:00,0,0.0,0,True
22264,FELT FARM ANIMAL WHITE BUNNY,415.23999999999995,72,46,2009-12-14 18:37:00,13,735.3500000000001,97,False
35240,ENAMEL BLUE RIM OVAL TRAY SET/2,416.01000000000016,39,35,2010-05-27 19:53:00,6,0.0,0,False
84819,DANISH ROSE ROUND SEWING BOX,416.47,33,30,2009-12-06 13:40:00,8,754.5600000000003,45,False
47579,TEA TIME BREAKFAST BASKET,416.6700000000001,54,36,2009-12-02 12:46:00,11,2.1,1,False
51020B,STRIPY DESIGN SHOWER CAP,417.26,45,33,2009-12-04 14:24:00,9,70.27999999999999,15,False
84532B,FAIRY CAKES RECTANGLUAR BOXES,417.5799999999998,31,21,2009-12-02 11:53:00,10,0.0,0,False
35922,EASTER BUNNY WREATH,417.5899999999999,26,11,2009-12-22 09:52:00,5,138.60000000000002,10,False
90195A,PURPLE GEMSTONE BRACELET,417.6099999999998,34,18,2009-12-02 14:36:00,4,105.14,9,False
16161M,WRAP  PINK FLOCK,418.0,38,36,2009-12-03 12:10:00,12,10.5,1,False
21062,PARTY INVITES SPACEMAN,418.4899999999998,62,57,2009-12-08 16:43:00,19,447.1799999999997,73,False
22510,GINGHAM BABUSHKA DOORSTOP,418.83000000000004,48,36,2010-03-12 11:19:00,11,380.62,31,False
21723,ALPHABET HEARTS STICKER SHEET,419.04999999999984,76,48,2009-12-02 14:43:00,16,347.59999999999997,57,False
22718,CARD CAT AND TREE,419.09000000000054,96,60,2010-06-01 13:49:00,27,702.1099999999999,167,False
20694,FLORAL PINK MONSTER,419.7899999999999,38,14,2009-12-01 14:28:00,4,187.54000000000002,17,False
84967C,GREEN KASHMIRI OCCASIONAL TABLE,419.84999999999997,4,3,2010-05-19 13:32:00,1,0.0,0,True
84875D,BLUE SQUARE COMPACT MIRROR,420.0,29,11,2009-12-03 13:25:00,4,63.75,8,False
85208,SET/12 FUNKY FELT FLOWER PEG IN BAG,420.03000000000003,39,35,2009-12-01 12:56:00,5,416.91,48,False
16015,MEDIUM CHINESE STYLE SCISSOR,421.4,41,28,2009-12-03 14:36:00,5,289.97999999999996,24,False
72801E,4 FESTIVE GREEN DINNER CANDLES,422.32,28,19,2009-12-01 11:57:00,9,0.0,0,False
21729,SMALL MARAKESH METAL  LANTERN,422.9,30,19,2009-12-02 12:09:00,8,0.0,0,False
84762A,WHITE PICNIC BARBECUE BUCKET,422.9800000000001,29,24,2009-12-04 09:43:00,8,0.0,0,False
82011C,BATHROOM SCALES FOOTPRINTS IN SAND,423.1300000000001,51,21,2009-12-07 18:02:00,7,172.05,20,False
21880,RED RETROSPOT TAPE,423.25000000000034,89,46,2009-12-02 12:32:00,20,840.6199999999989,237,False
35599B,BLACK CHRISTMAS TREE 120CM,423.6800000000002,24,9,2009-12-02 12:06:00,6,410.72999999999985,26,False
72789,BASKET/8 SCENTED LOVE TOKEN CANDLES,424.03,45,42,2009-12-10 14:19:00,8,0.0,0,False
21757,LIGHTHOUSE PRINTED METAL SIGN,424.5999999999999,39,12,2009-12-08 14:03:00,6,29.700000000000003,3,False
72131,COLUMBIAN CANDLE RECTANGLE,424.6799999999999,38,30,2009-12-10 17:09:00,10,236.39999999999992,18,False
85025B,EAU DE NILE HEART SHAPE PHOTO FRAME,425.3300000000002,57,38,2009-12-07 11:39:00,7,543.5899999999999,35,False
84625C,BLUE NEW BAROQUE CANDLESTICK CANDLE,425.78999999999996,36,15,2009-12-02 13:26:00,3,494.75999999999993,35,False
16011,ANIMAL STICKERS,426.9900000000001,66,52,2009-12-04 11:22:00,10,362.0400000000002,45,False
37464,ROBOT MUG IN DISPLAY BOX,427.42999999999984,80,43,2009-12-01 14:28:00,13,3.75,2,False
84966B,BLUE KASHMIRI BOXED MIRROR,428.0,4,3,2010-01-19 12:18:00,2,0.0,0,True
85146,JARDIN ETCHED GLASS SMALL BELL JAR,428.27,20,17,2010-03-26 15:32:00,4,171.11,10,False
22608,PENS ASSORTED FUNKY JEWELED,428.5700000000001,26,13,2010-02-26 09:47:00,6,1078.9299999999994,134,False
84826,ASSTD DESIGN 3D PAPER STICKERS,428.70000000000005,20,20,2009-12-06 13:07:00,6,320.9000000000001,31,False
17012A,ORIGAMI VANILLA INCENSE/CANDLE SET,430.23,30,9,2009-12-01 14:28:00,4,371.6799999999999,65,False
84510F,SET OF 4 NEW ENGLAND COASTERS,430.24999999999994,38,23,2009-12-02 12:44:00,8,0.0,0,False
22247,BUNNY DECORATION MAGIC GARDEN,430.60000000000036,69,37,2009-12-13 13:39:00,10,591.4400000000005,116,False
84858B,BLUE RIVIERA HANDBAG,431.0,9,8,2010-04-28 10:50:00,5,0.0,0,False
84247L,FAWN AND MUSHROOM GREETING CARD,431.1100000000005,91,59,2009-12-03 14:39:00,19,62.05999999999998,19,False
20840,FRENCH FLORAL CUSHION COVER,431.11999999999995,19,16,2009-12-18 12:33:00,6,579.9499999999999,69,False
90161C,ANT COPPER LIME BOUDICCA BRACELET,431.16999999999973,50,16,2009-12-02 14:43:00,3,378.02999999999986,46,False
22263,FELT EGG COSY LADYBIRD,431.40999999999997,54,23,2009-12-06 11:13:00,10,161.99999999999997,52,False
85030,FRENCH CHATEAU OVAL PLATTER,431.5499999999999,23,20,2009-12-15 13:48:00,7,29.249999999999996,6,False
20653,CHERRY BLOSSOM LUGGAGE TAG,433.5900000000001,48,21,2009-12-02 14:43:00,5,92.71999999999996,32,False
16259,PIECE OF CAMO STATIONERY SET,434.07,24,21,2009-12-07 13:24:00,3,317.9199999999999,31,False
47310M,"SMALL POP BOX,FUNKY MONKEY",434.4900000000002,51,19,2009-12-09 09:51:00,7,523.6599999999999,114,False
85180B,PINK HEARTS LIGHT CHAIN,434.96,19,11,2009-12-01 14:28:00,3,540.6999999999998,46,False
21635,MADRAS NOTEBOOK LARGE,435.28,26,22,2009-12-04 15:27:00,6,374.96000000000004,16,False
22647,CERAMIC LOVE HEART MONEY BANK,436.05,37,30,2010-05-14 15:41:00,14,396.3500000000001,38,False
20998,ROSE DU SUD OVEN GLOVE,437.06000000000006,58,27,2009-12-02 11:45:00,8,505.19999999999993,69,False
84569B,PACK 3 FIRE ENGINE/CAR PATCHES,437.53,57,47,2009-12-04 15:27:00,9,118.39999999999999,19,False
79030A,"TUMBLER, ENGLISH ROSE",438.2500000000001,33,18,2009-12-01 14:28:00,9,0.0,0,False
72817,SET OF 2 CHRISTMAS DECOUPAGE CANDLE,439.01000000000005,53,26,2009-12-02 11:53:00,6,1202.2700000000007,163,False
62096B,PURPLE/TURQ FLOWERS HANDBAG,439.4900000000004,81,41,2009-12-07 18:02:00,12,2.5,1,False
22266,EASTER DECORATION HANGING BUNNY,439.70999999999987,69,42,2009-12-17 08:55:00,9,581.4100000000001,93,False
84846A,SCENTED CANDLE IN DIGITALIS TIN,441.5100000000003,41,31,2009-12-04 09:49:00,9,126.03999999999999,13,False
84963B,BLUE PAINTED KASHMIRI CHAIR,441.65,5,5,2010-05-19 13:32:00,1,149.85000000000002,1,True
16243B,BROWN COZY SQUARE PHOTO ALBUM,441.77000000000015,8,1,2009-12-02 14:36:00,1,0.0,0,True
22105,MIRROR MOSAIC GOBLET CANDLE HOLDER,442.63000000000005,22,14,2009-12-07 11:46:00,6,607.43,31,False
21220,SET/4 BADGES DOGS,443.66999999999985,70,37,2009-12-02 14:36:00,10,419.1199999999999,82,False
84247G,"DECOUPAGE,GREETING CARD,",444.04000000000036,75,47,2009-12-03 15:56:00,17,158.63000000000002,32,False
85023B,EAU DE NILE JEWELLED PHOTOFRAME,444.4500000000001,25,23,2009-12-03 13:49:00,6,79.05000000000005,12,False
22124,SET OF 2 TEA TOWELS PING MICROWAVE,445.76999999999987,56,16,2009-12-07 13:59:00,8,235.29000000000005,64,False
22538,MINI JIGSAW GO TO THE FAIR,446.01000000000016,46,32,2010-03-28 13:38:00,13,155.3,39,False
21663,VINTAGE GLASS SUGAR CADDY,446.5100000000001,32,21,2009-12-02 11:55:00,8,0.0,0,False
85159A,"BLACK TEA,COFFEE,SUGAR JARS",446.5800000000002,35,3,2009-12-07 17:56:00,1,698.9999999999999,46,True
85086A,CANDY SPOT HEART DECORATION,446.65000000000055,102,36,2009-12-01 14:28:00,9,122.07999999999993,50,False
17164D,ASS COL SMALL SAND FROG P'WEIGHT,446.99999999999994,28,26,2009-12-01 12:13:00,2,0.0,0,True
20831,GOLD PHOTO FRAME,448.83000000000015,40,20,2009-12-01 16:34:00,9,428.61000000000007,35,False
85144,JARDIN ETCHED GLASS BUTTER DISH,449.65,29,24,2009-12-06 12:52:00,7,582.6999999999998,42,False
85136B,BLUE SHARK HELICOPTER,449.9199999999998,45,37,2009-12-03 14:39:00,6,15.9,2,False
84952C,MIRROR LOVE BIRD T-LIGHT HOLDER,450.00999999999993,30,12,2009-12-02 12:38:00,5,255.0,13,False
21147,JINGLE BELLS TREE DECORATION,450.5100000000001,42,23,2009-12-04 09:43:00,7,403.5299999999998,74,False
84601A,NEW BAROQUE IVORY CUSHION COVER,450.84,15,9,2009-12-01 13:47:00,5,0.0,0,False
82081,PINK HEARTS PHOTO ALBUM,451.34999999999997,23,11,2009-12-01 14:40:00,6,0.0,0,False
21503,TOYBOX  WRAP,451.5,41,38,2009-12-16 17:06:00,15,288.5,23,False
20621,ECONOMY PASSPORT COVER,451.67,33,23,2009-12-02 12:06:00,7,0.0,0,False
21209,MULTICOLOUR HONEYCOMB FAN,452.1000000000003,48,26,2009-12-16 14:12:00,5,861.9199999999995,85,False
84948,SILVER HANGING T-LIGHT HOLDER DOME,452.60999999999996,36,28,2009-12-01 11:50:00,9,0.0,0,False
84984B,RED PEONY CUSHION COVER,452.95000000000005,11,9,2010-01-08 16:29:00,5,79.05,5,False
85135C,RED DRAGONFLY HELICOPTER,453.59000000000003,44,16,2009-12-02 14:36:00,2,753.0300000000001,60,True
22042,CHRISTMAS CARD SINGING ANGEL,453.82000000000045,89,65,2009-12-01 13:29:00,27,143.13000000000005,35,False
84842,HELLO SAILOR BATHROOM SET,454.04999999999995,26,16,2009-12-07 17:56:00,4,52.5,9,False
21750,LARGE SKULL WINDMILL,454.24000000000007,38,31,2009-12-14 15:51:00,11,207.51,24,False
84247E,PACK/12 XMAS FUN CARD,454.30999999999983,48,46,2010-06-30 15:35:00,15,344.25999999999993,47,False
21090,SET/6 COLLAGE PAPER PLATES,454.8999999999999,61,38,2009-12-16 12:11:00,13,1246.050000000001,213,False
47367B,PAIR PADDED HANGERS PINK CHECK,454.93000000000023,52,26,2009-12-14 18:37:00,1,376.2700000000001,43,True
21318,GLASS CHALICE BLUE SMALL,455.28999999999985,44,33,2009-12-13 15:54:00,6,405.07,50,False
47594A,CAROUSEL DESIGN WASHBAG,455.36999999999966,56,41,2009-12-14 17:57:00,13,182.28999999999994,50,False
84507C,BLUE CIRCLES DESIGN MONKEY DOLL,456.3600000000002,42,21,2009-12-01 14:19:00,11,157.87999999999997,29,False
21222,SET/4 BADGES BEETLES,456.4599999999999,60,47,2009-12-07 13:59:00,11,332.1799999999999,68,False
84600,NEW BAROQUE JEWELLERY BOX,456.4799999999999,27,17,2009-12-02 12:39:00,7,391.23999999999995,22,False
35915B,BLUE KNITTED HEN,456.51,17,17,2009-12-18 10:59:00,3,257.21999999999997,50,False
47594B,SCOTTIES DESIGN WASHBAG,456.78999999999974,66,46,2009-12-03 14:39:00,14,306.7499999999997,56,False
22268,EASTER DECORATION SITTING BUNNY,457.9,78,51,2009-12-13 15:38:00,11,794.0800000000002,162,False
21379,CAMPHOR WOOD PORTOBELLO MUSHROOM,458.6299999999999,75,24,2009-12-01 12:13:00,4,230.09,44,False
84782C,GREEN 3 TIER GLASS PLATE STAND,459.80000000000007,18,18,2009-12-01 12:30:00,10,0.0,0,False
21536,DAIRY MAID  SMALL  MILK JUG,460.0400000000001,61,42,2009-12-03 12:40:00,14,0.0,0,False
62096A,PINK/YELLOW FLOWERS HANDBAG,460.29000000000025,81,41,2010-01-07 12:37:00,19,132.5,8,False
21198,WHITE HEART CONFETTI IN TUBE,460.5300000000001,47,29,2009-12-01 14:28:00,11,927.2599999999993,70,False
72818,CHRISTMAS DECOUPAGE CANDLE,461.1499999999999,51,38,2009-12-02 13:51:00,13,796.0599999999995,78,False
90184C,BLACK CHUNKY BEAD BRACELET W STRAP,461.3699999999997,32,15,2009-12-06 10:41:00,2,190.52,17,True
35004S,SET OF 3 SILVER FLYING DUCKS,461.8799999999999,25,12,2009-12-01 14:28:00,5,0.0,0,False
84972L,GIANT PINK HEART MEMO HOLDER,462.1499999999999,46,41,2009-12-09 13:22:00,14,0.0,0,False
85215,ASSORTED CHEESE FRIDGE MAGNETS,463.1800000000001,48,29,2009-12-10 20:16:00,10,180.71,18,False
20793,BLUE TILED TRAY,464.50000000000006,18,10,2009-12-02 15:38:00,4,20.25,4,False
84798B,PURPLE FOXGLOVE ARTIIFCIAL FLOWER,464.8500000000001,7,7,2010-01-07 12:34:00,5,17.849999999999998,3,False
90199C,5 STRAND GLASS NECKLACE CRYSTAL,464.99999999999994,21,18,2009-12-01 11:37:00,4,113.93999999999998,12,False
22116,METAL SIGN HIS DINNER IS SERVED,465.7599999999999,50,35,2009-12-01 14:40:00,17,594.07,141,False
72799B,PURPLE PILLAR CANDLE BLACK FLOCK,467.71000000000004,16,7,2009-12-01 13:47:00,4,0.0,0,False
22702,BLACK AND WHITE CAT BOWL,467.7200000000003,45,35,2010-06-23 16:31:00,18,2676.3899999999985,47,False
35471A,SET OF 3 BIRD L.BLUE FEATHER,468.05999999999983,83,41,2009-12-01 14:28:00,7,0.0,0,False
21650,ASSORTED TUTTI FRUTTI BRACELET,468.35000000000014,65,39,2009-12-01 12:13:00,10,625.6299999999997,129,False
17012C,ORIGAMI LAVENDER INCENSE/CANDL SET,468.59999999999997,28,12,2010-02-05 11:32:00,3,456.74999999999983,76,False
84706D,CHERRY BLOSSOM TABLE CLOCK,468.64000000000004,12,11,2009-12-18 17:15:00,4,29.599999999999998,4,False
90010B,BLACK/WHITE GLASS/SILVER BRACELET,468.97999999999985,27,13,2009-12-02 14:43:00,4,100.08999999999999,7,False
84306,S/3 PINK SQUARE PLANTERS ROSES,469.2599999999998,22,16,2009-12-03 14:39:00,10,88.21999999999998,9,False
84901,BLACK FACE LAMB WITH PANTS,471.12999999999994,74,44,2009-12-01 12:56:00,10,0.0,0,False
20903,VINTAGE KEEPSAKE BOX TRAVELOGUE,471.5600000000001,30,9,2009-12-01 14:28:00,5,441.88999999999976,56,False
82616B,FRAPPUCINO SCARF KNITTING KIT,471.8599999999997,53,25,2009-12-01 11:37:00,11,470.5199999999997,70,False
37492C,GREEN BLUE FLOWER PIGGY BANK,472.65,24,19,2009-12-01 11:45:00,5,0.0,0,False
22135,LADLE LOVE HEART PINK,473.6900000000007,138,39,2009-12-01 14:28:00,21,299.90000000000026,169,False
21261,GREEN GOOSE FEATHER CHRISTMAS TREE,474.03,32,15,2009-12-04 09:43:00,3,669.1400000000002,44,False
21883,STARS GIFT TAPE,474.06000000000046,93,60,2009-12-01 14:28:00,21,716.1299999999992,131,False
85111,SILVER GLITTER FLOWER VOTIVE HOLDER,474.79999999999995,20,11,2009-12-02 12:32:00,3,432.09,56,False
72750C,"F.FAIRY S/3 CANDLE/GLASS, ROSE",476.40000000000003,15,12,2009-12-01 13:50:00,4,0.0,0,False
35915C,PEACH KNITTED HEN,476.85999999999996,22,15,2009-12-03 14:39:00,4,316.46000000000004,60,False
84849A,HELLO SAILOR BLUE SOAP HOLDER,477.4,50,31,2009-12-08 14:56:00,10,317.3,53,False
22717,CARD DOG AND BALL,477.60000000000053,84,62,2010-06-02 11:11:00,26,533.2900000000004,128,False
16049,TEATIME GEL PENS ASST,478.4000000000001,27,18,2009-12-04 15:26:00,8,82.08000000000001,5,False
85091,CANDY SPOT BREAD BASKETS,479.10999999999996,20,14,2009-12-14 17:16:00,3,0.0,0,False
16244A,MAXWELL 2 TONE PINK 60 PAGE PHOTO A,479.4100000000001,28,6,2009-12-02 14:36:00,3,0.0,0,False
84974,S/2 ZINC HEART DESIGN PLANTERS,481.5499999999998,29,27,2010-01-06 13:56:00,5,388.04999999999984,28,False
20763,DAISY SKETCHBOOK,482.82000000000005,47,31,2009-12-07 11:19:00,12,201.29000000000002,26,False
85104,SILVER GLASS T-LIGHT SET,483.98999999999984,39,29,2009-12-01 13:29:00,9,499.40000000000003,15,False
85163B,BLACK BAROQUE WALL CLOCK,484.9800000000001,30,18,2009-12-22 09:52:00,9,745.9700000000004,35,False
22615,PACK OF 12 CIRCUS PARADE TISSUES,485.7300000000002,86,61,2010-05-06 11:50:00,25,638.6400000000002,96,False
22255,FELT TOADSTOOL  SMALL,486.23,65,42,2009-12-01 11:50:00,10,582.2299999999998,75,False
22258,FELT FARM ANIMAL RABBIT,487.15999999999985,54,34,2009-12-04 11:07:00,13,735.1400000000001,77,False
22715,CARD WEDDING DAY,488.29000000000065,88,62,2010-06-01 15:01:00,34,645.6400000000004,130,False
20932,PINK POT PLANT CANDLE,488.93,46,33,2009-12-10 09:49:00,14,538.1200000000001,30,False
22123,PING MICROWAVE APRON,488.96,44,19,2009-12-02 12:06:00,8,960.6499999999996,105,False
35972,DAISY FOLKART HEART DECORATION,491.37999999999977,71,30,2009-12-04 09:43:00,7,120.0,17,False
16239,BALLERINA HEART DECORATION.,492.17,21,13,2009-12-02 14:43:00,3,0.0,0,False
84865,NEW BAROQUE BLACK PHOTO ALBUM,493.21,34,20,2009-12-22 09:41:00,4,146.21000000000004,14,False
21200,MULTICOLOUR HONEYCOMB PAPER GARLAND,493.4200000000001,51,35,2009-12-01 14:55:00,7,1511.3999999999999,74,False
85142,JARDIN ETCHED GLASS GINGER JAR,494.6299999999998,34,26,2009-12-06 10:51:00,6,0.0,0,False
21641,ASSORTED TUTTI FRUTTI KEYRING BALL,494.71999999999997,62,25,2009-12-02 14:36:00,5,451.5899999999999,49,False
85170D,SET/6 PINK BIRD T-LIGHT CANDLES,495.17,51,22,2009-12-01 12:13:00,14,751.8199999999998,95,False
20733,GOLD MINI TAPE MEASURE,495.8400000000001,89,42,2009-12-03 15:34:00,13,718.7600000000017,196,False
20864,DENIM PATCH PENCIL CASE BUTTERFLY,496.04000000000013,29,20,2009-12-06 12:26:00,5,0.0,0,False
21847,GREEN  DIAMANTE PEN IN GIFT BOX,496.4799999999999,38,15,2009-12-08 12:34:00,6,178.88999999999987,33,False
84596G,SMALL CHOCOLATES PINK BOWL,496.7000000000001,104,47,2009-12-01 14:19:00,14,939.3300000000016,240,False
35600D,PINK AND WHITE CHRISTMAS TREE 180CM,497.69999999999993,13,11,2009-12-01 14:28:00,6,0.0,0,False
85213,MINI  ZINC GARDEN DECORATIONS,498.44999999999993,47,25,2009-12-13 13:39:00,7,329.69999999999993,33,False
37475,SET/4 COLOURFUL MIXING BOWLS,498.57999999999976,29,20,2009-12-14 11:48:00,8,652.03,42,False
84805B,BLUE CLIMBING HYDRANGA ART FLOWER,498.9000000000001,6,5,2010-01-07 12:34:00,3,7.5,1,False
85163A,WHITE BAROQUE WALL CLOCK,499.17,25,21,2009-12-02 15:04:00,8,559.0000000000001,32,False
84632,DECORATIVE HANGING SHELVING UNIT,499.55,6,4,2010-03-11 12:17:00,2,299.75,5,True
35954,SMALL FOLKART STAR CHRISTMAS DEC,500.01000000000033,57,31,2009-12-01 12:22:00,9,350.4800000000002,55,False
20936,FORKED CACTUS CANDLE,500.92999999999995,42,26,2009-12-06 14:00:00,4,303.8800000000001,31,False
16169P,WRAP GREEN RUSSIAN FOLKART,502.25,46,44,2009-12-04 10:00:00,24,21.0,2,False
37352,BIRD IN TREE MUG,504.55,8,6,2009-12-17 11:43:00,3,0.0,0,False
20753,RETRO PINK SPOT WASHING UP GLOVES,504.80000000000024,56,30,2009-12-01 10:52:00,15,0.0,0,False
21375,LARGE CAMPHOR WOOD FIELD MUSHROOM,504.82999999999976,34,17,2009-12-01 12:13:00,4,309.0199999999999,26,False
84993A,75 GREEN PETIT FOUR CASES,505.06999999999965,133,68,2009-12-03 18:13:00,24,172.0000000000001,68,False
21719,LOVELY BONBON STICKER SHEET,505.6999999999999,83,49,2009-12-01 14:28:00,19,300.9199999999999,56,False
22403,MAGNETS PACK OF 4 VINTAGE LABELS,506.60999999999996,87,72,2010-03-29 10:10:00,27,664.5299999999999,122,False
84615,PINK ROUND BUTTERFLY MIRROR,506.79999999999995,21,13,2009-12-08 12:38:00,3,0.0,0,False
21734,SMALL MARAKESH LANTERN ON STICK,506.98999999999995,29,14,2009-12-02 10:00:00,2,0.0,0,True
21377,SMALL CAMPHOR WOOD FIELD  MUSHROOM,507.6800000000002,57,22,2009-12-01 12:13:00,6,203.0300000000001,37,False
22547,MINI JIGSAW DINOSAUR,508.5900000000002,88,49,2010-03-26 14:45:00,20,294.28000000000003,92,False
82613B,"METAL SIGN,CUPCAKE SINGLE HOOK",509.1799999999996,119,42,2009-12-01 14:28:00,14,498.06999999999965,113,False
20804,GLASS CHICKEN BUTTER DISH,509.71000000000015,61,21,2009-12-01 12:32:00,8,0.0,0,False
21378,SMALL TALL CAMPHOR WOOD TOADSTOOL,511.08000000000004,54,31,2009-12-07 17:56:00,9,189.74000000000004,27,False
21320,GLASS CHALICE GREEN  LARGE,511.32000000000016,37,21,2009-12-01 12:32:00,5,349.5200000000002,20,False
90120D,WHITE MURANO TWIST BRACELET,512.34,35,14,2009-12-07 18:02:00,2,41.790000000000006,5,True
21319,GLASS CHALICE GREEN  SMALL,512.5299999999999,46,34,2009-12-07 13:35:00,7,174.12999999999997,19,False
84919,BLUE CUSHION COVER WITH FLOWER,514.6599999999999,14,11,2009-12-09 13:25:00,2,381.7800000000001,29,True
37423,WHITE WITH BLACK CATS PLATE,515.5000000000001,67,16,2009-12-02 14:36:00,6,33.18,3,False
84657,GREEN ROSE CUSHION COVER,517.48,20,14,2009-12-18 12:33:00,10,0.0,0,False
84609,TALL ROCOCO CANDLE HOLDER,518.6500000000001,18,9,2009-12-16 11:57:00,3,719.59,19,False
72598,SET/12 TAPER CANDLES,521.1700000000002,65,42,2009-12-01 14:28:00,14,559.6299999999997,88,False
84675,FROG KING WATERING CAN,521.5599999999998,60,37,2009-12-03 14:39:00,12,26.55,2,False
85090,CANDY SPOT APRON,522.0799999999999,53,26,2009-12-01 14:35:00,9,0.0,0,False
85226C,BLUE PULL BACK RACING CAR,522.3100000000004,83,54,2009-12-01 11:49:00,14,0.0,0,False
82616C,MIDNIGHT GLAMOUR SCARF KNITTING KIT,522.6599999999996,57,21,2009-12-02 12:06:00,6,470.38999999999976,75,False
84360,TABLE LAMP WHITE SHADE WOOD BASE,522.77,20,9,2009-12-01 13:47:00,4,422.2199999999999,19,False
84989B,75 BLACK FAIRY CAKE CASES,522.95,63,34,2009-12-03 13:03:00,10,0.0,0,False
21129,SILVER FISHING GNOME,522.9699999999999,33,13,2009-12-02 14:36:00,5,405.61999999999995,27,False
72728,ROSE SCENT CANDLES IN GLASS,523.1499999999994,54,44,2009-12-10 18:27:00,16,0.0,0,False
21160,KEEP OUT GIRLS DOOR HANGER,523.8699999999999,57,44,2009-12-01 14:28:00,15,3.36,1,False
21873,IF YOU CAN'T STAND THE HEAT MUG,525.7100000000003,83,49,2009-12-02 14:34:00,19,1711.0699999999986,109,False
79066K,RETRO MOD TRAY,525.8500000000001,100,47,2009-12-07 17:56:00,13,694.5800000000003,149,False
85188A,GREEN METAL SWINGING BUNNY,526.4,63,45,2009-12-09 09:42:00,15,275.61999999999995,42,False
90203,SILVER CHARM NECKLACE 70CM,526.77,34,18,2009-12-02 13:57:00,1,0.0,0,True
18007,ESSENTIAL BALM 3.5g TIN IN ENVELOPE,527.6100000000002,42,28,2009-12-02 13:26:00,8,395.60999999999996,31,False
20830,SILVER PHOTO FRAME,529.5600000000002,45,21,2009-12-01 16:34:00,5,407.73,37,False
72267,PREMIUM CHURCH CANDLE,530.16,45,38,2009-12-01 12:22:00,7,0.0,0,False
21724,PANDA AND BUNNIES STICKER SHEET,530.8100000000001,97,50,2009-12-01 13:29:00,14,351.71999999999986,78,False
37444C,PINK BREAKFAST CUP AND SAUCER,531.6100000000001,45,9,2009-12-01 13:29:00,3,42.27000000000001,9,False
20699,MOUSEY LONG LEGS SOFT TOY,531.9300000000001,47,31,2009-12-04 09:43:00,8,263.48,40,False
22233,JIGSAW RABBIT AND BIRDHOUSE,535.32,59,47,2009-12-09 13:49:00,13,545.48,102,False
84712B,PINK JEWELLED PHOTO FRAME,535.5999999999999,40,20,2009-12-02 14:43:00,6,231.56,20,False
21017,RED BIRD HOUSE TREE DECORATION,535.8899999999996,87,32,2009-12-01 12:52:00,10,0.0,0,False
84414B,FUSCHIA/GREEN STRIPE WOOLLY BLANKET,536.24,9,7,2009-12-10 15:45:00,2,0.0,0,True
85119,WATERING CAN SINGLE HOOK PISTACHIO,537.0799999999998,38,36,2009-12-15 17:05:00,16,3.36,1,False
22097,SWALLOW SQUARE TISSUE BOX,538.1099999999999,97,66,2009-12-02 13:26:00,16,641.9099999999992,148,False
20943,SET/6 GINGERBREAD STAR T-LIGHTS,538.96,71,46,2009-12-01 12:57:00,13,0.0,0,False
20935,ROUND CACTUS CANDLE,539.0799999999999,42,31,2009-12-08 15:25:00,7,17.700000000000003,4,False
20997,ROSE DU SUD CUSHION COVER,539.13,49,21,2009-12-08 16:09:00,6,236.95999999999998,30,False
22033,BOTANICAL ROSE GREETING CARD,539.9800000000004,106,65,2009-12-03 12:10:00,23,141.95000000000002,22,False
20893,HANGING BAUBLE T-LIGHT HOLDER SMALL,540.7199999999999,50,29,2009-12-03 15:15:00,8,409.52000000000004,25,False
85136A,YELLOW SHARK HELICOPTER,540.92,53,30,2009-12-01 14:28:00,9,524.7099999999998,49,False
84596K,JELLY BABIES YELLOW SMALL BOWL,542.1600000000001,93,48,2009-12-01 14:19:00,16,0.0,0,False
35969,FOLKART CROWN TABLE DECORATIONS,542.4700000000004,76,36,2009-12-02 14:43:00,8,0.0,0,False
21202,DOLLY HONEYCOMB GARLAND,543.4700000000001,41,34,2009-12-14 11:30:00,12,485.46,25,False
20832,RED FLOCK LOVE HEART PHOTO FRAME,544.0300000000002,76,43,2009-12-01 14:28:00,17,519.9800000000001,82,False
21339,MARAKESH LANTERN LARGE,544.5,12,12,2009-12-08 11:07:00,3,0.0,0,False
84773,RED ROSE AND LACE C/COVER,545.75,47,34,2009-12-01 13:47:00,11,8.850000000000001,1,False
84625A,PINK NEW BAROQUECANDLESTICK CANDLE,546.02,39,21,2009-12-03 20:03:00,3,561.7799999999999,41,False
84925D,LA PALMIERA WALL THERMOMETER,546.1999999999999,16,16,2009-12-07 12:42:00,7,38.25000000000001,10,False
85032A,ROMANTIC IMAGES GIFT WRAP SET,547.0200000000001,26,22,2009-12-02 13:00:00,6,762.8299999999992,130,False
20888,SET 3 JARDIN DE FEMME SCENT CANDLES,547.74,19,10,2009-12-01 14:28:00,5,0.0,0,False
22673,FRENCH GARDEN SIGN BLUE METAL,548.41,64,55,2010-08-17 11:21:00,29,972.3300000000003,126,False
22108,PING! MICROWAVE PLATE,548.6500000000002,65,18,2009-12-01 14:28:00,11,327.1200000000001,52,False
22686,FRENCH BLUE METAL DOOR SIGN No,549.0099999999998,63,39,2010-08-17 11:21:00,16,1146.460000000001,154,False
35653,VINTAGE BEAD NOTEBOOK,549.34,61,33,2009-12-02 14:43:00,4,433.18999999999994,52,False
21457,2 PICTURE BOOK EGGS EASTER DUCKS,550.1099999999999,40,32,2009-12-04 16:12:00,14,165.89000000000001,25,False
85028S,FRENCH CHATEAU SMALL FRUITBOWL,550.3199999999999,25,21,2009-12-01 13:29:00,11,51.599999999999994,8,False
20897,VINTAGE NOTEBOOK PARIS DAYS,550.43,51,22,2009-12-01 11:21:00,5,262.86999999999995,24,False
22511,RETROSPOT BABUSHKA DOORSTOP,551.46,57,48,2010-03-12 11:19:00,15,454.41,40,False
85180A,RED HEARTS LIGHT CHAIN,551.9099999999999,36,28,2009-12-03 10:26:00,8,1005.63,63,False
85092,CANDY SPOT TEA COSY,552.5200000000002,22,12,2010-01-11 09:37:00,4,40.05,2,False
22700,BLACK AND WHITE DOG BOWL,553.22,46,41,2010-07-01 12:57:00,20,2570.8799999999997,52,False
21456,2 PICTURE BOOK EGGS EASTER CHICKS,553.8299999999999,40,27,2009-12-04 16:12:00,11,205.97,24,False
85129A,"WHITE PEARL BEADED HEART, SMALL",554.16,75,51,2009-12-01 11:34:00,8,0.0,0,False
22709,WRAP WEDDING DAY,560.58,38,35,2010-06-02 11:11:00,20,518.0,38,False
72232,FENG SHUI PILLAR CANDLE,560.6899999999999,53,37,2009-12-06 12:34:00,8,602.8699999999997,65,False
37345,ASSTD HEARTS DESIGN MUGS,561.05,9,5,2009-12-03 12:31:00,3,0.0,0,False
85036C,ROSE 1 WICK MORRIS BOXED CANDLE,562.16,44,38,2009-12-01 13:29:00,11,834.61,87,False
22481,BLACK TEA TOWEL CLASSIC DESIGN,562.51,91,73,2010-03-07 14:31:00,19,688.9500000000002,116,False
47583A,SET OF 3 WICKER BASKET ROSE,562.9200000000001,6,5,2010-01-11 13:51:00,1,0.0,0,True
85096,HILDA CANDY SPOT RABBIT,563.94,50,33,2009-12-04 12:37:00,8,105.48000000000002,16,False
17109D,FLOWER FAIRY INCENSE BOUQUET,564.2699999999999,33,30,2009-12-04 09:49:00,8,32.35,5,False
22643,SET OF 4 NAPKIN CHARMS LEAVES,564.4100000000002,48,45,2010-07-18 12:49:00,6,395.5699999999999,40,False
82605,OLD DOC RUSSEL METAL SIGN,565.6700000000005,122,64,2009-12-02 14:43:00,18,29.400000000000006,3,False
20695,FLORAL BLUE MONSTER,566.3300000000002,57,20,2009-12-01 09:08:00,8,21.25,4,False
16169C,WRAP BLUE REINDEER,567.0,43,42,2009-12-01 12:52:00,11,0.0,0,False
22062,CERAMIC BOWL WITH LOVE HEART DESIGN,567.3399999999997,53,29,2009-12-01 14:19:00,11,672.8800000000003,78,False
20705,MRS ROBOT SOFT TOY,567.3400000000001,25,20,2009-12-07 13:35:00,6,381.55,25,False
84569C,PACK 4 FLOWER/BUTTERFLY PATCHES,567.4299999999998,88,44,2009-12-02 14:43:00,15,1.25,1,False
15034,PAPER POCKET TRAVELING FAN,568.4700000000004,117,62,2009-12-01 14:28:00,19,730.0700000000003,136,False
84595E,LARGE TORTILLA DESIGN RED BOWL,568.89,21,15,2009-12-03 17:29:00,5,151.39,22,False
22093,MOTORING TISSUE BOX,569.5799999999999,115,81,2009-12-01 13:31:00,24,784.8999999999986,155,False
85135A,YELLOW DRAGONFLY HELICOPTER,571.7399999999999,55,35,2009-12-02 11:51:00,10,151.05,8,False
85188B,PINK METAL SWINGING BUNNY,571.7799999999999,64,42,2010-01-11 12:29:00,13,68.69999999999999,10,False
85017C,ENVELOPE 50 CURIOUS IMAGES,572.5400000000002,109,37,2009-12-01 14:28:00,11,26.17,11,False
85169A,IVORY LOVE BIRD CANDLE,572.8,63,40,2009-12-08 15:12:00,11,786.9300000000002,86,False
21632,VINTAGE PINK DECORATIVE PARASOL,573.73,29,25,2009-12-02 13:34:00,5,489.7400000000001,24,False
84932D,SMALL ORIENTAL RED FOLDING STOOL,574.7100000000003,21,16,2009-12-04 10:00:00,7,0.0,0,False
16169K,WRAP FOLK ART,574.75,52,50,2009-12-04 10:00:00,24,84.0,8,False
20619,TROPICAL PASSPORT COVER,574.7700000000003,95,35,2009-12-01 11:51:00,13,423.1299999999999,96,False
21553,CERAMIC BIRDHOUSE FINCH BLUE  LARGE,575.32,39,24,2009-12-01 13:31:00,9,0.0,0,False
82613A,"METAL SIGN,CUPCAKE SINGLE HOOK",577.6099999999998,100,55,2009-12-02 14:43:00,23,94.83999999999999,19,False
21419,CONCH SHELL,577.6899999999999,19,12,2009-12-01 14:55:00,5,0.0,0,False
84682,CLASSICAL ROSE DISH,579.2400000000001,49,31,2009-12-08 12:38:00,9,0.0,0,False
21016,LIGHT BIRD HOUSE TREE DECORATION,581.1699999999998,82,58,2009-12-01 12:14:00,20,0.0,0,False
21344,MOROCCAN BEATEN METAL DISH,581.83,20,16,2009-12-01 13:07:00,4,100.38999999999999,4,False
16225,RATTLE SNAKE EGGS,582.3100000000001,63,37,2009-12-01 11:45:00,8,621.22,86,False
21530,DAIRY MAID TOASTRACK,583.14,58,37,2009-12-01 13:29:00,13,713.2200000000004,101,False
21416,CLAM SHELL LARGE,584.3100000000001,18,12,2009-12-13 15:17:00,4,18.75,4,False
21061,PARTY INVITES FOOTBALL,584.66,80,66,2009-12-08 16:43:00,22,439.79999999999984,81,False
21850,BLUE  DIAMANTE PEN IN GIFT BOX,584.8499999999998,52,18,2009-12-10 09:49:00,8,308.6499999999999,51,False
84934,ASSTD DESIGN POP ART SLIM PEN,585.65,13,12,2009-12-01 14:40:00,4,0.0,0,False
22681,FRENCH BLUE METAL DOOR SIGN 6,586.3699999999999,63,47,2010-08-17 11:21:00,19,939.0600000000002,125,False
21223,SET/4 BADGES WOODLAND ANIMAL,587.0799999999999,43,33,2009-12-01 12:36:00,13,0.0,0,False
21893,POTTING SHED SEED TIN,587.8,20,13,2009-12-01 13:31:00,7,0.0,0,False
21816,CHRISTMAS TREE T-LIGHT HOLDER,588.0399999999997,43,29,2009-12-01 12:57:00,8,47.849999999999994,8,False
21173,LOO ROLL  METAL SIGN,588.1599999999999,77,44,2009-12-01 14:28:00,22,0.0,0,False
20898,VINTAGE NOTEBOOK TRAVELOGUE,588.1900000000002,40,32,2009-12-04 09:43:00,9,88.03,14,False
85028L,FRENCH CHATEAU LARGE FRUIT BOWL,588.6099999999998,23,18,2009-12-01 13:29:00,9,19.5,4,False
21256,"FRENCH BOTTLE, BRASSERIE DES ARTIST",588.6399999999999,65,31,2009-12-01 14:28:00,12,0.0,0,False
20782,CAMOUFLAGE EAR MUFF HEADPHONES,588.9700000000003,60,28,2009-12-01 11:45:00,7,317.48,21,False
21562,HAWAIIAN GRASS SKIRT,589.9200000000001,45,32,2010-01-07 16:46:00,17,380.36,28,False
21322,GLASS SPHERE CANDLE STAND LARGE,590.4499999999999,14,12,2009-12-09 13:11:00,5,0.0,0,False
20689,RETRO SISTERS EXPRESSO CUPS,590.7,41,25,2009-12-07 15:42:00,8,0.0,0,False
20769,DAISY JOURNAL,591.2500000000002,45,31,2009-12-07 11:19:00,11,199.71000000000006,32,False
21293,MIRRORED DOVE WALL DECORATION,591.4200000000002,61,17,2009-12-03 14:39:00,6,272.59,24,False
84963A,PINK PAINTED KASHMIRI CHAIR,591.55,8,7,2010-02-02 16:07:00,1,171.8,1,True
21304,ARCHED GREY MIRROR,591.5799999999999,18,16,2009-12-02 10:00:00,7,0.0,0,False
85113,POLKA DOT PISTACHIO PAIL,591.66,48,36,2009-12-02 11:34:00,11,0.0,0,False
37482P,CUBIC MUG PINK POLKADOT,591.6600000000002,38,22,2009-12-01 14:56:00,7,349.3499999999999,48,False
85185D,FROG SOCK PUPPET,591.8599999999998,58,34,2009-12-01 14:28:00,9,44.25,8,False
21619,4 VANILLA BOTANICAL CANDLES,592.62,48,43,2009-12-01 12:33:00,9,1365.4099999999999,148,False
21458,2 PICTURE BOOK EGGS EASTER BUNNY,592.6999999999998,52,35,2009-12-04 16:12:00,13,256.54,36,False
20849,ZINC HEART LATTICE DOUBLE PLANTER,593.03,24,15,2009-12-07 17:56:00,7,0.0,0,False
21060,PARTY INVITES BALLOON GIRL,593.26,80,63,2009-12-08 13:58:00,21,339.23999999999984,68,False
90147,CHUNKY SILVER NECKLACE PASTEL FLOWE,593.54,35,16,2009-12-02 13:57:00,4,304.10999999999996,23,False
90082D,DIAMANTE BOW BROOCH BLACK COLOUR,593.6200000000002,46,25,2009-12-01 10:49:00,8,58.03,5,False
85117,NIGHTINGALE COATHOOK WHITE,594.3200000000003,61,29,2009-12-05 15:47:00,11,0.0,0,False
21440,12 MINI TOADSTOOL PEGS,595.06,95,72,2009-12-01 12:13:00,18,0.0,0,False
85160B,BLACK BIRD GARDEN DESIGN MUG,595.96,21,13,2009-12-14 18:03:00,2,61.459999999999994,17,True
22446,PIN CUSHION BABUSHKA PINK,596.6500000000004,53,40,2010-03-18 14:09:00,17,922.16,120,False
22408,MONEY BOX CONFECTIONERY DESIGN,596.8199999999999,66,52,2010-03-26 13:46:00,20,148.4,26,False
20802,SMALL GLASS SUNDAE DISH CLEAR,597.4899999999999,53,30,2009-12-16 17:58:00,8,969.3499999999997,63,False
20863,BLUE PATCH PENCIL CASE PINK HEART,599.4300000000002,50,35,2009-12-01 14:28:00,14,0.0,0,False
84932A,SMALL GREEN PEONY FOLDING STOOL,602.6000000000001,24,22,2009-12-04 10:00:00,7,0.0,0,False
37351,ORANGE FLOWER MUG,603.4499999999999,9,6,2009-12-22 15:06:00,2,9.06,2,True
22389,PAPERWEIGHT SAVE THE PLANET,603.9700000000001,47,41,2010-03-30 12:27:00,20,394.5500000000001,35,False
85127,SMALL SQUARE CUT GLASS CANDLESTICK,604.1299999999997,30,16,2009-12-01 14:50:00,1,1086.6200000000001,50,True
84932C,SMALL ORIENTAL BLUE FOLDING STOOL,606.9000000000003,34,31,2009-12-04 10:00:00,10,0.0,0,False
85145,JARDIN ETCHED GLASS LARGE BELL JAR,607.05,17,15,2009-12-17 15:39:00,2,163.75000000000003,13,True
21199,PINK  HEART CONFETTI IN TUBE,607.37,71,42,2009-12-07 15:02:00,13,848.3699999999999,78,False
21775,DECORATIVE FLORE BATHROOM BOTTLE,608.1799999999995,138,33,2009-12-02 14:43:00,12,703.27,135,False
21307,SET/4 BUTTERFLY MIRROR MAGNETS,608.7700000000004,59,33,2009-12-01 14:47:00,10,39.2,13,False
20615,BLUE POLKADOT PASSPORT COVER,610.8200000000006,100,36,2009-12-01 14:43:00,11,462.10999999999973,93,False
16235,RECYCLED PENCIL WITH RABBIT ERASER,610.8300000000002,142,70,2009-12-01 11:58:00,23,678.3899999999999,159,False
79315W,FLYING SAUCER TABLE LIGHT IN WHITE,611.51,13,6,2009-12-03 14:39:00,1,0.0,0,True
85093,CANDY SPOT EGG WARMER HARE,612.2799999999999,64,37,2009-12-07 18:02:00,9,475.18,89,False
21822,GLITTER CHRISTMAS TREE WITH BELLS,612.6999999999997,45,31,2009-12-01 13:07:00,9,601.6900000000003,87,False
35471D,SET OF 3 BIRD LIGHT PINK FEATHER,612.7499999999997,125,53,2009-12-01 14:28:00,10,924.7899999999994,220,False
79163,BLACK CHAMPAGNE GLASS,614.2799999999999,29,22,2009-12-02 13:06:00,6,621.3900000000002,35,False
22267,EASTER DECORATION EGG BUNNY,614.55,34,29,2009-12-07 11:46:00,11,654.06,83,False
62094B,TURQ ICE CREAM BUM BAG,614.78,59,19,2010-01-19 09:05:00,6,63.209999999999994,8,False
22685,FRENCH BLUE METAL DOOR SIGN 0,615.04,61,48,2010-08-17 11:21:00,20,753.9400000000003,97,False
85214,TUB 24 PINK FLOWER PEGS,615.1899999999996,111,70,2009-12-06 11:13:00,18,271.0400000000001,58,False
16169N,WRAP BLUE RUSSIAN FOLKART,615.75,55,52,2009-12-01 09:28:00,22,10.5,1,False
72772,SET/4 SCENTED CANDLES IN RAMEKINS,615.84,9,8,2009-12-13 13:24:00,4,0.0,0,False
22684,FRENCH BLUE METAL DOOR SIGN 9,616.3699999999999,64,52,2010-08-17 11:21:00,19,695.4599999999998,98,False
21764,VINTAGE WOODEN PLATE RACK,619.2,11,11,2009-12-08 15:12:00,4,0.0,0,False
16156N,"WRAP, FRIENDSHIP ON GREEN",619.5,56,51,2009-12-01 11:51:00,17,0.0,0,False
22134,LADLE LOVE HEART RED,619.5400000000005,136,57,2009-12-01 12:32:00,24,299.49000000000024,154,False
20701,PINK CAT FLORAL CUSHION COVER,620.52,32,9,2009-12-02 14:36:00,4,100.96999999999998,18,False
20657,TROPICAL LUGGAGE TAG,620.5600000000004,85,37,2009-12-01 11:51:00,12,105.90999999999997,33,False
85218,S/5 MINI ICE CREAM FRIDGE MAGNETS,620.85,2,2,2010-01-14 14:53:00,2,0.0,0,True
22393,PAPERWEIGHT VINTAGE COLLAGE,621.6899999999996,49,37,2010-03-26 13:46:00,10,617.0299999999999,57,False
22249,DECORATION WHITE CHICK MAGIC GARDEN,621.8000000000002,98,60,2009-12-13 13:39:00,13,807.8300000000007,147,False
22289,"DECORATION , HANGING METAL CHICKEN",623.9599999999999,42,26,2009-12-01 14:28:00,3,193.52,35,False
82616A,BUBBLE GUM SCARF KNITTING KIT,624.2099999999999,52,42,2009-12-02 12:26:00,14,0.0,0,False
22104,MIRROR MOSAIC CANDLE PLATE,624.37,40,25,2009-12-08 12:12:00,9,325.77999999999986,56,False
21004,ROSE DU SUD CHILDRENS APRON,625.0700000000002,70,40,2009-12-01 11:51:00,8,0.0,0,False
22682,FRENCH BLUE METAL DOOR SIGN 7,625.1099999999999,69,52,2010-08-17 11:21:00,21,843.6,110,False
75013B,"STRING OF 8 BUTTERFLIES,PINK",625.6699999999998,70,46,2009-12-01 12:14:00,10,41.25,7,False
84824,DANISH ROSE UMBRELLA STAND,628.6000000000003,30,21,2009-12-14 15:06:00,6,31.9,2,False
20661,BLUE POLKADOT PURSE,628.61,90,34,2009-12-01 14:45:00,13,135.35999999999996,32,False
84520D,PACK OF 20 FAIRY CAKE PAPER NAPKINS,629.2699999999999,94,53,2009-12-02 12:06:00,18,0.0,0,False
22230,JIGSAW TREE WITH WATERING CAN,629.3600000000002,92,53,2009-12-02 14:43:00,12,460.0,100,False
84964A,PINK PAINTED KASHMIRI TABLE,630.0,2,2,2010-02-22 14:54:00,2,0.0,0,True
22164,STRING OF STARS CARD HOLDER,630.0500000000001,34,29,2009-12-03 17:12:00,7,250.22,15,False
22683,FRENCH BLUE METAL DOOR SIGN 8,630.17,71,51,2010-08-17 11:21:00,20,844.5900000000003,119,False
46776A,WOVEN BUBBLE GUM CUSHION COVER,631.2799999999999,51,13,2009-12-04 09:43:00,4,589.9999999999997,67,False
85071B,RED CHARLIE+LOLA PERSONAL DOORSIGN,631.86,40,35,2009-12-01 10:49:00,7,662.3399999999997,121,False
22054,MINI CAKE STAND HANGING HEARTS,631.9099999999999,74,45,2009-12-01 14:28:00,16,0.0,0,False
90200D,PINK SWEETHEART BRACELET,634.1900000000004,72,26,2009-12-01 10:49:00,6,636.6699999999996,71,False
17164B,ASS COL SMALL SAND GECKO P'WEIGHT,634.3799999999999,72,57,2009-12-01 16:17:00,10,11.34,9,False
21253,SET OF PICTURE FRAME  STICKERS,634.7500000000002,60,29,2009-12-02 12:06:00,7,578.05,59,False
22529,MAGIC DRAWING SLATE GO TO THE FAIR,635.0000000000002,85,70,2010-03-28 13:31:00,15,326.35,65,False
85230F,JASMINE VOTIVE CANDLE,635.3599999999999,50,40,2009-12-02 10:09:00,12,90.33999999999997,12,False
47592A,CAROUSEL CHILDRENS OVERALL,637.3700000000005,101,31,2009-12-02 13:32:00,11,0.0,0,False
22339,CHRISTMAS TREE PAINTED ZINC,637.8000000000002,62,45,2009-12-02 09:35:00,14,666.3799999999995,88,False
21665,TRIANGULAR RIDGED GLASS POSY HOLDER,638.7999999999998,75,35,2009-12-02 14:36:00,7,0.0,0,False
84341B,SMALL PINK MAGIC CHRISTMAS TREE,639.8000000000004,81,52,2009-12-01 14:14:00,6,282.38,41,False
16047,POP ART PEN CASE & PENS,639.98,31,21,2009-12-01 12:13:00,5,0.0,0,False
37474,SET/4 2 TONE EGG SHAPE MIXING BOWLS,641.1000000000001,43,33,2009-12-02 11:53:00,6,9.95,1,False
21350,GINGHAM HEART WREATH,641.8500000000003,42,39,2009-12-02 14:21:00,9,0.0,0,False
21758,VINTAGE SHELLS PRINT,642.3,47,24,2009-12-10 20:16:00,11,414.9999999999999,31,False
17181,CIRCLE OF FRIENDS CANDLE HOLDER,642.66,65,26,2009-12-01 14:49:00,10,0.0,0,False
47597,NEW ENGLAND TEATOWELS,644.8800000000005,124,34,2009-12-10 12:21:00,10,0.0,0,False
85141,JARDIN ETCHED GLASS FRUITBOWL,645.0,32,25,2009-12-15 14:10:00,7,579.3899999999999,39,False
84313B,BLUE TV TRAY TABLE,645.4300000000001,44,20,2009-12-01 14:28:00,8,518.6100000000001,39,False
90200C,BLUE SWEETHEART BRACELET,646.2000000000002,72,27,2009-12-01 10:49:00,6,211.43,27,False
35004P,SET OF 3 PINK FLYING DUCKS,646.24,43,16,2009-12-01 12:32:00,5,5.45,1,False
21134,VICTORIAN METAL POSTCARD CHRISTMAS,646.4399999999996,46,40,2009-12-01 14:28:00,7,0.0,0,False
90175A,WHITE GLASS CHUNKY CHARM BRACELET,647.22,37,14,2009-12-01 10:59:00,6,199.88,21,False
17165D,ASS COL LARGE SAND FROG P'WEIGHT,647.67,82,58,2009-12-01 12:56:00,13,28.35,7,False
21676,FLOWERS  STICKERS,648.3600000000001,98,58,2009-12-02 13:20:00,17,242.09999999999985,59,False
20714,POSY SHOPPER BAG,649.8200000000003,28,10,2009-12-01 14:28:00,4,0.0,0,False
22228,BUNNY WOODEN PAINTED WITH BIRD,650.77,128,75,2009-12-03 10:20:00,16,764.7699999999998,143,False
22250,DECORATION  BUTTERFLY  MAGIC GARDEN,652.0100000000006,110,47,2009-12-13 13:39:00,11,724.2900000000004,147,False
72799C,PINK PILLAR CANDLE SILVER FLOCK,653.6299999999999,29,18,2009-12-01 13:41:00,6,64.90000000000002,11,False
21664,RIDGED GLASS STORAGE JAR CREAM LID,654.6,49,31,2009-12-03 17:12:00,12,350.22,19,False
22056,CERAMIC PLATE LOVE HEART DESIGN,655.3800000000001,34,23,2009-12-08 12:38:00,9,0.0,0,False
21298,EDWARDIAN 2 DRAWER WALL CABINET,656.0999999999999,14,14,2009-12-14 15:38:00,8,0.0,0,False
84986B,SET OF 36 SILVER PAPER DOILIES,656.9399999999997,80,58,2009-12-01 14:40:00,17,0.0,0,False
21376,LARGE  TALL CAMPHOR WOOD TOADSTOOL,657.0999999999999,29,23,2009-12-06 11:58:00,6,190.31000000000003,16,False
84816,DANISH ROSE BEDSIDE CABINET,658.1000000000001,10,8,2009-12-21 17:14:00,1,279.65000000000003,10,True
20866,BLUE ROSE FABRIC MIRROR,659.21,101,45,2009-12-01 12:47:00,14,557.8599999999999,82,False
17109C,FLOWER FAIRY INCENSE ROSE,659.5400000000001,15,13,2009-12-02 11:45:00,8,0.0,0,False
17096,ASSORTED LAQUERED INCENSE HOLDERS,661.1100000000001,52,17,2009-12-02 14:36:00,4,455.9800000000001,24,False
22680,FRENCH BLUE METAL DOOR SIGN 5,662.6599999999999,77,56,2010-08-17 11:21:00,22,1089.0700000000002,151,False
22034,ROBIN CHRISTMAS CARD,663.4300000000003,90,70,2009-12-01 13:29:00,27,-0.020000000000000018,4,False
85084,HOLLY TOP CHRISTMAS STOCKING,664.4,77,49,2009-12-08 13:43:00,16,17.0,7,False
20669,RED HEART LUGGAGE TAG,664.55,118,74,2009-12-02 12:39:00,19,430.1199999999999,97,False
21247,SET OF RED SALAD SERVERS,664.7300000000005,81,44,2009-12-01 13:41:00,21,0.0,0,False
72819,CUPID DESIGN SCENTED CANDLES,664.9399999999997,49,31,2009-12-04 09:43:00,8,429.07000000000016,35,False
72800C,4 PINK DINNER CANDLE SILVER FLOCK,665.12,43,30,2009-12-07 15:26:00,9,221.00999999999996,30,False
72816,SET/3 CHRISTMAS DECOUPAGE CANDLES,666.1999999999999,67,42,2009-12-01 12:57:00,6,975.3199999999997,69,False
21817,GLITTER CHRISTMAS TREE,666.2800000000001,72,62,2009-12-01 11:45:00,16,410.91,61,False
85006,SET 4 NURSERY DES ROUND BOXES,667.6600000000003,28,23,2009-12-01 14:40:00,6,57.25,9,False
22036,DINOSAUR BIRTHDAY CARD,667.81,135,77,2009-12-01 11:51:00,33,0.0,0,False
